epoch,loss
1,1.5956587493419647
2,1.5552828013896942
3,1.5242717564105988
4,1.482877030968666
5,1.4305666983127594
6,1.3701991140842438
7,1.3049851059913635
8,1.2388933897018433
9,1.1766576021909714
10,1.121980369091034
11,1.07492396235466
12,1.0354080125689507
13,1.0027048587799072
14,0.9755018204450607
15,0.952716164290905
16,0.9336890876293182
17,0.9173312112689018
18,0.9033554345369339
19,0.8913928344845772
20,0.8816217482089996
