epoch,loss
1,1.5912905037403107
2,1.5422890037298203
3,1.4957120418548584
4,1.4366518706083298
5,1.3677849620580673
6,1.2935885787010193
7,1.2176655232906342
8,1.1466642320156097
9,1.0843815058469772
10,1.0314791053533554
11,0.9875075444579124
12,0.9513763040304184
13,0.9217525944113731
14,0.8974799439311028
15,0.877322368323803
16,0.8604499027132988
17,0.8461070358753204
18,0.8338583260774612
19,0.8234002962708473
20,0.8142359331250191
