fog_A_load,fog_B_load,fog_C_load,fog_D_load,fog_A_queue,fog_B_queue,fog_C_queue,fog_D_queue,exec_cost_norm,speed_norm,t_exit_norm,action,nsga_latency_ms,nsga_energy_j
0.6256758267057798,0.4413831418636288,0.6722288559512604,0.5835524159826502,0.3019273914424916,0.9184418955155542,0.7812940354315159,0.1105884109961105,0.4,0.4403370724769139,0.16125406285192412,1,359.5793431354778,1.72
0.25179754133820725,0.7365922934002158,0.6186268360946942,0.6323353679023247,0.9970346578375731,0.8792000243077452,0.28390843786403896,0.8368965796609382,0.75,0.6806465417252748,0.9400190108075147,0,75.07564386056825,0.32499999999999996
0.27046249797155025,0.44771226584256196,0.4039389133279197,0.709720743866731,0.10641953187138287,0.9991047304742386,0.6656847361065369,0.650125015558797,0.75,0.3550789318888296,0.8879888286055799,0,62.99872245665512,0.32499999999999996
0.5541258160443656,0.6525188872989565,0.4438778093550322,0.3249812969816273,0.09044072698413275,0.8970333988966253,0.028999503204469423,0.24082805804114704,0.4,0.23554207050429096,0.7773587133276922,3,43.241229540020306,0.22
0.5050216328587092,0.23509949085729645,0.6551971445959202,0.5474154195171357,0.143021875166635,0.7767679406922186,0.19820422721289788,0.9106382271308853,0.1,0.2674506219513132,0.517661521287729,0,22.246779689670035,0.13
0.6169482570469557,0.3949892824714276,0.7338839134171968,0.6912166167272088,0.6562690393274901,0.036162710494696215,0.0054298341287004614,0.051657917014398924,0.9,0.5042459002169584,0.4906079155118719,1,84.92128833109793,0.37
0.6281109233905691,0.30705128931858217,0.4566965520498688,0.22409207118297583,0.6059251776477277,0.8014818108594153,0.23855282062738847,0.849408842923073,0.25,0.5044722237055963,0.529745666182498,2,36.585692772562965,0.175
0.2848592206371513,0.5756769242833502,0.6096191857492994,0.7321303528388157,0.057231940153260386,0.8009638536416762,0.9277954301722804,0.7721083991043806,0.6,0.4858727547410585,0.5365680135770893,0,52.80826139093914,0.28
0.3792039469759836,0.4037528383191779,0.4582556962016944,0.30420924749635714,0.6981207839786372,0.8379802186553831,0.04015129954706642,0.20178211071905539,0.25,0.65264779539435,0.43456308469769034,3,30.991902877881817,0.175
0.2714568279345094,0.4616377094242636,0.3248001419779863,0.5683976970753808,0.12492367930564308,0.5045309901929865,0.7451881283288445,0.6300118445763987,0.1,0.16589430672554809,0.13175483289206746,0,318.7368664588064,1.63
0.4404335553797819,0.6579730078318107,0.5851458061012371,0.3718016527601226,0.851131099761935,0.15521299244109088,0.7346210919351616,0.1930414908689041,0.75,0.5501815092004966,0.12566385286853599,3,372.5901442680405,1.825
0.6577428907673606,0.6426203966232411,0.413113108466596,0.3585804571616343,0.27075875131780025,0.7099046972813039,0.9802047848986818,0.6115436059770696,0.25,0.6961320510967239,0.9522497158456833,2,46.00189473294402,0.175
0.5753725271862365,0.2768638659851204,0.3099495113613096,0.20404924836305305,0.054500314991295595,0.6163089699275328,0.042350551580167095,0.8841457113668172,0.6,0.35937400031235905,0.48203075958635055,2,54.11033798733772,0.28
0.6328084076261762,0.5656679711256177,0.5878409582444843,0.6294009670620824,0.7095782851006207,0.17312784642250323,0.09172100582419807,0.18353322888031898,0.6,0.4530392446197039,0.953205524905189,1,81.6684988959746,0.28
0.452403676546087,0.5128076577740917,0.27688834897021164,0.2629915404447854,0.9800271795541925,0.4585606424584898,0.784080948341408,0.6364083421077769,0.1,0.40631954069539505,0.16357687771010998,3,326.3303077758939,1.63
0.5676216289847594,0.45910291337872294,0.5108798585646539,0.6207493715788142,0.5724131499586373,0.1451302546650497,0.9460244535580951,0.30134263251471793,0.25,0.3886059155512525,0.5544165520399336,1,35.286710387683414,0.175
0.549095076000325,0.5044686703618977,0.5075639384099775,0.3671725539344367,0.5780172158075422,0.6997759445890661,0.6492331552453089,0.9405944096955184,0.75,0.45974436753915693,0.20771725335153923,3,83.3667758244753,0.32499999999999996
0.21694980901236668,0.44019456407779933,0.31802157005074105,0.42469075404854995,0.148438989920058,0.5083527384469421,0.40403439074076597,0.4741687294826181,0.5,0.6793577667556874,0.25318460612660154,0,44.15301854070559,0.25
0.6693716902974913,0.32866671722593743,0.2320665079289863,0.3547611406120981,0.11921752619774462,0.13409460987276534,0.27807554578125737,0.3047046037608313,0.1,0.7306877608643533,0.030054578761178785,4,95.0,0.5800000000000001
0.361476566771676,0.5640540830997923,0.5063676837877031,0.6311440150085275,0.42790321368135,0.6109875470366283,0.634629117418263,0.41181089658557024,0.9,0.4585325354829605,0.11895331074021132,4,215.0,1.2200000000000002
0.5653724471800632,0.4235127737920388,0.6477112115663191,0.2918351059492372,0.4087831094286971,0.21762852669696198,0.5883062484090082,0.3170409113172379,0.25,0.7391621949744397,0.9168484076291957,3,32.406869902609856,0.175
0.21249164022362327,0.24952632342660297,0.5972976428280476,0.45403247663826307,0.0360598342773637,0.4184000441568604,0.4741326750901703,0.22559286820421098,0.1,0.5050556729437203,0.3215329914823317,0,16.8900364635169,0.13
0.288699478468481,0.47557462630685,0.2837716564922427,0.5829762062927548,0.5724579331221157,0.5657719004319209,0.7020021811103714,0.64794848220121,0.9,0.7202069543947001,0.6081292119145916,2,83.3591575452133,0.37
0.4453859515657169,0.4095616743530654,0.36583164903133214,0.5466554262153887,0.6524330565210316,0.3162141518240431,0.7874322219859539,0.5491443835996794,0.1,0.4889172561845328,0.465014131989273,1,23.211497249413526,0.13
0.3989969358043648,0.24820745562385557,0.26490324616628347,0.7290437155022331,0.4314181951798901,0.6260124809410571,0.3606573344502543,0.5127392446067582,0.5,0.5170123463847576,0.4004512452452783,2,49.41898856972135,0.25
0.6997193798891839,0.5848389235959123,0.3462284788027358,0.7330470075412483,0.7367056884822203,0.8864028867237077,0.9210571972951916,0.5036329251830992,0.9,0.54636722375137,0.5318860913460681,2,92.64724406445528,0.37
0.6283129971811872,0.5942896040374477,0.4471488261790838,0.34973285901483747,0.5202751147405691,0.7998704107638365,0.31445069174420126,0.8373823623450686,0.6,0.8986732685574362,0.18723894461534152,4,170.0,0.98
0.25301502918442464,0.696431318099113,0.4506769594084861,0.3112998506373767,0.4941416465174234,0.11585672433526839,0.0720591470729437,0.8419932110394631,0.6,0.6072030284415247,0.9886038985195765,0,57.57357529193503,0.28
0.3682761432828589,0.5185707629180428,0.29722503061657746,0.6711378562508066,0.0555679169068779,0.2806114361336559,0.3341300405015458,0.1729944451915938,0.4,0.4120332405436156,0.818307868703863,0,42.4929214931694,0.22
0.6171857414093656,0.5957046257730152,0.4376511718763071,0.5450198623863438,0.31389336980198923,0.7426925667250857,0.014682843560070769,0.8271734245206864,0.1,0.6219435771486587,0.7416146327315153,2,19.111521073385983,0.13
0.5212538829020046,0.557415630855151,0.24644437662693902,0.4286940711938353,0.8565480235745582,0.3722615731915482,0.1536128990606348,0.6008404079450809,0.6,0.4552900396503994,0.46875929701395247,2,52.11545501656361,0.28
0.22288779562404087,0.47169495058448546,0.38142366678303197,0.27948830387632584,0.11967255586489434,0.3649193610782525,0.9584291809009724,0.9954644725836371,0.9,0.43927152364270156,0.15287712212633597,4,215.0,1.2200000000000002
0.2568716322474034,0.5232045146977417,0.29382613269528735,0.7088160651072386,0.7721048913545856,0.3109615099207662,0.6876650491660925,0.7054063654840127,0.1,0.6143804105330363,0.9206658582735678,1,25.15109912568777,0.13
0.5195836268352172,0.3907783924941604,0.5250035203147793,0.21254212906633363,0.38784169516364975,0.6408886345861594,0.010727644975676243,0.20905765860224146,0.9,0.5044933003305018,0.34138706738172764,1,93.47807667415105,0.37
0.7272075672827949,0.46526689031859514,0.6305043749876575,0.24550149995734122,0.5250883029672612,0.16375130425829587,0.16590686787653364,0.8363042905502379,0.4,0.5354853322376647,0.05010668969693377,3,349.0522379969278,1.72
0.46766208196098824,0.46988884689498656,0.7158045502362407,0.5144504288068414,0.9891330026836055,0.5559694280284484,0.8390697308817134,0.9903216643262726,0.5,0.5023519031585068,0.34240367681062867,1,65.49946222867197,0.25
0.46041917058132464,0.3468366147005415,0.3823629485384037,0.4863698213593458,0.1415958885687747,0.4482456132543511,0.3925727158419199,0.08004928364618502,0.25,0.5427492984367768,0.7944570304958843,3,35.53731549147432,0.175
0.4414013031677757,0.21188664393418175,0.6544605583068969,0.6928884245118718,0.7553301727947445,0.433779027322593,0.4693269341904013,0.15067297381324019,0.6,0.5538170508200824,0.6227087449882082,1,54.57227555509027,0.28
0.27713699894923594,0.5047198789464772,0.259716657624494,0.5697320511718964,0.18092665223086812,0.907103622156215,0.04464908897427888,0.23285228494370624,0.25,0.2580434801987514,0.7508385847448596,2,27.55516287938631,0.175
0.35467858111145456,0.562682449080546,0.5998470378577855,0.6227561205547114,0.29205933031452835,0.4901975424015864,0.5864451730147959,0.4932899758506666,0.25,0.584072313156209,0.7936353838623774,0,33.75108228698095,0.175
0.2592575202757431,0.7038065148256845,0.32661769499218446,0.22057690589689888,0.08411533455688203,0.24366745405571355,0.8435883847625412,0.6375887004784591,0.75,0.3776269975768063,0.2119546110805426,0,61.88661116997756,0.32499999999999996
0.5051688581653159,0.40400725612434135,0.6563843587228273,0.6445383096353661,0.6491490501342744,0.6702032553513549,0.7629030190395291,0.058108481721447336,0.1,0.31998836650802576,0.9237833160931802,3,24.937840647782828,0.13
0.3744263910524935,0.7240946672883597,0.36000481097706527,0.48328142107744304,0.3666083849326124,0.5395274352616787,0.338456483297326,0.8444788732871865,0.5,0.49328603943271165,0.4379896029203726,2,54.139640890404124,0.25
0.34078079981218157,0.7148239635269298,0.29053429967011,0.22470084066578094,0.48257250858729395,0.7686275894593791,0.852015516881169,0.5047914829034981,0.6,0.5111171406552937,0.6390136492641646,0,62.746970866816866,0.28
0.43930338300167093,0.7458065602307105,0.6904224964402027,0.6117344107013221,0.9095522438713499,0.5871239405369806,0.8502742988337217,0.3405907955915243,0.1,0.4137561349469547,0.002308772586742003,3,327.98664492007947,1.63
0.6899358699831888,0.6913956518338248,0.485372098212547,0.3737609785069362,0.4988169585314852,0.5314110410045777,0.10497971589607058,0.39855250670154063,0.4,0.6046667521464101,0.993368498411178,3,47.91497521273305,0.22
0.6246068376610434,0.5639136947422687,0.4055117508805406,0.25195666743383344,0.9173376725516761,0.6308322403647424,0.17750658243696749,0.33885563560960497,0.4,0.33252641310009967,0.2808963859641551,3,41.81925357472277,0.22
0.6107342862419644,0.34435328375757557,0.7152472327935786,0.3325338162531266,0.19160300966269983,0.02482313179857254,0.9274604585040267,0.4482073282568715,0.6,0.4496409780065595,0.06206310654015523,1,356.12869602411934,1.78
0.2675168628263173,0.6571119696686984,0.2843063741434717,0.29859756948675653,0.30753507242078615,0.5984771915577366,0.0073144562930156365,0.27802210660081383,0.9,0.42735960532520695,0.45826204153651395,2,72.98578332625732,0.37
0.529660535336464,0.6810091224606055,0.3080390661430153,0.37067802009505213,0.7030334656988926,0.633769773069263,0.9818059475425355,0.620357709658044,0.75,0.49476669917972843,0.12903005718204175,4,192.5,1.1
0.6275726610326477,0.7345045343335321,0.4754076524112883,0.27914362640318796,0.4775058736277328,0.7614325631840076,0.9033278719640531,0.7206959467183516,0.25,0.5355214434528225,0.1523267101575757,4,117.5,0.7
0.20766495823951087,0.32631081649937044,0.2725022197825866,0.5727122704870716,0.9632112235493796,0.7820051707381772,0.8668014382619265,0.11410407118363719,0.1,0.37438697898107576,0.6322828130302102,3,23.413277861025392,0.13
0.2670078775456921,0.4784814623913482,0.5818443396035876,0.5196141350714963,0.7324135029937877,0.4400886995273686,0.5531038024112752,0.6541024094823568,0.1,0.5912990620117861,0.39292739157023326,1,26.188717401392786,0.13
0.3098766084130317,0.6422684894002446,0.593473921288691,0.606441202153548,0.9698151167055694,0.9845780814316246,0.28822824548790527,0.7337534974379162,0.6,0.508490086365036,0.9218524501549951,2,88.11942736085317,0.28
0.2720817633565223,0.26806459200768956,0.7101594030535792,0.4186680066037174,0.7499835379352686,0.3464928613130488,0.12386977486422102,0.04094696028571976,0.25,0.26368120491559566,0.31915649460807005,3,32.116547543826364,0.175
0.3655217804795169,0.46872122494334334,0.5645753170199703,0.7255927913758335,0.7773431275291786,0.4896997418169059,0.9855401694949262,0.46497345619365305,0.25,0.2553355463526842,0.7261801283839011,1,40.87363349480977,0.175
0.3575454247851303,0.708644636121615,0.213672720262441,0.5053589232797536,0.9779169790738402,0.4115760021940599,0.7936821505599726,0.08481927231183206,0.75,0.4990579143689122,0.4610994301549076,2,69.59529842590662,0.32499999999999996
0.5486863114245968,0.2582435720629143,0.27718677838515193,0.4305128756239671,0.5554617101377639,0.8020597869857242,0.9247016672198887,0.8225830906174316,0.9,0.4729299184633906,0.6599513011292788,1,82.697711819993,0.37
0.7314275516787501,0.5278234042789052,0.7131627718801161,0.642398503587134,0.036970727201174225,0.3727023413067342,0.04869847231385127,0.109282291114558,0.75,0.48764979358539884,0.5996953567159904,3,116.50456735935404,0.32499999999999996
0.4570598808554104,0.6316198970887031,0.20981023118734327,0.2600291982211542,0.6753056286674841,0.7132581963116982,0.7737206827516263,0.8654565480556629,0.25,0.49709649117924903,0.4727839727589982,2,37.42479511472139,0.175
0.656185738185505,0.638249398578839,0.3279524080815386,0.49192327482947945,0.7394314684765099,0.8008715921066321,0.048963709823279244,0.23453515044129858,0.6,0.5288463823050288,0.9500610946244371,2,55.374151348602226,0.28
0.533308701385006,0.6772564245768062,0.5317089365362991,0.4269143631005242,0.6218977733752458,0.8581253046248232,0.0045001249396591225,0.5146293421163498,0.6,0.6192702364284509,0.34271364275495586,2,74.13022341762787,0.28
0.4058012238739505,0.43423514750543046,0.5585620640689859,0.6771198474637787,0.6772873993643972,0.029607289128613212,0.4013555575533879,0.8956348813836968,0.25,0.3614622391343479,0.17723550124927256,4,117.5,0.7
0.4496432851419649,0.336311759623247,0.33016429964866967,0.6103078541338955,0.6716128088558587,0.2376583633605973,0.8527811296319127,0.3480314234095143,0.5,0.35384019392203264,0.6780940608798283,1,51.23316378079788,0.25
0.6491128198831508,0.25790294391976876,0.236607371325348,0.5269385150660485,0.8533446711440594,0.29894365111890553,0.590320250883149,0.3969400677478341,0.5,0.36368887425254104,0.8460075613079088,2,51.60335157592814,0.25
0.28039528430598404,0.6535653047509877,0.37068407065824094,0.27912956313412846,0.274825050755067,0.8865575621718692,0.18759368193949133,0.0848115912357631,0.4,0.5367802553181235,0.04025373993992376,4,140.0,0.8200000000000001
0.7065337598680976,0.291042447504403,0.3565960452858646,0.2844873673556323,0.34192693854566036,0.7176391476415676,0.8074316059762817,0.9987433700667648,0.75,0.6564994164851556,0.44963268842268056,1,73.65915032068888,0.32499999999999996
0.26351953501594527,0.21163140898504204,0.23046747504034307,0.296052809014719,0.2963620570111649,0.4079419511312822,0.1368212780296263,0.5748719296230336,0.6,0.44658602229853583,0.8924876896873263,2,51.037026154171635,0.28
0.22936006294494649,0.5251290988610342,0.5743929897397286,0.41649675125761554,0.9975800372629172,0.7008810101206585,0.5952128404133717,0.392369092921794,0.5,0.18732467416979706,0.7496186189228675,0,57.404272086466385,0.25
0.3748951033236272,0.4774894303622266,0.6812527182290348,0.6681223947522134,0.9152987602855548,0.49691659613034944,0.1343669133130615,0.3653784631991335,0.75,0.28721771059804013,0.9918077164976282,0,83.71941301317675,0.32499999999999996
0.2239112841070356,0.29982412527808827,0.33020967910741783,0.3371631667077165,0.0671666688477669,0.20197903768878156,0.017668780999912204,0.4532799165001634,0.75,0.3962833893675866,0.5314138115972438,1,66.58765771753397,0.32499999999999996
0.5141779584585251,0.4289443341367558,0.22708976596017671,0.40548777615276443,0.6345402649517972,0.34329246237890776,0.4203817715052771,0.9592092728445759,0.5,0.43075887504939814,0.6599957188011513,2,48.65100924445008,0.25
0.4880641217947005,0.2559195465970438,0.6584022045837079,0.22857902655580736,0.7519631215749155,0.5408566369449512,0.28454087511182524,0.8969967987729952,0.25,0.44946004277320706,0.30248028113792813,3,39.65881528102115,0.175
0.7086630279599342,0.2545122278689315,0.663966223378764,0.6964592291601894,0.23509711688065948,0.32534273051667706,0.9090648144229485,0.5295420552850724,0.75,0.5054319304153282,0.9475355996659923,1,65.18277689878194,0.32499999999999996
0.7387638743226261,0.6411142341504765,0.6287126474242309,0.5533658017975512,0.7423179494179767,0.5907447941637661,0.6534392090094951,0.29938329151482557,0.75,0.46156209611022214,0.3663354885565363,2,120.80152723850127,0.32499999999999996
0.628447995017971,0.27400371462723094,0.49483741977120055,0.482822578604728,0.24137206162666291,0.32249234716866526,0.15544156408342247,0.8743143652908074,0.9,0.632004389668649,0.7385107126866286,2,101.4118557690729,0.37
0.6716646792674067,0.45453965107643374,0.41179922285519444,0.5517597991804106,0.2832469332501141,0.5614893944143846,0.7919744251413741,0.7838241093757136,0.25,0.41594618124050137,0.4031402041190819,1,41.33876375917403,0.175
0.3465548246254654,0.2768726260246763,0.4628325007130602,0.4292891527271868,0.4383862585841929,0.47625730858672566,0.9947017489350248,0.6745974769790241,0.4,0.39261663990951917,0.5618189300629993,1,44.80150435334217,0.22
0.32791346729088056,0.4021314955633204,0.40151584740443613,0.38012256042690007,0.8146384431178827,0.9025539692192319,0.7875898362293392,0.18517934495356758,0.9,0.5605678977666766,0.7197825350215462,3,85.37268577696783,0.37
0.408705243849811,0.57715884000077,0.3632820610142069,0.7218718596934373,0.5621707337375722,0.10189415731454488,0.6529221265639984,0.955349428187811,0.5,0.3082994765287713,0.5089341517513543,2,59.057685591386665,0.25
0.7039914107459979,0.46450073556504323,0.38059866275257886,0.4944891344065018,0.5127320643001113,0.4329724928677672,0.03584275141816318,0.9597745223292203,0.9,0.5493998321677,0.9070863269095085,2,83.18843695727635,0.37
0.6667082688254935,0.5589230373080561,0.6424155053708926,0.4929972518361571,0.10300268413015878,0.041079093304846936,0.24606661150493847,0.06553043391838242,0.1,0.5134428461302865,0.41930098792781023,3,20.84483599189089,0.13
0.5481046960971914,0.358485587800354,0.60419123927066,0.31132252621914513,0.45511784241176234,0.5160878012571124,0.3125699490285839,0.05096048257488606,0.1,0.4821370815928302,0.6470717981433252,3,18.024699887009028,0.13
0.5821389708501741,0.6733954875792418,0.2726565605158492,0.5379088572980559,0.1116003682492267,0.3845043779899281,0.06052845082653613,0.6981897256099134,0.75,0.699492833838211,0.3423624333000541,2,62.46541386449645,0.32499999999999996
0.2523026615264641,0.5991435955492848,0.24647127035293614,0.7147669024853445,0.20702054152481197,0.3020715687836385,0.3941257771780975,0.4166096330691479,0.4,0.42268453312675763,0.40815666823101304,2,42.45367493078423,0.22
0.2755743615207912,0.7273841352499943,0.6404862968468032,0.5265251024564948,0.0016607076748005323,0.11207037099869754,0.8627645637408781,0.001233062511908134,0.5,0.7586019030355978,0.4400501082335524,0,44.53500892208234,0.25
0.6304432575462509,0.6373131614406973,0.7203148845495317,0.33936084461155297,0.5081673558128751,0.4895020065072081,0.3330941610106378,0.43132702014644964,0.4,0.47237089659816306,0.12580701831228525,4,140.0,0.8200000000000001
0.5245417424470701,0.2522770586604207,0.5388911350132668,0.29421021725103386,0.7805811375265843,0.8412037062149564,0.26034854341525004,0.32249044096772983,0.4,0.34068592866288744,0.09172367905900669,3,343.17440609984914,1.72
0.510722836309843,0.5148367827186173,0.45629183413967506,0.4874474765322176,0.24248285302833272,0.47986340055106513,0.6832583576588129,0.22825287546342055,0.9,0.509356295878331,0.6674899231467579,3,101.21967343616481,0.37
0.6201578645036234,0.6395845940816367,0.47068426856648604,0.5297763928374368,0.33073574205486667,0.9303846175891505,0.048569289846958075,0.4607696052395662,0.1,0.3658275529931153,0.6555177383430523,3,27.54478308199263,0.13
0.7121799296295561,0.26585347367561757,0.2644069612450608,0.24823995655092262,0.7115580415967778,0.15045401155747407,0.047374020005481854,0.13820537163853075,0.75,0.40646180524377495,0.6629097142100953,2,61.68988555732542,0.32499999999999996
0.5618248067722904,0.4302345654347087,0.6258767788780139,0.5691772773197259,0.9188231935306829,0.009259781821123414,0.18832197481135182,0.03128351290164455,0.9,0.550319185016955,0.019766445342691674,4,215.0,1.2200000000000002
0.38350076708053105,0.6941016010488448,0.6193926808888588,0.3487942175005967,0.11062946756220327,0.6201492866282963,0.24163890873908578,0.5692120504306768,0.6,0.5701734927829136,0.3265468426717799,0,60.3213030476037,0.28
0.4003056097746297,0.3729419891123446,0.28668640674374984,0.2812808548982054,0.5901953827661262,0.849435333089779,0.004741392911873921,0.8533694593423667,0.4,0.4226895102084008,0.19780984725919692,4,140.0,0.8200000000000001
0.7148701048566592,0.44084722045931435,0.41082590252757545,0.6013271397725579,0.619119086426974,0.1627434861049576,0.772937388135284,0.8554915417905857,0.25,0.6242486322775824,0.7781514225440124,2,42.81020059060597,0.175
0.504146185889095,0.7148769927611542,0.6291658216501658,0.46365326026849724,0.2542634837541573,0.9187936809026809,0.4544574302986578,0.6034244543333215,0.6,0.6455497702987427,0.8606304013961301,2,97.7155535154335,0.28
0.40699771041445443,0.7426473497083772,0.594768129802004,0.7231570630021127,0.9846495336176436,0.36153607863919934,0.8131593458201128,0.31839911782845964,0.5,0.6804618115576254,0.24668037722614733,0,66.92809625020695,0.25
0.26516321746937277,0.6677935235549305,0.5503906361951643,0.26705692308431195,0.799213522241491,0.6007339188626425,0.21635569522540143,0.4140260937892364,0.25,0.566896513745173,0.6678491588479863,3,33.26492182494617,0.175
0.5235418999830714,0.5773530008079969,0.20676647723873157,0.44987487901296064,0.3176356343635617,0.07810839308036388,0.029834770099697483,0.3464786554071809,0.4,0.6713362681500711,0.12936280345827444,4,140.0,0.8200000000000001
0.6539697311579766,0.3624474639392494,0.4522014449892031,0.4432727698873413,0.01903414781748658,0.16548775758177503,0.7251833208508688,0.7080912356835879,0.9,0.26507719385429973,0.2751525256017133,1,83.06473499551774,0.37
0.2762599729283808,0.35593642162957606,0.5711051010421029,0.7006798006018888,0.9488431070057841,0.3479007757565923,0.09057905853543935,0.22592895791678247,0.25,0.5498613077765642,0.6507945897177367,1,34.62653348355044,0.175
0.3113873243583023,0.4981434692228956,0.5857651056838877,0.7241073576670611,0.4378415656758372,0.9456936518244733,0.37830982237341526,0.77077321366537,0.75,0.32566571228762115,0.11589886531924942,4,192.5,1.1
0.5355332655879457,0.34030881206505936,0.544012986302665,0.37627013892290895,0.540476692170755,0.18280877043097654,0.3207341189534516,0.6531918850228187,0.5,0.5827005199725125,0.8850929882268007,1,50.63865110564729,0.25
0.7368706148804394,0.4198218743400003,0.5769852464185579,0.21277517029071719,0.6728533946848935,0.43475974680904617,0.22864560266211464,0.7219067795126763,0.75,0.36477999112435106,0.4892651908307978,2,102.07907435671697,0.32499999999999996
0.42003379537411545,0.6813091873273814,0.5356250944382852,0.444168587517787,0.16887304161271477,0.9366696918651266,0.1879035790364767,0.10731236283252044,0.4,0.677482867920042,0.14163896797290498,3,347.5918187851945,1.72
0.7147656246896492,0.6696914068809761,0.3772186206026161,0.4995016211227368,0.4976477023653788,0.519549598109694,0.5081929147782448,0.4366674893388395,0.9,0.6288436084725849,0.15269013384142072,4,215.0,1.2200000000000002
0.4694033408508545,0.5477113750631744,0.3837611968273156,0.33431275042123854,0.9948148928296083,0.48628061267058187,0.477946580739831,0.4217660627145613,0.75,0.536901574612004,0.6875339351098718,3,72.65925084220298,0.32499999999999996
0.7019695093905449,0.7081309747241786,0.6638275871690885,0.7380124369205088,0.0668257547014629,0.592956631149616,0.22796777222318243,0.6376089802290499,0.25,0.5202901188327006,0.04737250672948978,2,350.60281754114305,1.675
0.6097453391788288,0.6205669757090999,0.6194245505794524,0.4643341970182686,0.050833461948477154,0.9813871012530017,0.4690050790126722,0.8967553715906984,0.75,0.4744244892602301,0.2865937649138133,3,93.45766622429758,0.32499999999999996
0.45104870698284943,0.3321244518819517,0.5546505568976098,0.359126074856284,0.4755611732329348,0.060330818574221734,0.8222135460938069,0.6481837296671343,0.4,0.5855689152353789,0.1397875904698681,4,140.0,0.8200000000000001
0.34179462533629495,0.5222787557528301,0.42549031352377376,0.3203711348370477,0.7817570475739452,0.4281698635088733,0.6379367442466449,0.8562290037966075,0.4,0.4541698208211173,0.44107742961728424,0,52.11200853544847,0.22
0.6488308092140571,0.6733134556119069,0.29223473582277953,0.20412886803999994,0.6310654428718875,0.3476736348359033,0.6625295943661998,0.6718541886140673,0.25,0.5300998907077585,0.4143537719943613,2,37.59916668619691,0.175
0.38487148269115556,0.638630959624414,0.6615456264288785,0.2760809885638271,0.960586962506625,0.3709123215416692,0.4250817675141312,0.8121229611870592,0.6,0.609788778029613,0.5218764346888559,0,73.17910065349984,0.28
0.6258847456506782,0.2636372920201862,0.41453442458609113,0.7492352332565537,0.5057623147427412,0.736573093115733,0.45970946445359206,0.21549514181270046,0.25,0.43024824965460345,0.2796363291025302,2,38.24617140000382,0.175
0.30592495277700044,0.28467997041769455,0.4325401829007365,0.5408176892834238,0.7452038427810108,0.13115516918470993,0.19858366353130807,0.6268249827842086,0.6,0.4234377259531173,0.032043589378177195,4,170.0,0.98
0.7130954303272894,0.7394516300431688,0.23830235012526707,0.27589863454134794,0.7472698001920698,0.894687886867815,0.2725864974158917,0.11072425860055435,0.6,0.3510359142756459,0.6143861065351858,3,53.09152736214888,0.28
0.6349058856427967,0.34884768374897324,0.6866669827284984,0.5648992914759978,0.9560466595226291,0.15442308802214244,0.19766698225463952,0.29132945355846573,0.75,0.3673017612208368,0.37371800288235135,1,69.90655841679546,0.32499999999999996
0.26151464130937246,0.6578911067082039,0.29699600900444173,0.43292246707380966,0.5293913540262875,0.882825566034078,0.7605460227298669,0.7081575538426351,0.9,0.2716393859245927,0.6513349987400464,0,78.87640473965818,0.37
0.5037017107076316,0.47542138199415307,0.5773896035883328,0.5589777041780903,0.17518056785600367,0.35768263152597424,0.47840492608667795,0.14742595348558585,0.1,0.5919935750809238,0.10866697080426846,4,95.0,0.5800000000000001
0.7456231030404303,0.7496820500733035,0.48405267144960257,0.2523594978284752,0.2734297021266725,0.30833320395284425,0.12727619832903925,0.5502396919082576,0.9,0.7271223315461008,0.01377735529405033,4,215.0,1.2200000000000002
0.6003138144327951,0.737165243019124,0.3750795131959612,0.4536648872106656,0.7050281965241929,0.06993163147686121,0.48112310176314976,0.782211195267795,0.1,0.679087738566702,0.24829424788529275,2,25.21786442485372,0.13
0.4336273086485008,0.22828053500631115,0.5697454371728947,0.3943357322876573,0.7479901289524469,0.8150730962187541,0.44824063317060703,0.8205570826398607,0.5,0.29697380427709996,0.4565473229940522,1,54.62128813409146,0.25
0.6331051310473264,0.6576660414050923,0.651676932628815,0.42916629892193414,0.24075307121426948,0.36081056141751533,0.1763555764178013,0.4674845394285718,0.4,0.5913706901017826,0.3940719741684673,3,52.04874187044403,0.22
0.3768501252324947,0.6118514288168801,0.6407641886134977,0.4701915955152514,0.39206002241544324,0.2409271164143122,0.7517807092307816,0.3138467721116466,0.6,0.678684188564001,0.8103025552734664,0,64.02341181662452,0.28
0.6911670607449667,0.2791497828432071,0.6834878288124282,0.2528523781345347,0.2728043301458357,0.13089033085049506,0.4388217018019487,0.302964628837302,0.75,0.44339646787747067,0.37783764419282395,1,63.98525785946327,0.32499999999999996
0.28443903713003765,0.4936120073006782,0.23713516410307828,0.2290439057700607,0.3692728413409686,0.23599726262055265,0.7631554898199004,0.9300033473547173,0.9,0.5133043779522736,0.5304411796030789,0,78.42681614756158,0.37
0.20028530929113805,0.43997416283184476,0.6260431347107265,0.21916109265395362,0.49793185278888763,0.6429984233408326,0.867172276606706,0.9988296373336586,0.4,0.24916174108542125,0.5935155924421922,0,42.47789688805766,0.22
0.5587416835562204,0.6527200245789027,0.29240046671782915,0.28077505415177234,0.6135164847298321,0.8897794665398687,0.908608246555642,0.7914514878076223,0.9,0.5340026973111892,0.021831391645811604,3,384.4391238248247,1.87
0.6734405354912949,0.6527185354725522,0.4964179714453028,0.6505599336116892,0.4609313910731102,0.08115400042389931,0.015805555440133845,0.4772006332829246,0.4,0.3674160939416586,0.515133376846189,2,49.952559392971565,0.22
0.25101584258347215,0.41696483486631497,0.605788655858505,0.3415985776281799,0.49431453353461774,0.4073623878629723,0.5681673512913645,0.5521627033044271,0.25,0.525599940681412,0.34483125939883785,0,34.103989566674585,0.175
0.613780902938454,0.4772982324149477,0.6126462933715282,0.4555738008215313,0.836613041032693,0.10865710326226241,0.22517766610554546,0.7930049789596304,0.4,0.3050986130472183,0.4212801276832546,1,49.89259304665521,0.22
0.4023473871219997,0.3205540690632478,0.3146086377892583,0.6133199458142679,0.8478368672236546,0.9948242136208678,0.8729120163870842,0.889899007072331,0.5,0.5685801440261735,0.10028739849525026,4,155.0,0.9
0.2654006914186783,0.24729029256101984,0.2969602507621716,0.29644058129965706,0.31434794262990484,0.4016616340093764,0.26808510482055103,0.6062993981927156,0.6,0.628895431127006,0.7828205656486452,0,55.55380917016453,0.28
0.6527091925437949,0.41917864291081686,0.7447136515482653,0.27546619178483683,0.9388053542070384,0.34464088651161773,0.5570017818814502,0.29629963045348506,0.75,0.402526726025458,0.9424042508085225,3,66.20191360661194,0.32499999999999996
0.5594469041315039,0.44680122896068786,0.41610499718339067,0.6812963094797453,0.1697999737727075,0.19518552981865567,0.05794534453812994,0.9492935230092574,0.25,0.3582292142798346,0.022268820629600006,4,117.5,0.7
0.7365776052056199,0.6800724273257983,0.3057653734693232,0.32143885666491373,0.4028796085076296,0.8341208920021081,0.6813294726896911,0.1919211614110854,0.4,0.23061212950650392,0.6013727628113479,3,42.35294837670734,0.22
0.5608406335022849,0.35899596990100546,0.604098821929319,0.5115313579453046,0.17546224657908782,0.8119882015105448,0.26471171061953735,0.9132851837019758,0.9,0.46723890579298843,0.7638440672883581,1,92.38218975824694,0.37
0.5029998226697217,0.6557008086613323,0.5907930244584728,0.21461777074851043,0.14005540468949063,0.6777086144544695,0.8144738760309339,0.235256388415645,0.5,0.4277703691905618,0.2848075886498894,3,45.36048024432726,0.25
0.22720252543030864,0.5308571488508087,0.46740564159225156,0.34310156043864526,0.27620736345656605,0.9645188861392017,0.2645976053461583,0.4299570499000478,0.25,0.306373845360619,0.7875555848632168,0,30.31811155024137,0.175
0.4302608480231409,0.6168506753030734,0.6546363165618616,0.5086726873395243,0.4325155932423661,0.25303474992968356,0.7757910864370905,0.7718493432291552,0.9,0.5573299763910438,0.6323550507663013,0,95.47124739575207,0.37
0.41195321447140665,0.3488832188223089,0.4870551589230894,0.3731122902104096,0.37831801422378564,0.8351257910807337,0.21307493439900238,0.004305775667678646,0.5,0.44425295818691934,0.92916263227107,3,49.94413700678916,0.25
0.5102523253759726,0.5721588103803008,0.23634356600566717,0.200587105762511,0.571167362055741,0.9940777724523785,0.038644309826884604,0.20799807370846057,0.9,0.3658913228963779,0.9810048113537728,3,69.41128229710166,0.37
0.31675242636240863,0.6919813237453296,0.5554599197757075,0.2945781935653626,0.5189146424870842,0.8099407364448706,0.08904200507505322,0.3952346537588943,0.9,0.43115414620058073,0.042346113998704804,4,215.0,1.2200000000000002
0.6896451790029904,0.458475767158037,0.4618504661732634,0.7145480691134602,0.7470758006298863,0.37154320840636157,0.18883642047563898,0.19549582739658733,0.9,0.6347549527728679,0.4449377610270062,1,98.6719224207126,0.37
0.23271768070083704,0.3183480510457952,0.5221742288350973,0.3075175802701023,0.41004878691499425,0.47941707480589113,0.861814417816014,0.6422524185679935,0.6,0.5761035151789573,0.5469877875782182,0,55.249769075171564,0.28
0.5737398550649269,0.3177507591351961,0.2545363338293479,0.3138418378024619,0.6904019545155015,0.982987171535907,0.41184344030097375,0.4033544032491283,0.75,0.4843180577643033,0.14674323320765248,4,192.5,1.1
0.43250371884963423,0.29687606454519394,0.27408061370784104,0.6731550374204176,0.9233469677258123,0.24587558700505863,0.7298152463028666,0.7545731382181347,0.9,0.5781281659759291,0.3362858304273617,1,77.6882307024918,0.37
0.3762184619785193,0.39841727758503953,0.23039872522567523,0.39655329292612984,0.09778799744544309,0.468231405693584,0.20056247132155403,0.18537527280248567,0.25,0.3552251393954145,0.9876474477564617,2,29.250613908297822,0.175
0.34564394752686883,0.5357667870379837,0.3129646637198237,0.6886009991845623,0.4638281104628762,0.28942970750806496,0.7960604476258709,0.9076048913904824,0.1,0.5046541537547063,0.016230456342471444,4,95.0,0.5800000000000001
0.7113166415057555,0.2549070814472346,0.25907162595871747,0.26342954096104343,0.8027206052883656,0.26603087262166525,0.27413439368860837,0.2547283501174674,0.4,0.519049072616474,0.45250793152438407,1,40.832752825277765,0.22
0.5407630909706717,0.2670829303152926,0.6688102748616465,0.6148493332158409,0.13503809605623607,0.9437983681037112,0.40204779815706937,0.22468947454587374,0.6,0.44176521800481416,0.8426546217181962,1,65.08930093854406,0.28
0.6508948720309133,0.48933328978731155,0.7481724663355345,0.2242963066192887,0.8466710505082435,0.39919530265779046,0.03511681110966658,0.16194157024963118,0.5,0.5551309687970701,0.32390126271928843,3,44.65792459379589,0.25
0.4206957303023624,0.37816516791569993,0.7217550242919526,0.5172735271736761,0.63925034035617,0.782905274171724,0.21093438848871293,0.9173955892661422,0.1,0.4028706454694487,0.47979850275515334,0,28.21979799858707,0.13
0.6434050309945989,0.29368765651218537,0.7382487791452415,0.4742517507819734,0.8509971200521644,0.8483807540610809,0.22766114679921412,0.050535988650057706,0.5,0.5644430135563488,0.97804574578798,1,58.120816933095256,0.25
0.4715196419488552,0.7339866007001559,0.4094027986694298,0.41863876350524615,0.8674235394825837,0.3058002287385674,0.6189163811735259,0.7599668837007301,0.25,0.5697072395581229,0.4748768364757039,2,40.44876304555239,0.175
0.5216139865427152,0.2704289358012828,0.37659709452652024,0.3062645773448218,0.12829325851112017,0.7808383545190479,0.9385114589610658,0.728374965746409,0.5,0.13529859752231937,0.13092131214649905,1,355.9792852063657,1.75
0.25680591350887727,0.676379533482061,0.5241321413701119,0.3972700353403512,0.4412227484805581,0.8766781387517029,0.527457630072559,0.7447709278167541,0.6,0.6496569004095254,0.05172149166639106,4,170.0,0.98
0.42476815755169206,0.4373354520280451,0.5482320501795902,0.7097231653189464,0.8205059438586041,0.749352861699006,0.28785487604815396,0.11784390090583108,0.6,0.1189601262005711,0.9454165724399485,0,74.46047393615156,0.28
0.7130287908113404,0.4153205887418649,0.3810943527787733,0.44807557510189033,0.23833852936206013,0.5028749369803532,0.5052769222930958,0.5826443493145376,0.4,0.4234557226255544,0.2658094132750657,2,49.89425725895937,0.22
0.5123638267356709,0.4539998512973616,0.5623143753991855,0.50491946285887,0.39510183754789086,0.7868913814500277,0.9131537503472078,0.24672505347947127,0.4,0.62900003912477,0.5040639065645509,3,54.09834348591704,0.22
0.37639355068174185,0.39015194316944796,0.408226033157852,0.25205187253716377,0.736523217701888,0.6779718525450447,0.523090499279315,0.18853023387416024,0.6,0.4608682989698896,0.0907017660899686,4,170.0,0.98
0.29133444782768525,0.5977125911799623,0.414003191337144,0.31799643490807905,0.7952322585827095,0.9606262856288327,0.7218363322336134,0.917859996625734,0.75,0.31699713072378416,0.42365512055060506,0,74.84484179263814,0.32499999999999996
0.5094698258161716,0.615546748360385,0.3415822992899543,0.6547344350580595,0.9841852649479997,0.3520506742392382,0.6382235529263369,0.47393273763807797,0.75,0.36363713070995457,0.9301055192501241,2,76.52807969259233,0.32499999999999996
0.7101276727937773,0.5285669909906124,0.5679212124453688,0.22891679467768047,0.9866287468632301,0.09380782400772492,0.4123749142972246,0.8755390445272362,0.4,0.6291951039686783,0.5024129936309384,3,49.07062374674638,0.22
0.7200359400620486,0.4158666038457191,0.7081452202999865,0.5184376386126335,0.28405131052651544,0.7877928506388727,0.3827831627802557,0.9799785398901583,0.4,0.2599797629913568,0.9711351518023279,1,56.05564735172357,0.22
0.2025403393638302,0.22119809962788967,0.5742303431184571,0.5094674076075633,0.8835298364237075,0.30132035766261533,0.7701931135378551,0.3368565438332687,0.4,0.6419787654958443,0.25883563723739966,1,40.20027685639814,0.22
0.2145928404633409,0.6089029786723119,0.6686799353880499,0.4730296153416196,0.6063628402155351,0.658480768393292,0.829595409085705,0.02445084088201488,0.5,0.49370042783764734,0.5045452397039372,0,50.92606662599904,0.25
0.45616659219649025,0.20301020985904514,0.6326573418714796,0.38189383671035804,0.22015789115229967,0.7119178105885787,0.5635232369695373,0.4956050782011431,0.1,0.35128262678844013,0.8595307918093252,0,22.496360366037408,0.13
0.6833199908803969,0.4051833231569292,0.5107928508468881,0.34868798350963015,0.055209956707980457,0.3482758834614562,0.8651002319106483,0.030892837036032184,0.5,0.4275798843392727,0.4482523545537438,3,48.84745329299449,0.25
0.2883235719217053,0.6261993468597304,0.4731247633654549,0.49506835806373795,0.3964362353648121,0.9451482876707726,0.05088073454501463,0.7497057510446368,0.25,0.37321845338156634,0.2794873735701896,0,33.51070542600263,0.175
0.7309787744149545,0.7299689517221846,0.6706031669363219,0.3031851110207685,0.25761261618203646,0.8666088321536725,0.746067978959365,0.8857051708583629,0.5,0.6090738464738759,0.8554753634178817,3,59.163111747919416,0.25
0.526849981865869,0.6829810835605457,0.40595516504691576,0.25560839126457174,0.215924790431266,0.5312927548186049,0.7792699435748007,0.24569974299498099,0.75,0.5923190380393705,0.389889468872609,0,92.49491869734494,0.32499999999999996
0.6460295962319571,0.46496995324919443,0.5104159741975483,0.7401793629748146,0.23074630526721696,0.027182133497585026,0.9585152939754523,0.7100168800546234,0.9,0.2853182604125192,0.5307232910602341,2,116.29249302195112,0.37
0.5339662867717396,0.4337386621163558,0.4034914023159588,0.42969061095972516,0.6355603540101848,0.7439947226949909,0.5316129186954394,0.47613382109041036,0.5,0.4500606866598913,0.9765270664151456,3,60.977862872005296,0.25
0.2651194957482678,0.6371128071296646,0.6607442720028727,0.35641842401537494,0.44953224112352086,0.6404392121036413,0.2015349753923832,0.8880586950148697,0.1,0.3925079816223534,0.1864832947558639,0,323.54681086641506,1.63
0.3670881401254693,0.6808838409841473,0.2131836955403755,0.48625159407197527,0.8117523712192651,0.34956361145203385,0.5786092968125244,0.14102729995001462,0.25,0.6625806777319994,0.3014006367201857,2,34.56594801112443,0.175
0.4550216430748256,0.5795697232681529,0.2898654350822,0.5675819074373346,0.972346247933598,0.9028926876302835,0.9218975064992004,0.3321630477034516,0.1,0.33153413445684166,0.031069600069839942,4,95.0,0.5800000000000001
0.407203704331182,0.5402931279933032,0.22205225543002677,0.4539499584514802,0.16913470738285574,0.21177216346631034,0.09000139104508986,0.12011063010138434,0.75,0.701490551547643,0.39183770991005273,2,59.55377267516184,0.32499999999999996
0.4872379916903047,0.3178795215702427,0.2767930097985164,0.3036608666567658,0.07130453418484539,0.9898230692048735,0.07405768336907359,0.13254208095141362,0.9,0.49643125934577703,0.20018343058485955,2,73.33371515338774,0.37
0.38927759293484143,0.2532455821177343,0.7210258876512825,0.42274673382269956,0.8272545955907364,0.5802402167429431,0.7744172045693324,0.630912007772655,0.5,0.35509710286471585,0.6800349354078914,1,52.1818116170189,0.25
0.644933281378712,0.7359294177098656,0.24440440400150654,0.5584182073642467,0.882175070328948,0.6384675277647406,0.5221250929031509,0.7127496937612997,0.25,0.4157887883688082,0.18132145876585237,4,117.5,0.7
0.6792749977076677,0.5488289386817007,0.435964366746577,0.43709199670086607,0.44739275179210947,0.3460638229047347,0.4676524524502125,0.16971410509856066,0.1,0.40021770072058754,0.6748127524058697,3,21.428157679030907,0.13
0.2197443873040474,0.49403041320910146,0.7464486482327661,0.7272891392845637,0.7965717298026914,0.26070378133594463,0.15353154633704746,0.2463522417832268,0.9,0.34098622413199225,0.2634754281893177,3,178.70521349146267,0.37
0.22221957586318977,0.5881883519962186,0.36597067668331196,0.6966440343733753,0.8420701517722398,0.33020129559773137,0.6860498695059002,0.8564096306557393,0.4,0.5124753154677378,0.3552178341211998,2,51.83503040381662,0.22
0.22481311014010322,0.7147307561060943,0.6606116590832773,0.2646274102389309,0.07774466692504212,0.7650244051780429,0.30766546637903003,0.21662236418404268,0.1,0.3468345992076582,0.3488606520463975,0,17.616227487308656,0.13
0.23290338552451456,0.6590892153798148,0.2856667190360187,0.4941939841367288,0.6889014524529722,0.9097966227332338,0.2950192087123954,0.568833805384319,0.25,0.22756375103789056,0.7167517501636094,2,31.92412282467002,0.175
0.7036596718332904,0.5120964624521278,0.4184783158100533,0.44475883016969575,0.28983411384949154,0.5542855857264279,0.6218620306543405,0.6103353887901798,0.25,0.45305552902591956,0.46650926313834307,2,40.823259593435225,0.175
0.2347144438871291,0.7328137767488794,0.37085980179459554,0.3041499204200696,0.6235463696427459,0.1350797922175241,0.6935404695867196,0.6747503563802233,0.6,0.27483752735547845,0.36129889885268307,0,58.55424900810855,0.28
0.3573260160122174,0.7304052571903135,0.2518573294184039,0.6770166722756498,0.6825881222168831,0.07407055273870633,0.4468388424141526,0.4090351320457297,0.9,0.4064110864912445,0.8526227190394499,2,76.85153786826395,0.37
0.5893141419207963,0.6565105485374655,0.736743647202343,0.6631850605342795,0.08671148364319914,0.2223679278968107,0.44096263179803674,0.7429063098580823,0.25,0.3867579866223426,0.5719506256412027,0,41.73756155603047,0.175
0.7188602932028192,0.2698143912350059,0.6376837108418336,0.5001216317445762,0.2370620769846632,0.8297499101249115,0.5457982857394634,0.7604216851846175,0.6,0.39150237176133207,0.2138308212779978,1,63.53169273607134,0.28
0.4989225772939234,0.6944068669762826,0.7344921002556912,0.5876610776737496,0.4725559833368571,0.49919422542222336,0.6197193893796402,0.9279706081658242,0.1,0.751171655664593,0.9000912781436826,3,36.045506320952185,0.13
0.4656161142094812,0.451022121846015,0.41248780147275,0.3988794662649645,0.49181258141290995,0.528657538108291,0.6019969635275295,0.7375151372977258,0.1,0.507664751804718,0.3426502960336406,0,26.73375828279908,0.13
0.4153287629264373,0.24936427938815742,0.24258984689324103,0.6289284141297715,0.07185033548623432,0.5156874385219721,0.4815915892060435,0.9216849842375704,0.1,0.5313272404657818,0.03897937753732039,4,95.0,0.5800000000000001
0.4453400911061244,0.7118764686995414,0.5367215547266739,0.21934679020143089,0.4935065804363411,0.468320534694331,0.962199988534702,0.45057646360088155,0.9,0.2781507238514304,0.4946002239744529,3,74.40268073901655,0.37
0.2866378377246137,0.3132008861571542,0.7366548134143134,0.3202873243833992,0.18088443032209034,0.21691612280578831,0.09518753833697413,0.0005681292589444498,0.6,0.4187079199019231,0.1239380544408778,3,354.1448181655001,1.78
0.48366562195842827,0.7148973124021079,0.7374560014528966,0.3299982394609495,0.43194566100048193,0.7692425812982214,0.7334664427998359,0.032149087802850196,0.75,0.5275619209266098,0.23846644371574255,3,66.45223850006587,0.32499999999999996
0.22701470406252208,0.2844810078957672,0.23483066328640695,0.307318332600785,0.5699829035940329,0.154283125413476,0.9410762847646973,0.16736499964417928,0.1,0.3723037367313143,0.747110872687411,1,19.302181590378424,0.13
0.5127133430870545,0.701846837962603,0.49547038603188703,0.5442942561844945,0.6266392176974815,0.32623836216405677,0.6415613259643522,0.41225859646407514,0.1,0.6143129746987989,0.13075181337631858,3,327.15587143960846,1.63
0.3110269883852476,0.6403209913706176,0.5397838996780708,0.6752752560559987,0.7596430523063947,0.23067912532785784,0.9057918529142601,0.5002096493133521,0.75,0.3499926497535347,0.8069442243540357,2,105.07033735492459,0.32499999999999996
0.7152990084720245,0.5335926552243696,0.5906975556125562,0.5924726354490797,0.8291504903457503,0.2771981402105398,0.05332508493334065,0.9403514125381806,0.4,0.4508618536830572,0.26989934395634196,1,57.038943477271395,0.22
0.7460443764987448,0.38784604421089264,0.2895711031834864,0.48554197920287684,0.9370627248797014,0.5324153197128694,0.6423174116715351,0.4626000607108083,0.9,0.45897040936345834,0.5977793406300381,2,82.97677921748156,0.37
0.49328739540743954,0.2978518685628795,0.5372101804467768,0.2077686034122532,0.41976536709875867,0.11944843592870036,0.09675289836109602,0.23273214667618747,0.5,0.39822166603495635,0.4419010737450705,3,45.04741900342851,0.25
0.7102176213498219,0.34551585280169395,0.2217581146146055,0.2595371928111714,0.8366407464065443,0.14583230073568,0.22669865191471072,0.5486140593222075,0.4,0.5533976630848046,0.24447584248583953,2,39.09943067763786,0.22
0.332136921553803,0.35064839273332493,0.21804549972375079,0.35364514670655106,0.2151312180782744,0.1632066847177871,0.5633162416979622,0.3680932709966155,0.6,0.4888275292511983,0.8828093321445801,2,56.81514722555305,0.28
0.3061179550714152,0.40824151008898524,0.41184225554578313,0.38645425733158356,0.6261592858404692,0.9122053404086763,0.15099313143506765,0.9134336598130639,0.6,0.4175545183136544,0.3739218402932234,2,63.27162141385842,0.28
0.3803581359418872,0.24935220275768818,0.2138627209193892,0.3111628650860566,0.9024899674229186,0.8290875833359028,0.6312859173060852,0.6201466574655474,0.4,0.41767084394644,0.44603171922989115,2,44.91013800082055,0.22
0.6161571850791385,0.7449453710531173,0.710689396281531,0.4773206455457728,0.6392126599365016,0.6904955512178131,0.016482200596157015,0.9580925791606497,0.9,0.34902814730167486,0.40970107654899457,3,110.46623750153256,0.37
0.49250312067786384,0.37301986296971346,0.625666691250711,0.6206161783629568,0.5856037614655798,0.7814658394024216,0.37728183906136314,0.012397213915795957,0.6,0.6231762280167906,0.18194295527675264,1,369.57039335089985,1.78
0.6643497966703446,0.6925275174582864,0.43889208652391265,0.6217815624589587,0.509734659876444,0.5071901193159289,0.4369892883114518,0.33971705416207676,0.1,0.5104455159744011,0.7316270154302333,2,25.46578119505957,0.13
0.6435193008377333,0.3696527923737626,0.7110832342033826,0.2518878264518105,0.24982608780972204,0.5275448744971828,0.3752781396934941,0.9699318830498087,0.4,0.3925562738252092,0.448458262268858,1,49.64171852549728,0.22
0.7468480485398057,0.6235498949873782,0.25129899792838,0.5609263064577503,0.17292730776693144,0.319665567627087,0.293960470924571,0.543309176235957,0.9,0.6018511746498625,0.016257109892718447,4,215.0,1.2200000000000002
0.2187986760105431,0.6236028221943006,0.6395726069124805,0.5313256392002963,0.4992802569741479,0.6437404654242731,0.9500017705742079,0.2852210854938674,0.4,0.43041827216689094,0.964013702359797,0,43.0907989695098,0.22
0.6712732155541138,0.25383580411817286,0.3517581131224473,0.42779763687596883,0.6927715692549965,0.025040203005183614,0.26238847273362453,0.4637197279965928,0.5,0.32447124280357337,0.8157636115954137,1,43.880292948423566,0.25
0.22335187405545406,0.44651884816414145,0.3458674008619113,0.4160042566559642,0.03099478848113446,0.6176694605536389,0.6783106084017082,0.7467317148380467,0.6,0.6284833917730868,0.7235593540918033,0,49.09245339244744,0.28
0.4338064475957686,0.6836764534182269,0.3486875337902015,0.6915587207939498,0.5165745048430123,0.6039446649786266,0.39606525127848724,0.04125303250656254,0.6,0.43334250911439376,0.869091870518529,2,62.00181984992596,0.28
0.4342840306470671,0.3802942463816923,0.47638162713433035,0.42975880749956186,0.09995185577451304,0.6549959242014641,0.9955552995857763,0.01580323916329618,0.9,0.4493961199348153,0.9068072536055503,3,89.15102497466988,0.37
0.34155477218033037,0.4764736286378368,0.2834909531933572,0.3935614686626314,0.5575834968263828,0.7510087528825579,0.8267748280138787,0.5452049012226401,0.25,0.5057573779236058,0.33748970638443865,0,37.34786756458456,0.175
0.5111846206557499,0.42737453441442225,0.653151798577938,0.3411969688443415,0.6199159801841051,0.6967249452745534,0.8589662496934306,0.12228953720281865,0.5,0.6436815933644078,0.6109586784166986,3,49.78195230954424,0.25
0.7333743683570555,0.6315971114682433,0.7321761642986098,0.6609751051566672,0.9261821962748634,0.026017403551570006,0.8361997509577753,0.07674042655969726,0.5,0.503109774862238,0.6088078092055942,1,78.25074960599827,0.25
0.27815715921840345,0.4895530498492576,0.29348818665768217,0.6500250439449915,0.19462821160492227,0.0038941463811326127,0.4452567055360407,0.33435922671739227,0.25,0.35044088840763943,0.26729966881059697,0,30.23621194552616,0.175
0.5212891820508128,0.3448971228962982,0.7112794346039444,0.26335232932284336,0.16599291148702733,0.4510901608039063,0.40237088317218384,0.7676610326987415,0.6,0.5687077209353691,0.2219522514470672,1,62.560686475486996,0.28
0.5101243219092227,0.5965723050666991,0.2323666955328375,0.528820818263412,0.8931303060700324,0.6525672517670819,0.12441038872652388,0.29539079470985063,0.1,0.4398676531480064,0.11390725481902209,4,95.0,0.5800000000000001
0.6487456685047018,0.23714002292992936,0.48173363410864495,0.342206447981807,0.9133182968322798,0.08873449300788916,0.4068558393908265,0.9425046192334813,0.5,0.7370163051434798,0.6593141959164528,1,44.1024312213069,0.25
0.5646084483453064,0.26527255189336474,0.7153782868687788,0.6921007199431025,0.9506648414694857,0.4112031770488924,0.6673968880987974,0.45674559835399897,0.4,0.5004603831612252,0.7809189910307799,3,81.80749045418239,0.22
0.3022859309316401,0.37779623640080756,0.5231992360591737,0.5949342851488377,0.7534605394363417,0.03158133069299851,0.14415714892135845,0.6141988035435992,0.25,0.22071777698986678,0.7609529795170038,1,30.56360165396213,0.175
0.44346080833814205,0.2859602270785363,0.2572833215915794,0.7498709353028892,0.2325522624430636,0.6660522992691486,0.35122292746129835,0.8866455581278214,0.75,0.5453517097264013,0.31627537718497434,2,65.75866019289938,0.32499999999999996
0.450443666793918,0.679892462031674,0.465306802546013,0.7072967012003017,0.8192593855599865,0.4928378000687822,0.7728950870948578,0.2711378862350904,0.25,0.7441132971088635,0.20525985046520223,0,45.034511650100896,0.175
0.24826766052435284,0.26271055523400305,0.7112977032483234,0.7211211747746318,0.4942597768118626,0.19748205186327816,0.8608861685209939,0.8230676165684149,0.25,0.697945573670699,0.45361417845462193,1,29.91622366193422,0.175
0.37309459610594986,0.39534068784662957,0.4488476291591169,0.42888892403700996,0.9021496684090012,0.8774769812242594,0.9595962620594948,0.22833623163192596,0.75,0.7298822637872336,0.5468134602405106,3,79.08652611473174,0.32499999999999996
0.3045248687777782,0.6941064611666561,0.33931918038810405,0.5878998252127083,0.9318242907953155,0.5712131913519977,0.42249508391815216,0.560373895967873,0.9,0.3729009017104895,0.9190871279685557,1,165.67820278122636,0.37
0.2369356227542351,0.2213132323406362,0.5595517599173063,0.3864587216652932,0.34260235665027783,0.2885530069609521,0.24131433797752877,0.08242798945712682,0.1,0.6148250898265216,0.8748231542740541,1,20.74936222364809,0.13
0.5605026659960007,0.2517116611928567,0.7224182589537249,0.6116829567912025,0.49656489714718743,0.8877616757138874,0.6301519692743847,0.5209756327557735,0.25,0.4101886717506881,0.9160583313018277,1,40.0212157247564,0.175
0.6819469781641896,0.275058804724481,0.3760885328910782,0.4025892903134893,0.4285929182509165,0.46440162631719195,0.20927734757195093,0.8229358771930972,0.6,0.5286872911582156,0.8502623851359796,2,61.22290539462853,0.28
0.49544495657975024,0.3632776670290779,0.23334690820417284,0.4028831094056089,0.19838296328152805,0.716622756727313,0.7599850114961526,0.5748690420277343,0.75,0.3411948460106702,0.9645812044363112,2,70.31368473766568,0.32499999999999996
0.3400021230450052,0.4122567103047682,0.30832774844101446,0.34404300601060456,0.8629263749548285,0.29105035245065003,0.8816172212428632,0.7294104595993042,0.9,0.4198984822954678,0.46549999716905743,3,89.54321527943227,0.37
0.5448237872377479,0.4134846090179358,0.3899608662432207,0.49364809799730514,0.7987498277617607,0.6645797095273142,0.8463430169899694,0.9930988627176359,0.5,0.41591745561542726,0.04747349743309437,4,155.0,0.9
0.6245232974641592,0.40837737599137647,0.5231357209057124,0.731411443952497,0.42016285452463864,0.8139156837095703,0.7445797595180336,0.452870165712018,0.1,0.6131223879337752,0.08356203214847824,0,329.6188482465732,1.63
0.4870890627649279,0.7003886670846495,0.6365199433410349,0.23229527490758234,0.926948999732512,0.3944259295725947,0.5654659162762375,0.10594235699096155,0.9,0.6008708329538278,0.39027614177234315,3,70.20542170712417,0.37
0.4360043793080913,0.5840751243277236,0.74269155184651,0.45210696013883195,0.22577519406626623,0.8406961705337607,0.39655272282884735,0.3940840894152582,0.25,0.5352654135528386,0.25768709127299727,0,35.54992057036789,0.175
0.2510319997697067,0.5091050460920774,0.2696100856681782,0.6133357581536665,0.24598101819062024,0.4916103342974544,0.8058169613506224,0.8951641177737396,0.1,0.33149377437564703,0.16994059136106732,4,95.0,0.5800000000000001
0.47922234860397783,0.5978872526075076,0.6781490047831881,0.5459214094395275,0.07011443204418388,0.5748207312401155,0.46727336789233453,0.6142818504715784,0.6,0.4615754822951853,0.9532037745086486,0,68.65787511588938,0.28
0.5368416310892499,0.6150136624917972,0.663350250798967,0.6779795824523516,0.44727568690826913,0.3986448208534151,0.47188071242948937,0.5819991287564141,0.6,0.4071679959798449,0.19541958841062246,0,381.4817962631002,1.78
0.22003660762558583,0.5059046632387841,0.3189481203886533,0.673190239929981,0.5009832110317768,0.47214445102064617,0.8178353099580807,0.7456479912378577,0.1,0.6095059431055866,0.959379272315231,0,23.925305441477363,0.13
0.5566187268618487,0.431122363467841,0.30345732546674326,0.3864629942559046,0.3413784941811928,0.8005771175153205,0.8536506690045002,0.1534922053741905,0.25,0.6481390641515815,0.7608388403212071,3,32.67605228552095,0.175
0.5870777319971235,0.31239774986640134,0.25147061993610503,0.6884158170251531,0.5826824617307588,0.2853119935992138,0.7391723219267226,0.23878532935868324,0.6,0.6328867235359996,0.6409456721252235,1,57.90955457960352,0.28
0.6203156922690642,0.30988721186197293,0.3607713488864954,0.7346385974219871,0.6714035241730318,0.2551246560576339,0.5111437634299432,0.9486464679161921,0.25,0.40602807870964047,0.6760189600893783,1,31.939851102559253,0.175
0.5895014677175145,0.5357871023176036,0.3691956669832717,0.3645188292915873,0.3813075384564345,0.8757384859632077,0.9869445812038946,0.8748508488051633,0.6,0.15754194834993612,0.331474323659124,3,70.33108515421472,0.28
0.22173799027962676,0.6006650267960623,0.2237463737812865,0.2026715357775035,0.16586602972334286,0.819658219535163,0.03214939510056125,0.39330188369930785,0.4,0.27933239894287315,0.6464270380582822,2,36.24701589757554,0.22
0.6012222983235386,0.7218805664320189,0.6160766762500208,0.4594021048434083,0.8707333733178638,0.6887522127599198,0.5327404273378781,0.3878640250826205,0.6,0.6786241591172016,0.1866921182812653,3,371.31207211581625,1.78
0.4673248872584802,0.439875032457008,0.3785540169106836,0.48694281780221216,0.812296946470286,0.7095584039482209,0.46840531961567333,0.8924843372096598,0.5,0.4503533604515417,0.9377054325359795,2,57.25483769161604,0.25
0.4371330264276133,0.5289923340224261,0.693966044275602,0.7472551795280957,0.2299480178186324,0.1703915091586249,0.6428037643335816,0.9719943427017703,0.4,0.40659094119623074,0.30179333996059354,0,48.98159459200602,0.22
0.24330880943560443,0.41157590996373783,0.29938840767174524,0.39366626065904353,0.2472565733067703,0.2496703789338265,0.13949884796218992,0.8605635552736322,0.4,0.7063031058146877,0.25518651229354217,0,40.139710025492526,0.22
0.35811016020163267,0.2959954223947336,0.6202418293817098,0.47295880855607975,0.2263975404113341,0.5031785267248878,0.9908724780022046,0.012140900922043563,0.6,0.6590305397203101,0.7111627981941575,0,60.132954627057316,0.28
0.7055850702194741,0.217925843785858,0.23683790722259446,0.4218004706116893,0.5564860905107941,0.5122890427049458,0.8074473764101547,0.35528153955277697,0.5,0.5036621973094748,0.6564487180661819,2,54.87015113553319,0.25
0.24415252622222045,0.34450127802815844,0.7423163586921431,0.31492778411653777,0.41034135889904155,0.16793798059886367,0.7408152316357867,0.7847089091881483,0.6,0.4638591324403373,0.45129891834330527,3,65.56163742464534,0.28
0.3089647577766499,0.51550236783764,0.4738990599362362,0.5192410634615647,0.13666332077883026,0.39345707398832175,0.892904995362683,0.0027072736757871585,0.6,0.4840581964735517,0.6324462346907863,1,77.82166336689455,0.28
0.40720440301470073,0.654719297942221,0.2762193032933546,0.43561595521280616,0.2987590706226323,0.5550422850525477,0.3340938596599533,0.2720451891776694,0.25,0.5290471131914635,0.15949307176085614,4,117.5,0.7
0.579369016644248,0.6775300421555949,0.40326438349621674,0.512260079501564,0.4600374849032126,0.18152310810969374,0.5296252409594838,0.7066959213132259,0.9,0.7009668817748579,0.673328307401955,2,93.35465873752399,0.37
0.23802696975399384,0.2936754984615059,0.238025989356363,0.6003344905991871,0.5752949526285022,0.0931093308585309,0.8444086141655732,0.17497783748748819,0.5,0.5535041789510282,0.2706106951951939,2,55.475647189195925,0.25
0.3584329827971774,0.5980599096055108,0.23651905347380103,0.6744012902245791,0.7648120006111286,0.3605651107758504,0.7827613480561023,0.20627290340534576,0.75,0.5915177497829797,0.2728359766764573,2,70.85855951635791,0.32499999999999996
0.6595416089611004,0.24891080867765547,0.2130660785514526,0.23095884714009515,0.1866621036954298,0.49702584621748225,0.032936014698360494,0.22529733878233338,0.9,0.6470227133580366,0.16217993494378458,4,215.0,1.2200000000000002
0.6694965952307037,0.3290869189785427,0.5015503248220038,0.43443431174903124,0.7240122521843483,0.8373834783054255,0.08078536393781044,0.8820777094381044,0.9,0.35412765993177703,0.3323771350361646,1,89.6335240029202,0.37
0.6375390394257312,0.46889406580886883,0.47536346236369836,0.7440005667249463,0.797517204053179,0.8696842957069654,0.6984285545788399,0.6741530672939647,0.6,0.5951283510996025,0.3312510603113281,2,77.65887339801705,0.28
0.28257125621209145,0.6568871663102623,0.22846236008213666,0.46270682326513396,0.5250932333448638,0.652787224491315,0.9191096645666051,0.10052200141670842,0.75,0.46371316195378626,0.45417901170226926,0,70.14639788994653,0.32499999999999996
0.687484153163163,0.5658676810822667,0.5768680406513731,0.34482450524106706,0.3157644778460912,0.07245497359587183,0.9448051719440385,0.445265465999388,0.5,0.1855220130218489,0.1904195046663495,4,155.0,0.9
0.43021613524879987,0.4016195849244778,0.48679376558689685,0.4542253615790175,0.6753444706761884,0.8411200645043214,0.9910002480764886,0.16178245779226574,0.75,0.23410009038796298,0.1930075361587663,4,192.5,1.1
0.37979409353234417,0.3680143368041435,0.3379690904103172,0.40077598578661716,0.7995126057182287,0.8874228981367364,0.04887537685087562,0.7540905601855734,0.4,0.37310659339240493,0.5417385716632284,2,40.94320047019161,0.22
0.28246781286373335,0.6796573661019656,0.5311656655083851,0.27358253407662053,0.3547253211965503,0.648596791470432,0.5140481960388648,0.2597422520866369,0.6,0.567123149045978,0.12887740467047515,4,170.0,0.98
0.5816226338149508,0.6662165573988853,0.3306446196287424,0.28283032688549514,0.13522136200398605,0.11694723308920829,0.1033228577084917,0.6377900401345777,0.1,0.514851176800872,0.6888970079888351,2,19.01971633885882,0.13
0.20473949142356365,0.2259876863710668,0.6192382415669314,0.7429524826229317,0.3514108513995381,0.21663343820587244,0.691885092705903,0.6868495657664668,0.9,0.5236879630307064,0.9439471258625965,1,71.3881115249361,0.37
0.22468417736195215,0.611439027493941,0.23952419121252805,0.5256730536970168,0.5391682923569977,0.9349578168658509,0.3854142314414213,0.835862971269293,0.25,0.744907937621727,0.42679562166437823,2,32.218291226836726,0.175
0.6158414053355309,0.3975624184972557,0.20601409661086506,0.5273541436689843,0.07513940793219631,0.7398310940385044,0.98844741383193,0.8465982162878168,0.6,0.34167856774878635,0.9011053131506768,2,62.61075733719582,0.28
0.7451845454770154,0.34168958256117266,0.3042202024529687,0.2681592410144332,0.5796647193100594,0.6267660643271606,0.3532895494369468,0.6794852182581039,0.1,0.49716525264426054,0.09831659112586444,4,95.0,0.5800000000000001
0.5053905909450309,0.5280448046481504,0.6357489604437214,0.6141903004912803,0.770395383181327,0.9982284811178539,0.492462917000433,0.06130406577344227,0.25,0.5387236075115199,0.04295762737564457,0,346.82839781194997,1.675
0.690897822137298,0.6431749840882658,0.3359968956936945,0.5057325726816686,0.5958579507309852,0.11902414998216859,0.24476504355611006,0.32877991130573725,0.9,0.4084006337548091,0.7213688775138399,2,81.44224315150298,0.37
0.363576577501469,0.38138195875332637,0.712569403076498,0.5750427477868905,0.7310298731484106,0.18380812387850054,0.16575294684235253,0.04496424249882747,0.75,0.5041478236335095,0.7610215729814965,1,73.37611047420285,0.32499999999999996
0.7360247272881082,0.4293018951953095,0.49559066534468715,0.46791348095403196,0.8732399363538809,0.6935054243560607,0.03994646561762649,0.02829230563811458,0.25,0.3002465848909394,0.8430582409657513,3,33.91680461884081,0.175
0.25900788163804983,0.33018609698963186,0.49019999833246525,0.23705586782315344,0.5586742964750561,0.28253440128671103,0.5967263504319288,0.4346041756809653,0.1,0.6771564242053114,0.05681767839998142,4,95.0,0.5800000000000001
0.7123040611198892,0.26811402506885396,0.3088894105292989,0.6209266731662502,0.9233125623102546,0.2878090149613679,0.6791453684388935,0.05405431161859919,0.75,0.415245264743186,0.7769070549568304,1,65.55462478490554,0.32499999999999996
0.2533139979841226,0.6951529547884752,0.5991355338973946,0.2377414714098724,0.9558605341889254,0.9807574679083522,0.7390746290164124,0.46521247156357315,0.9,0.7549831437575484,0.3765387327965818,2,133.34351265722808,0.37
0.5805158837071092,0.5473956981942248,0.6165421880069553,0.6555088188691347,0.21999343932726134,0.8125163402479647,0.7363540971470223,0.22195403956094906,0.25,0.49653399607400045,0.3033376326821986,3,49.61470971151677,0.175
0.5950928097452353,0.5223969623990345,0.37735482521997776,0.5835005140064611,0.4512152941572657,0.46279893781678505,0.8264105499727091,0.6838446843340765,0.6,0.6293388398713092,0.17302392134329692,4,170.0,0.98
0.7263343715469288,0.5231369792908809,0.5653896776388396,0.4404204232098904,0.6431675435400551,0.6498274225632784,0.2704700793824789,0.371711259829534,0.25,0.4939257368260327,0.996015755102527,2,42.81844814074456,0.175
0.615866445358691,0.7487170657862499,0.2882141282372549,0.3113229037270693,0.04566228543670614,0.7869411358121238,0.43299821516981385,0.4382383570875735,0.75,0.4967506972814893,0.06366358931886362,4,192.5,1.1
0.4966907672654142,0.46475646849391206,0.5143633814786954,0.22699072624835018,0.24535626493362672,0.2094272814594289,0.5878219295690292,0.23255301520367577,0.4,0.4274653958097367,0.8270080146079994,3,39.36120604442077,0.22
0.42235205098174694,0.5206380441360585,0.5218552432177295,0.5615336789726055,0.06420885156546441,0.7675074159808983,0.37646943440636593,0.38023558389930445,0.1,0.5155179214852067,0.6394944354905275,0,19.618923914951083,0.13
0.5961188159514652,0.5528509618374712,0.6346337354641893,0.5436183490765254,0.4313182815157913,0.8150448234080938,0.3208368959398171,0.758036211257836,0.4,0.5404220587299273,0.7350804442618671,3,65.19351449019608,0.22
0.49562921439546254,0.533408035888296,0.2556563517143328,0.35023609739903605,0.9395448407795433,0.6608681959247994,0.43168108117702464,0.7477897231466647,0.5,0.402391652186898,0.7117171199217964,2,50.061853327515415,0.25
0.4900698793619722,0.680142968470939,0.5734783559583962,0.24972444315954367,0.4578973697513855,0.4144272711081408,0.5252831635726832,0.3177223348092938,0.75,0.48494188546138994,0.8584344850731825,0,90.4079485707863,0.32499999999999996
0.5257512227444224,0.32195589320040446,0.6037091078837977,0.655092468879811,0.1042502162800012,0.4148520055261652,0.12385688112930193,0.4104414735554467,0.1,0.4242008326889441,0.1837920698561083,4,95.0,0.5800000000000001
0.5264009499244854,0.5252494353634404,0.3862252937659477,0.4454375116387202,0.5569337212134503,0.9307111812056468,0.03622233104530359,0.6214584065019442,0.9,0.7885765516604769,0.0008246168346853766,4,215.0,1.2200000000000002
0.6752595945984401,0.5978261820319362,0.48586451283271376,0.40252781243660407,0.4577351866500773,0.020261128204139167,0.24954817593872036,0.11848525235480156,0.6,0.48936404472878536,0.5985284890432662,2,72.09360060129833,0.28
0.22770885605870492,0.2786540707295118,0.3061638542466539,0.40536094879227114,0.21679414573144473,0.2745702434609182,0.4013063353821963,0.5290393934888903,0.9,0.6941026448220617,0.35385863932333395,0,71.52009297896628,0.37
0.7192790058919512,0.4778343671723118,0.3291620897925771,0.25816257560383277,0.0009899939263861013,0.1618693606287408,0.0935663856088007,0.5496733992627437,0.9,0.47610375016612444,0.12378733111713769,2,378.4837834591175,1.87
0.38606803853163024,0.6486518495530813,0.4108385363757794,0.6248781933123275,0.3290748704012698,0.5483977360347181,0.22182330217467783,0.024229354087584865,0.25,0.533069953909927,0.18613875410423886,4,117.5,0.7
0.6414877368697834,0.2609514233342873,0.534762863944731,0.727502834854111,0.9413669012702468,0.10830812118899402,0.1268587479617168,0.1465468265101405,0.1,0.3351324871243012,0.3317493124592229,1,18.39007696904834,0.13
0.4211759411969547,0.22801924895166226,0.7078164796418334,0.6860164548648657,0.9812765239932727,0.6176602401699961,0.6102899517038506,0.9866982015185296,0.75,0.4446158345919221,0.07023337088670323,1,367.8412443326466,1.825
0.48717779596495103,0.5037392161892054,0.3164576065268687,0.6506979155495506,0.08843876927465477,0.9745008925422891,0.2040131465540409,0.6230715035620354,0.25,0.5269648521679028,0.05691320212845086,2,331.34728534289013,1.675
0.47423002111566953,0.2186327873284061,0.5756582260469488,0.7227729483914884,0.4200835653027917,0.3839518134771782,0.9312433284794626,0.14922772844025645,0.25,0.6992082875406201,0.9160262548324442,1,31.756877046744073,0.175
0.37165651214453294,0.7402268836104717,0.7304018545817199,0.2784142052799126,0.5143193331146834,0.7110693539776523,0.5039329644302343,0.9045063504194472,0.1,0.41904189648883483,0.8277406698600205,0,25.672221078030525,0.13
0.5932083665929051,0.5304426890198881,0.5798558902078346,0.25290505000796115,0.1844459608868413,0.9733486837459057,0.812190551851192,0.8607333618648696,0.4,0.5283223666390653,0.7708102818323926,3,49.68135940337921,0.22
0.3037080432490069,0.24215126379798485,0.5322738128693891,0.7426250917170001,0.48290783237107116,0.8372015493375974,0.30677408357720515,0.7619481785641752,0.4,0.55008624641263,0.5003156144194704,0,45.967200755611465,0.22
0.5695914957118678,0.5909188442620613,0.7415217728488046,0.5729063547944879,0.14045015838902264,0.3070519159625087,0.44573266335973283,0.32231971814342186,0.4,0.5410587743423738,0.7678573756338111,3,61.66293340547119,0.22
0.2220998649456587,0.6768530804711288,0.400573059708338,0.20239999183309346,0.3870171156241836,0.820104744783698,0.25667589214216757,0.7452811721545722,0.5,0.4610137923090514,0.2678756020772608,0,47.94305807084612,0.25
0.47897879765845136,0.7153582504819451,0.34153187795724077,0.47033224517906197,0.07371206911165185,0.7657391075150608,0.792023242829773,0.401698775502482,0.1,0.36264975887913903,0.5895063304034679,0,20.70221948372691,0.13
0.29557728828031493,0.23173096941654206,0.24429972069221226,0.5998559982787455,0.7224778231674704,0.9151384037450991,0.8007129735545269,0.3904465103969599,0.1,0.5839797002358561,0.8651834547878755,0,27.935178125434955,0.13
0.675240958908182,0.27881436158887013,0.35857521229575784,0.30726620720465503,0.4842135142800644,0.7793575447858054,0.29259458984912357,0.8038827403088735,0.6,0.5021676389425762,0.3179845046165125,2,61.15979608086438,0.28
0.21477067730953536,0.5043872534378411,0.5849571935757062,0.5563326144867888,0.32807114256094116,0.8059905823855381,0.08680044335072334,0.044397296910590134,0.9,0.6118453717285435,0.4835499824307432,0,72.22916644093964,0.37
0.4134294510162362,0.5052556352669479,0.2517546186499236,0.2848670452974765,0.9976754473698223,0.869457123234689,0.8828475034662039,0.9512799476066175,0.25,0.5995379892282044,0.9510448541728894,2,39.948462178467146,0.175
0.7124870407541408,0.6188292613009433,0.7075065027038421,0.704174156474652,0.43831630941448785,0.2868355546801522,0.130024995017903,0.5012091335384645,0.9,0.3225601252874934,0.7982118419717367,1,132.35986414676543,0.37
0.5571659394092574,0.7105312564616908,0.4291872566953548,0.20198893463171752,0.22004832047660783,0.9355508567393197,0.004003162442779096,0.14319673774312158,0.4,0.3209998016487026,0.8870390203305527,3,37.21026018434181,0.22
0.23441411371538767,0.2602180291354484,0.25244439925057316,0.3934363149676449,0.2464758530834268,0.19895671159319506,0.2257784365797103,0.6560476050611784,0.4,0.40598784392948944,0.38524706089044636,0,39.820921369457,0.22
0.5856989439101468,0.6348568436302723,0.5246173008895436,0.2805398960063388,0.3275120783131492,0.6150243819033733,0.8902579336462912,0.602556765525702,0.1,0.3683295269497873,0.9965052596345588,3,25.988007165313824,0.13
0.6113458811814965,0.39514105552567946,0.20714634176948796,0.35432374129301214,0.6945327912863815,0.3655032982213573,0.15973846762270916,0.3205840624499061,0.4,0.5951771743489592,0.15256560468381297,4,140.0,0.8200000000000001
0.3818303047775379,0.3508350443699566,0.6465285842531721,0.6179595186767497,0.9642826487041081,0.6218113844531371,0.2775111194340152,0.45091526716210384,0.5,0.5445934338999886,0.518770583216309,1,57.838183696841,0.25
0.5825536167269528,0.2764527931817459,0.6443086503384552,0.5724467789148281,0.8355130374309944,0.6684435707057735,0.5606528407291682,0.8851628766338411,0.6,0.6382461637863287,0.4792733822962494,1,61.48904843586061,0.28
0.30716072756476553,0.5564516616548341,0.4659314025520246,0.4416425340209238,0.6724395722167903,0.6427297307910954,0.18976813721076813,0.10638868301240778,0.25,0.5502507516097157,0.7984321908001345,3,33.98292231725384,0.175
0.26166773990981385,0.485067351714841,0.2549624949348,0.29033936298984664,0.965142117057399,0.5988583701003527,0.4156834091464291,0.5890208209102176,0.25,0.5267287914838424,0.908617772515012,2,33.012929999022454,0.175
0.2729004728511195,0.7247595534885043,0.35667557974413955,0.39536237797780427,0.06181196107171538,0.8221272739041068,0.21664553556433597,0.804546006317947,0.5,0.6508370325536095,0.7311393769080597,2,52.11032505612773,0.25
0.37714433346281984,0.6940377448479791,0.5096312512341887,0.7055379444133214,0.5343784432636106,0.27657201365690276,0.03020994824207046,0.8158333553266057,0.1,0.5594223125133679,0.6268162361303028,2,20.649557564464956,0.13
0.36495869820534255,0.26315907093757196,0.5059201489982961,0.39004534548450964,0.17646014146930666,0.051805115639873445,0.7558777308258808,0.3500432223729788,0.25,0.5091285590851438,0.4274291908485037,1,27.741389528548435,0.175
0.6410487584199116,0.6836828749014123,0.4599154309988895,0.7342474632470297,0.38933400559165,0.24706758728071898,0.8591784786968971,0.29732952610653207,0.6,0.6859906652099388,0.5103259170757342,2,78.43453358385926,0.28
0.5041571534894232,0.34900621636247187,0.46893653343935104,0.2205206608216102,0.21019256975102385,0.3092497263361561,0.20314957516739696,0.31765522080520747,0.9,0.5150241526350492,0.5093003132248218,3,72.49567214359293,0.37
0.6422006381446872,0.25578927796993156,0.3698116686766527,0.5109241008527189,0.08293622286817304,0.15853002911945835,0.4170528833961479,0.8794668555898764,0.6,0.46248947980457267,0.020368473684377664,4,170.0,0.98
0.2236363191057944,0.24362429454979656,0.5828639966871572,0.2394774011834228,0.057290746722285846,0.21267470676003064,0.9083456755415963,0.8900146741599216,0.25,0.39568399432123735,0.5030458048276777,0,26.960062853444647,0.175
0.4623955764360571,0.38628259838141277,0.32544367437602906,0.30382839382501603,0.6794508332959412,0.24047355409523796,0.41981056105578574,0.21122099443796505,0.9,0.5886371220486296,0.8559708001741249,3,77.80754984205876,0.37
0.6198762115529187,0.7233482062326555,0.27709885821183244,0.7278246705457698,0.12858850912520325,0.3799983945138915,0.5758216050703502,0.35993267546480523,0.5,0.6555105333178108,0.7092740111422482,2,53.22019931977118,0.25
0.5271193769113072,0.5529132229497915,0.5904595079784201,0.5872653896950195,0.6108245504659697,0.29625473537930547,0.3458505277607903,0.7906735916446096,0.75,0.49426578186254055,0.7957086221250048,1,98.32015539114126,0.32499999999999996
0.6508961095021286,0.46590775824123365,0.49334722313308566,0.37810485135487876,0.878314730893858,0.32203408153105206,0.5715158013452762,0.27816228389226805,0.25,0.6643846291640219,0.390484989768521,1,38.234708143777596,0.175
0.2578916765807144,0.5655521050094205,0.21848548305243803,0.35159927809585256,0.05333464170742752,0.737857181360408,0.17100348323615033,0.42571252374691715,0.6,0.2539050245248808,0.5289732369129581,0,51.22538483614312,0.28
0.25182642544535516,0.3048999365274949,0.5513020020935595,0.545662146612705,0.4870454933791568,0.18447158417910592,0.09455535066339626,0.3480130146710706,0.1,0.49365643925078073,0.03348356899710048,4,95.0,0.5800000000000001
0.4315802021476417,0.24959458706922016,0.4383556540526746,0.3940096795220614,0.9522859075503184,0.6151355899884214,0.3814102284029025,0.03891082077421493,0.6,0.49557970620193703,0.3829979421693436,1,59.20542350833391,0.28
0.5962525340707724,0.5184646345094786,0.47036117203534944,0.46784014526774736,0.6002732813910818,0.09225764093537259,0.5425440710475263,0.7519505082717429,0.25,0.4095625665784194,0.474416044892644,1,37.34249796854388,0.175
0.7314632879932303,0.6159618219368979,0.4733387582530703,0.4635724370889377,0.42358534829478633,0.2994114948165244,0.0473842338175986,0.024777875161596796,0.9,0.79912013598752,0.25520889959908166,3,94.25997497690034,0.37
0.21456350571772992,0.7183800948258938,0.3755456844720313,0.3407664950344091,0.4300265696455212,0.8833452707029679,0.24406277879319038,0.5740555057818213,0.1,0.49231161326389994,0.031240978990649815,4,95.0,0.5800000000000001
0.7496749089632193,0.5952793193274886,0.2260500753146084,0.23403701236406707,0.6843058196797618,0.060829867501361434,0.1531003758033771,0.33127679341956706,0.6,0.44954242289518065,0.6904081087789521,2,51.05870334925395,0.28
0.21402586017810885,0.529790394732078,0.2393604750340735,0.7133635962647118,0.6700931741485705,0.4390351122280969,0.7341950682182453,0.8675978655731925,0.1,0.5038517121026341,0.4350877508488432,0,26.412930068160307,0.13
0.715298597012473,0.5003297367114439,0.539151412267773,0.3605419208388874,0.7583722765985429,0.9922472073132491,0.7543610687316497,0.8521791950074505,0.6,0.24979779910952835,0.4156781931122342,3,69.69741303008841,0.28
0.23518489832455033,0.6056032448554987,0.25598229381195964,0.24705670256011625,0.832366358465001,0.7302657622800466,0.8018018166558906,0.9346832278674102,0.5,0.405445968507859,0.2499867540285089,0,55.173134448475444,0.25
0.3711727100623231,0.20685611291083514,0.4387195886659738,0.5892245005440422,0.4752073785262926,0.6382870239125435,0.5149397215727727,0.851036987192073,0.9,0.623727047224845,0.5378303989980171,1,76.31054292227807,0.37
0.6407419122820666,0.5323690170894068,0.665780811712652,0.4235762120719107,0.4313596028715073,0.8197267711447329,0.7993545750571388,0.9618861013685905,0.6,0.4218407768747847,0.43802678127073147,3,76.47333308245446,0.28
0.6668246467832621,0.47856032077410865,0.3226698703990625,0.7192801056632563,0.24892069925741878,0.7096195098859123,0.7569194976474862,0.9362784928046657,0.4,0.39680452165534147,0.47398447302909097,1,58.99963996226987,0.22
0.3512339806104141,0.21441081630328623,0.33347072362526486,0.4016781586915853,0.9069024180555311,0.5735258617084483,0.5791531858639798,0.1672912284042294,0.1,0.6645862433713229,0.580871348436382,3,20.866074892044963,0.13
0.39324232580909524,0.48856713019396447,0.685719785119758,0.3607860249103345,0.9749627024237711,0.25501746270342684,0.7247362184512921,0.7957950048053125,0.6,0.6684342598188928,0.006324647239735359,4,170.0,0.98
0.4864238343775429,0.38707642452866364,0.6519751826552602,0.28668083230866315,0.44121550461138104,0.211193720029058,0.18896038421968675,0.8564960009015917,0.5,0.5653408489162752,0.9076959035384226,1,53.95602523404564,0.25
0.2569306475705322,0.476647389280681,0.5695381721710207,0.6375388605999217,0.5107564867485148,0.0901369820382667,0.7170194727628887,0.2501710528050296,0.1,0.4436084299417045,0.07108739694508126,4,95.0,0.5800000000000001
0.5242936690979241,0.6256173687254504,0.4159905322085081,0.21807721864655794,0.8763947507508792,0.30957178602997526,0.20027083009014313,0.08485844355493433,0.6,0.4706127825364845,0.4509247473159945,2,64.3730926717849,0.28
0.2638546193458561,0.22129743067594793,0.380919007762071,0.4725202376977753,0.5115311366376475,0.4507375878182873,0.7513121446031429,0.4646025871930364,0.25,0.39990074054752023,0.20737287523938142,1,32.813405869838164,0.175
0.39597461601131667,0.5083297112865157,0.46433503167103324,0.5728685410251673,0.34381596892437105,0.2616549156329441,0.2781467454699711,0.927847901827814,0.25,0.37602991272223885,0.5237823693698753,0,35.85173405569545,0.175
0.5668291899598734,0.37493528090977374,0.3904179504486004,0.5218313019027169,0.16507860208781233,0.9881764245571502,0.32691945519222476,0.08839023541749746,0.1,0.3698133106232384,0.28023010879713783,3,21.78241419676791,0.13
0.5280378573399631,0.3730849525004233,0.38167483717648387,0.5817247572523809,0.24869038078786498,0.0584143795546187,0.7900297691639159,0.5125529125411055,0.4,0.4232045983094801,0.8600064980626039,1,42.77846477757579,0.22
0.5560759525818383,0.2742779425738761,0.4425730338214664,0.6909883432908247,0.3369866188668009,0.6620496046315625,0.6306465259503202,0.9398720892275902,0.25,0.3710274314968353,0.39635983396242025,1,37.1549690631756,0.175
0.2199681218574614,0.6703401705663176,0.289747986385279,0.4789867478539438,0.9612605167483796,0.6806837756654053,0.8178159272441685,0.7924251003351785,0.1,0.30478527494519736,0.6387555557684373,2,29.30699367761172,0.13
0.4333850359076563,0.20557113553780237,0.7034683153992976,0.45020887503386814,0.4913035326998998,0.7044582880334169,0.07825900768357019,0.7580210831503069,0.5,0.5280753493355493,0.24887972814787895,3,66.84213065957356,0.25
0.7248475522183382,0.35770914553856986,0.6764516753787848,0.7073142656975968,0.9618330071923676,0.08497475312573843,0.8361157845918545,0.9329800266492713,0.25,0.5299778850548239,0.019406150494017504,4,117.5,0.7
0.5062578290039295,0.31147278332724465,0.5768860876581461,0.5019379365912031,0.2261888898020621,0.5248111876092038,0.9278582254629885,0.9602260045229679,0.1,0.7135827568362187,0.4041545356132761,0,23.519576197278155,0.13
0.7194913162189442,0.4415996339957705,0.3476825062019021,0.27605785082175893,0.12788238435231636,0.34900422555545063,0.6981446411508566,0.2215584993859303,0.5,0.41690777789672356,0.5364864895582901,3,47.85652358316377,0.25
0.5842484627776737,0.7357602904393203,0.21558907381426917,0.6072449451279698,0.3247706286344808,0.023291060004693276,0.1535216809311989,0.5623294944177438,0.1,0.5376798636254967,0.4595471512617503,2,18.677035252465217,0.13
0.7098116994078167,0.24112984382504216,0.2605935248083733,0.5805764041473398,0.6530900663041828,0.6489118310958369,0.7783604707782167,0.41528141373879146,0.9,0.5397601037710489,0.96201436381886,1,79.03235937378777,0.37
0.5563798567426836,0.23785507842393516,0.6589325136831361,0.48788311631469083,0.2734907162411555,0.015580700042524986,0.2066298260523869,0.31238781220203726,0.5,0.4688137348380339,0.7068391738460283,1,43.0358709457953,0.25
0.698958555335137,0.6828949845459875,0.6468792729775912,0.4837443929344318,0.17820685648046553,0.020144471496602256,0.15744760866519159,0.6660995535675723,0.9,0.5938099418944791,0.9956698006253952,3,107.15761679761574,0.37
0.33844085296218773,0.47828652715112296,0.25544625779097907,0.5623653816603844,0.6295854164725958,0.9356836393980424,0.7981682913973093,0.5677561168411912,0.9,0.5976788501251497,0.29506009031397196,2,82.41141205486173,0.37
0.2736874705759542,0.4811451293753977,0.2299100857917498,0.36473186965105525,0.13755634749321133,0.5640718189251569,0.061595060914180766,0.4308848974108528,0.9,0.5416007287379503,0.7890532796071466,2,69.3586608319926,0.37
0.3276442533683833,0.5410173484914188,0.6327326916123799,0.2315166249972894,0.39025862894719543,0.42781380936294167,0.2798259183947872,0.6858304476238237,0.5,0.46858806095948036,0.5555584675466139,0,53.03657642943044,0.25
0.6676560268354614,0.6734222322250325,0.38824799085841255,0.5624522362836772,0.8409444672987795,0.7685169925989775,0.6277520957908803,0.5383447993330133,0.4,0.45582881223205984,0.6117603544484994,2,52.10926764881545,0.22
0.4214371674368973,0.2848049852042973,0.4907643302097107,0.24749782097587816,0.03108418000803037,0.7229339986919212,0.5449829395784974,0.2707410506638869,0.75,0.32932331057105907,0.9858532004423277,3,63.89485849892507,0.32499999999999996
0.6831596854677934,0.7083593676752848,0.651887225356272,0.5093904664157882,0.32784203885344165,0.9356067864697414,0.624362245117227,0.4759124346575283,0.1,0.39967936526018705,0.653987199751117,3,27.330090595262455,0.13
0.5066792251190002,0.7415340571305113,0.3363459294071506,0.24177160124786412,0.6209217397084077,0.413742324985657,0.4701822732030162,0.2903092567076704,0.75,0.4227095683282272,0.8988168923369179,3,63.81203198138687,0.32499999999999996
0.5090675079806478,0.3808320787955568,0.3772863250444244,0.20389694479347142,0.4398533005916445,0.6855922324379105,0.03994192508646921,0.7950274072961548,0.4,0.35985098350358147,0.725750234719247,2,42.71661850975787,0.22
0.5279316752513632,0.34521853625158777,0.30332220150597455,0.22223756226615204,0.28297954086131283,0.6825597934324997,0.64272531468006,0.6526280491413053,0.1,0.555690178411038,0.12738612172475006,4,95.0,0.5800000000000001
0.40039886706158623,0.6834328798125516,0.38516894417855485,0.5734908155657765,0.6081289162558029,0.9591018380695349,0.5083441626953908,0.7323191155153514,0.25,0.6504485950052803,0.6994237103223125,2,37.9559506815996,0.175
0.6161008298710491,0.3804554450546098,0.6519024042566228,0.580533812816822,0.7054493312345776,0.23626757727833037,0.2833058391868256,0.42401709815696786,0.25,0.386888277993617,0.48431558868548197,1,33.72012512722234,0.175
0.5075832257855234,0.2005458552278459,0.2192999212575445,0.7449762142583349,0.27769793046320923,0.3667430989299597,0.39096061392830594,0.603864560938344,0.1,0.536094618229884,0.9187979929823424,1,21.75541388964908,0.13
0.6302561579269577,0.7156608923251209,0.6962667627049152,0.21124364072851298,0.21989004273506163,0.8042918658766873,0.4375363567715046,0.7062441116832469,0.6,0.3711038002450784,0.8068344471904552,3,58.62822031602933,0.28
0.6355160093850907,0.4481301592061351,0.6342570122003607,0.20369368128986184,0.08144248124081788,0.4699653941243669,0.02821953217732831,0.6759099918155648,0.1,0.4624166530685795,0.10413468760722522,2,324.0940950671529,1.63
0.35850961566031037,0.6132280766852163,0.6361614337308744,0.5408430306680432,0.34371007699706957,0.9492528141058286,0.3241242146014194,0.5638058980177268,0.75,0.4141539235684288,0.13391564365355846,4,192.5,1.1
0.3656909041954451,0.37069942520832466,0.7317201800031181,0.44156669857881253,0.2573875756946147,0.6201126289473403,0.4670423501332346,0.3706282615056329,0.5,0.5759731187594254,0.06961100179860558,4,155.0,0.9
0.4459190526341104,0.5037830126323848,0.42522628527541384,0.5039693605285778,0.20368934908017988,0.1115213439714553,0.11987913395667327,0.9990400175055532,0.75,0.4155991986509946,0.4932448747446174,0,80.73498195331216,0.32499999999999996
0.43778448252215685,0.6546932057812027,0.6999780608890562,0.712660642898449,0.4123107268572347,0.001929707873339459,0.9529287906260143,0.01997992422981265,0.4,0.6272860037584601,0.08077175920735302,4,140.0,0.8200000000000001
0.5103629132061627,0.44318170660547246,0.587882032335511,0.6610779752127487,0.4185861255545337,0.7174775859706559,0.9145992443717617,0.712886291432101,0.1,0.46983016137623523,0.723678336574694,0,26.490436660351122,0.13
0.5096402331365075,0.5849895620022438,0.6123511428966865,0.5720165771945078,0.4636257549000118,0.9744420389841034,0.03931938303327043,0.986892202538008,0.25,0.4192538297594462,0.5523585814504327,0,42.44587409370254,0.175
0.6103734556511202,0.31475493290579915,0.4741060008619887,0.523547705032798,0.8493915517084389,0.9289300171263591,0.25477242409753664,0.14245807228426977,0.6,0.34365516684746766,0.8358850175531424,1,67.71390788171385,0.28
0.20136286197136272,0.6707793798475251,0.5355134796447016,0.2710249824340118,0.6633152793727001,0.51585943798612,0.5231679607443794,0.9246191784832176,0.75,0.5323081924303787,0.27979578867131627,3,75.31137978790888,0.32499999999999996
0.6489963899167049,0.5943813315422997,0.6170647489050004,0.41562335402402095,0.6200809066532622,0.3110638351045899,0.40006655641787603,0.13349583509185126,0.25,0.6127045266451404,0.5191407841611407,3,33.39275160904187,0.175
0.6698113786822457,0.42771517017279925,0.5137800341200753,0.20035326703493056,0.19231404027568932,0.1433500702095385,0.8102913412113545,0.7048734679721188,0.4,0.5348273165092723,0.11747968591054436,4,140.0,0.8200000000000001
0.5546802130728243,0.5949966856703652,0.5119101510188357,0.47310734937398885,0.5303450176108518,0.37436783362757076,0.6684942903243505,0.812905347695761,0.9,0.7809588002687132,0.8846100026502804,2,112.22355425396933,0.37
0.6454650605414396,0.5747549944408831,0.35294072184601266,0.7274903359439924,0.881233215671709,0.5470162282063336,0.8198851218197009,0.511305953412695,0.75,0.6796460563604098,0.1750049622898383,4,192.5,1.1
0.5889969568074375,0.7433664109018336,0.7341937239478777,0.7054003475455495,0.47453008918789086,0.8654318556221002,0.386373936264664,0.39591267904070226,0.4,0.46209036700090234,0.102362251350405,4,140.0,0.8200000000000001
0.6154543476739192,0.5351861526733321,0.29469386502560835,0.4988432795830668,0.30491134528491615,0.5187017282946167,0.5448500336894607,0.660461145310457,0.25,0.46077554357431005,0.2050505985231833,2,35.89555111653162,0.175
0.62095708731688,0.48647143728806236,0.6775315206231118,0.26031074455543407,0.4305023101095705,0.21783729188359935,0.8668420624138758,0.3460008672380144,0.4,0.5594184780857034,0.8062314887229814,3,42.228394129815044,0.22
0.4095171914267488,0.4782804302265115,0.43777891272800945,0.2597226013018542,0.9229434198401747,0.20735333302645576,0.5600574762362305,0.5366150935294522,0.5,0.3956594599887356,0.1058145276846828,1,361.02876318598425,1.75
0.2844405617245468,0.660689511070518,0.4664113425607981,0.2267973347140002,0.8286478479269953,0.13885138675082975,0.9099371729174613,0.5314281721720702,0.5,0.646649316463678,0.6144274948381659,3,50.304472017625045,0.25
0.20907019243770747,0.46041147109687963,0.290408299258444,0.587819270299572,0.5861093839143664,0.5101662932977671,0.03602490683626647,0.4970906618065981,0.25,0.5458821073900224,0.7461813006151257,2,28.156137691860327,0.175
0.6374279043902633,0.32556318965140807,0.5256973196849795,0.28494455391696233,0.26354966267699054,0.34268818037783144,0.6491015991871399,0.49769712947410594,0.1,0.5327157254738765,0.7510811604828711,3,24.45792169066951,0.13
0.3669704583769129,0.6888375217997884,0.499253950315271,0.6872387823293101,0.09321821266746044,0.07304127476175892,0.18565769561737033,0.19088514657222366,0.5,0.5866245283664957,0.19006088660813114,4,155.0,0.9
0.32388629229872884,0.3815133887867663,0.4590236761512494,0.4640440413569986,0.6083007569713649,0.1778144640455428,0.8817194232747706,0.20976066061341314,0.75,0.7163423607702396,0.06162399837761201,4,192.5,1.1
0.7487063819510353,0.26294492543412157,0.668580769580875,0.6750251216820287,0.09113144542638263,0.8757460163596469,0.295327576076733,0.4254226298337358,0.25,0.5220085230817387,0.4488063837722176,1,40.09557419287303,0.175
0.5042592473457831,0.38922044254253463,0.4855743573585629,0.3608572376436101,0.9590263840124423,0.9443692191577738,0.7149168892649178,0.06893895173255471,0.4,0.48644509469868863,0.2024853452445461,1,56.91057658441668,0.22
0.6395090966419668,0.4740535372906816,0.7092131983825978,0.5424802393958241,0.5933401254113975,0.9890779350422578,0.9469162284239805,0.10600249251994287,0.25,0.6895303552328875,0.699270809013938,3,38.91126168528779,0.175
0.3961810398104816,0.4471446675682227,0.2624167132059415,0.5121526576015054,0.30364513453813335,0.6751707163810492,0.4670183574131995,0.3231282061454709,0.6,0.5470100844984168,0.12565330683749687,4,170.0,0.98
0.302038304297549,0.5734421135032155,0.23914285240134153,0.7367420257547279,0.28677421076029486,0.13602744522090648,0.5493180822758392,0.4465966901175078,0.5,0.4352805763728672,0.41510742666849476,2,51.09745033842478,0.25
0.5764898382221965,0.29995126229655944,0.2077520550040207,0.3839545907128703,0.5121864202999443,0.21535716747940448,0.9386106707732477,0.6385911963305415,0.1,0.4674887077458855,0.6488469339936108,1,20.372717366167596,0.13
0.2840472952287141,0.3201262332157503,0.6800126421408392,0.5317625630279672,0.8996006573833368,0.10927116603275544,0.6228509658561748,0.8494618186441611,0.25,0.40581639130839886,0.7334907975299367,1,30.024833511622038,0.175
0.29705170916589474,0.5061626703780968,0.34067935938374627,0.7369104753969491,0.33092077981446666,0.1951431691359864,0.26502130580561967,0.272933726749799,0.9,0.4804106087680499,0.3663721549094904,0,78.9799002015419,0.37
0.2180164766450324,0.6027751321922983,0.6251483644052851,0.23693952017673517,0.44719896492353517,0.32596360277933156,0.2712740727079913,0.6485122984051379,0.75,0.7371985797865577,0.7462818127353477,0,64.6629590737175,0.32499999999999996
0.2945281503272434,0.4113686625071767,0.6774851545909873,0.4953499661301747,0.05303237167188446,0.34036377813972996,0.6897519659404748,0.17584974928100594,0.75,0.6740450043481332,0.12415001291067829,4,192.5,1.1
0.5604187675040098,0.6306570595012635,0.655467533585636,0.4619564986960246,0.22092786221291238,0.20066662541291747,0.0009261067314049187,0.4737677518315727,0.25,0.5449903075775092,0.3318126252577047,3,40.33883851481244,0.175
0.4798362263254148,0.5949032213982788,0.34483829730459453,0.6699693550010384,0.038958789416123185,0.2729398117749001,0.9948034245919716,0.9183962113902998,0.1,0.49743312049832283,0.716433175755905,2,32.55375508329002,0.13
0.21143275346171286,0.30767438121534857,0.6401099686700769,0.3871420165409698,0.2150758081563342,0.31000243191393273,0.4637045822685515,0.8444135466592435,0.4,0.6063158848405205,0.6256827902603751,0,38.588590467697024,0.22
0.2824080579807683,0.30271511564127185,0.4919160210648383,0.6653998411397433,0.8026459413930911,0.12624143656628217,0.12444884834835213,0.41673225389404467,0.75,0.642101397700556,0.8372102148616549,0,74.29780101451485,0.32499999999999996
0.23885789367411084,0.21676450001855718,0.45584247471026373,0.7259030782794991,0.8700953896137721,0.8820849990955023,0.10736584968653018,0.5742972879655516,0.5,0.39668640679263084,0.04685702266715508,4,155.0,0.9
0.35345539187776953,0.7275437964868767,0.6882246471245008,0.35572429201313116,0.1556751971251129,0.6861293100027828,0.9164332479289065,0.4547692924755936,0.75,0.4909033009601718,0.17439171782304852,0,370.335766317951,1.825
0.6493214353408807,0.5772270164128503,0.4815023138976165,0.43260387867358113,0.0830827746920515,0.5792541958945455,0.4085166701358547,0.8108987523339602,0.5,0.27244547095198524,0.04849458227196646,4,155.0,0.9
0.6485265157590012,0.6361936879822617,0.6163149847684075,0.7490407731684128,0.34034446392638773,0.8748972004725892,0.27370040763478487,0.15751763588868595,0.5,0.641241315308947,0.19211422424921132,4,155.0,0.9
0.46318185351776114,0.6438076378009537,0.6743631018409132,0.31638141979952616,0.3064803773185799,0.03491579182274651,0.2812459668742413,0.6601176338820307,0.6,0.7591937283667439,0.004282810632935008,4,170.0,0.98
0.22313654312918355,0.42261162120371887,0.6712051764402268,0.35900680465698065,0.14228297855659233,0.11136497278658797,0.1323852912543504,0.07755167426146636,0.9,0.5106289653056538,0.5042103016788663,0,70.0594818638624,0.37
0.5850055847370832,0.2040414764853445,0.39545043777613076,0.5385341821169831,0.8746354118429396,0.9441151154965282,0.046561151728786276,0.7600717815435403,0.5,0.23449572910373645,0.5283143955682554,2,52.051519754471535,0.25
0.2713664545397853,0.6931338016810887,0.2859506874143936,0.7003864497521972,0.7371517467171977,0.9969094246100404,0.3478706617210682,0.2855089916904162,0.6,0.5768490526764631,0.6578917814059948,2,57.23196494782154,0.28
0.3190141197756361,0.7468532706537125,0.532611792312575,0.24638969194107121,0.45308212080982724,0.8565751771491905,0.7285936425378988,0.47162381396750275,0.9,0.38738583114589603,0.38491244720104345,3,76.78691623210119,0.37
0.23590247896326294,0.24120693294270784,0.5244410110100235,0.6452685612800619,0.2445628432858732,0.7270157412683711,0.8545268680421961,0.39995123106749086,0.4,0.4175325173651413,0.003207690685184006,4,140.0,0.8200000000000001
0.4216295079737782,0.44465966760502407,0.5241082370155454,0.4931723326324957,0.6685854458209842,0.40021202117659815,0.4784934381414848,0.5249103799549136,0.75,0.5790637701329877,0.6738911544076371,1,83.52934006599008,0.32499999999999996
0.5784339532056986,0.45948214608966464,0.5926233767852371,0.7485209084006488,0.7757258140222779,0.9775059841289311,0.44436616263823236,0.3423150062476059,0.5,0.5324771982999418,0.05429108774791258,1,370.91453096820385,1.75
0.39266381323682076,0.20671850460344296,0.26909377505341014,0.5044328017428246,0.3735910064723913,0.13388906937518164,0.29693873781772273,0.08644741326880623,0.9,0.43947706927441543,0.8661704308177439,1,68.73473172883769,0.37
0.3893417829295587,0.716990426537746,0.5450953495590607,0.4861953522810074,0.42789426317924717,0.16735726931104888,0.3464067459744087,0.7935777493916063,0.5,0.4192535889504823,0.022653987707937362,4,155.0,0.9
0.6389217256996104,0.34222442907700235,0.650856197155298,0.20168360767525112,0.24592765058913602,0.611894621342069,0.9011814192486128,0.5669291870295469,0.6,0.5163584489570833,0.5304751232566325,3,56.083023351511045,0.28
0.5408225491746448,0.7141164330751786,0.6333229736186285,0.6694988056810477,0.19379261277241266,0.3447661939659543,0.590369207184066,0.5066111397598535,0.4,0.4493251845652682,0.8949178823855207,2,73.39945158217242,0.22
0.4183250823443253,0.6533314203550695,0.5029574157666467,0.5401971300767594,0.14861983627690378,0.44679634469056895,0.5430666949102484,0.26733271445757245,0.6,0.3616961307169808,0.5724895757887801,2,78.50300191935554,0.28
0.23240343663469193,0.3108534334459157,0.5030304285324539,0.23234058180292372,0.6124455153398519,0.07016009948520985,0.3366070335655168,0.8042768327775744,0.4,0.4589553012983556,0.60841674654393,1,40.07380415268072,0.22
0.6077957436232423,0.662031354687046,0.7061992987121428,0.2559726525488933,0.2592848009081554,0.6051768500030782,0.41002971371031194,0.3164601424152468,0.6,0.5431261633325561,0.6816108483374057,3,55.068000685595436,0.28
0.71684613641254,0.23719100419611225,0.4607309187602985,0.6621380613452965,0.9161316879100269,0.3432617180803835,0.23667590148701834,0.9093013156402705,0.75,0.47829755385471867,0.12240884773046701,4,192.5,1.1
0.23867112621045047,0.210027090143941,0.21372124528865788,0.48119863168981847,0.7459443559358149,0.6817997136981974,0.04953494206687581,0.1312049607157758,0.5,0.3235936680271793,0.6749271008105595,3,60.156073762837366,0.25
0.6463782095281647,0.2700846690899298,0.2685356397437474,0.5127007702773854,0.6383399638096628,0.2094328365262602,0.22563798563035908,0.7791385153436107,0.5,0.6244564405746547,0.8803548820128152,1,47.392040442030606,0.25
0.32886258044655803,0.6016175543296807,0.7222994634972124,0.6213183736302272,0.28592494883694264,0.071587302151916,0.0364319473098611,0.4431779872452878,0.4,0.15763232155994897,0.9742208328353165,0,44.08903053036197,0.22
0.6824464515084041,0.4857723316644187,0.6577756173196434,0.3005967511926753,0.617128577684646,0.8688852333918029,0.11080439503263928,0.1966728262882963,0.75,0.4447044235294723,0.44305199935834705,3,66.5672296666317,0.32499999999999996
0.23759133971759508,0.5607742105685773,0.22857387706693078,0.6908647805268243,0.5298006109074711,0.36410836224197507,0.48253745124549463,0.9241246489842154,0.6,0.42293610944474996,0.34450485167754685,2,56.12707409034951,0.28
0.5803547809090803,0.7237103989749016,0.3726376609722796,0.4673870700608915,0.5448916538646872,0.41512061061207595,0.9894399066997448,0.06521566989953631,0.5,0.5191563339556697,0.753309615596317,3,57.91663739418554,0.25
0.6079297007748155,0.33352844200345133,0.49801685106141685,0.562707001253013,0.9321134483711719,0.501661842065483,0.5037563377671381,0.9219643342032092,0.1,0.5709348269831054,0.5428742880953146,1,25.027123246096394,0.13
0.7383447599458728,0.6095868118333116,0.26497196765349074,0.4614333982608207,0.5073239795930695,0.4384070905301488,0.272488592117199,0.6588167668174209,0.1,0.6416999774909465,0.2573046544550305,2,20.8897905294287,0.13
0.5238239306442647,0.280642728575394,0.4375813313395931,0.35620319898470265,0.5696450909797616,0.21434543694778307,0.7094129150613248,0.6440868573366405,0.1,0.4113895398835284,0.17215788496970297,4,95.0,0.5800000000000001
0.2653551482441143,0.4816230634049,0.29109819455679,0.5247955747221479,0.3973338842065408,0.00440092190355057,0.4465811501761877,0.006058117130251728,0.75,0.574055505906325,0.1702303005927437,4,192.5,1.1
0.293333312733026,0.5979772079815516,0.30738289266631874,0.6929568054268823,0.07499848929903985,0.4306099024808341,0.0819198841853277,0.27566543378716624,0.75,0.5251220023262972,0.45917703660615206,0,64.19101352838656,0.32499999999999996
0.21441514610184487,0.4870985628751548,0.37605762123760084,0.323792089176025,0.6554913685589684,0.30861534260941903,0.9976485941215104,0.9163020339149811,0.1,0.2862726968614403,0.17012440561565012,3,331.1387060573476,1.63
0.4593815285408315,0.6631107449783434,0.7034024630396569,0.36678673998131517,0.5853099045855237,0.9669471386349304,0.8680172944325221,0.31889851884048703,0.1,0.7385961821369442,0.019718944011485773,4,95.0,0.5800000000000001
0.2848339921522892,0.596077246161469,0.5200992990007935,0.31055888177265795,0.7495962459853094,0.13683178400394735,0.6845514243787411,0.49108182649458043,0.75,0.32042966124349465,0.05208877496969,4,192.5,1.1
0.6181626834480902,0.48541173938317767,0.5593673597290743,0.3976364686798638,0.016825939252824718,0.27422982239037075,0.9553822174042486,0.3158314850884807,0.5,0.5531322410069524,0.9298845439529657,3,56.2406488468114,0.25
0.4415036587163068,0.29918815410621824,0.6160837272049375,0.28635622828348556,0.18145445530144066,0.18753144657220833,0.479213264641949,0.8426492406705349,0.4,0.5494334224415799,0.07296134116013575,4,140.0,0.8200000000000001
0.6280664271130838,0.6389043201865223,0.610630530230317,0.21068253343230725,0.7580017651333465,0.4368520075377743,0.20872688343696055,0.04606490010219111,0.6,0.5351172787481158,0.07318069058095955,3,348.69849426558426,1.78
0.35022326693367045,0.4575857585354976,0.5275494082942377,0.7055721546529776,0.46263031948273103,0.8147753485181917,0.7296819935943137,0.4086007676272503,0.25,0.4386670991407237,0.45118844553353243,0,36.17683182328956,0.175
0.4065832846707863,0.6812628253256748,0.28988610847526014,0.40420426812974486,0.5947026719176003,0.43624652094621763,0.5790161097901778,0.5175052443935492,0.25,0.6041935001578348,0.24510028233503256,2,36.28805177236689,0.175
0.22875510595172766,0.6083691100805922,0.28285901658810214,0.3413610086066518,0.680966600125159,0.507708843533124,0.9406109981675586,0.4280281815816862,0.4,0.30520323224196083,0.9626938521724977,0,46.14659936888247,0.22
0.6263782887062682,0.49409419458249054,0.20768499568015442,0.20122936261106844,0.015916303039710922,0.23637353540898454,0.500606858106656,0.540571851888662,0.9,0.4923571757126049,0.9109858394978042,2,74.30469522394937,0.37
0.4808633474569434,0.3677255325620572,0.29917129529734743,0.537476665743861,0.5523847893120535,0.7145520982700821,0.2746481426175279,0.6649036790414772,0.75,0.42998926723051806,0.4047432486712671,1,80.02796726913766,0.32499999999999996
0.32564005944458496,0.5257139323267214,0.40859627282245015,0.30271041971838436,0.7040322731192128,0.4112807526208263,0.40216909914632204,0.17892478565644976,0.25,0.4157858132606751,0.4487315194162592,2,37.168690058048604,0.175
0.2759576058278118,0.3302733317200085,0.2164076594071418,0.36946982911994763,0.41398737625537374,0.7868162917070124,0.9089730055498839,0.5936131913179654,0.5,0.554290638849288,0.3751136530755702,0,50.73817555895825,0.25
0.6960750795999868,0.6572491692356657,0.4046020661958124,0.5167084902199921,0.2993703433542988,0.6822897186597314,0.7401462086960039,0.33221277878066235,0.9,0.6355280937880206,0.03786611664312822,4,215.0,1.2200000000000002
0.5120483074577322,0.6558056465565418,0.3299595558343311,0.36301311883615683,0.8265478614895467,0.07369583213834008,0.010753717600025525,0.12297077263205258,0.9,0.4576163205147229,0.29284683925470867,2,77.32143078605601,0.37
0.36598198856008635,0.2224784943744209,0.37307832480905573,0.6828525771234039,0.15600834782750972,0.8789290329477213,0.42498170222128084,0.2749316919703817,0.75,0.5983615659156305,0.12267346961198411,4,192.5,1.1
0.7015932061643146,0.26029944017270273,0.4519321978901373,0.40974189587320153,0.42907511598681936,0.3948408927006323,0.301461667988017,0.13789958241196532,0.1,0.5068293866337531,0.10237033001512275,3,320.5393643011788,1.63
0.46914755814286335,0.5050957382322725,0.21114231800976035,0.6632332363566384,0.6559154619738806,0.13660440277965535,0.7754244526726743,0.2016880132804536,0.25,0.3888080086329582,0.5608615729363878,1,37.30647634434969,0.175
0.7355152402453362,0.5593726466020033,0.5632487311713531,0.4903889218068897,0.7313713071333117,0.805586105695467,0.12532600977445074,0.08674576828800407,0.25,0.4682984916271702,0.09876485771356225,4,117.5,0.7
0.38385037644291,0.28193780329873663,0.5212348384828278,0.2247177719300639,0.9495727706536599,0.4630468067525807,0.6302354949729884,0.023260440121767756,0.25,0.4630974124744435,0.1029313237952636,4,117.5,0.7
0.6534764122305308,0.4315014347088385,0.4281148232890862,0.3799439721617482,0.2787101805563399,0.5053976545593862,0.8862183133894039,0.2714394175643763,0.25,0.41336120615172045,0.48051371481934857,1,39.568707203629735,0.175
0.7331446387842226,0.2962043240238954,0.2832193018113661,0.29104232584976664,0.7751913198587196,0.6622129282587018,0.11527076780574497,0.29337517279199654,0.4,0.5542574718466915,0.44228236512263874,3,42.61105640763722,0.22
0.5621901155679203,0.7455424253012792,0.32951134372096513,0.6980895683871183,0.23786403643861975,0.4425275875732855,0.6353342430475842,0.43341975550850664,0.5,0.5299842223041696,0.13763478513236937,0,370.67037163633717,1.75
0.35323910756449484,0.5563449560689151,0.22227442356335225,0.47260968601690395,0.24453657575180598,0.6958787682282754,0.5844710947114898,0.5193139074156919,0.4,0.30141113388037627,0.004449024808863,4,140.0,0.8200000000000001
0.5600134814534401,0.49497587747244576,0.33080946168498515,0.6556733215473536,0.5544195974459784,0.22190064629382356,0.6804310610924562,0.3875005355387683,0.4,0.29378788588143784,0.19297444176784384,4,140.0,0.8200000000000001
0.7335750811810322,0.45255785263063597,0.5497555958540896,0.634727297590065,0.3634678197300196,0.14973420826677053,0.5968373345504464,0.6026644105465065,0.25,0.5537818069029429,0.23589225418204074,1,35.07947609368069,0.175
0.3328189833419867,0.675447710060832,0.35411049792049865,0.6267069419333814,0.34030064366652835,0.8598500568655341,0.8454578987154283,0.1090543064824313,0.25,0.39850617393173554,0.8002484436088676,0,33.84005471383959,0.175
0.26165457783453216,0.35861268687779335,0.4934909636669273,0.48870715263737335,0.6950383878099182,0.3938347561850223,0.9997148510628928,0.2250236296846524,0.9,0.5384237722753259,0.915438350527215,0,81.37265918636781,0.37
0.6677371514675015,0.7478699917012339,0.25896596522307735,0.34926347305377037,0.2805242054144894,0.4421062945557275,0.26871514868066315,0.6919933663865142,0.6,0.5983929333548144,0.40594439748796973,2,54.514697725615136,0.28
0.3966790156226917,0.4634051242955028,0.4716503587349195,0.6709072847316292,0.48090811218148055,0.22087883484954018,0.5063740694865626,0.8887877663650384,0.25,0.34144524528585046,0.4050267265009778,1,36.60822421241394,0.175
0.6238076165318049,0.21036836847087434,0.4502619683207534,0.5399406110342488,0.7923956468500528,0.49882892442682103,0.2884926031419477,0.17988646470252778,0.75,0.32384052998250185,0.7124812837598667,1,64.97293260361863,0.32499999999999996
0.45321757290116294,0.2718548908141363,0.41861074602985654,0.4264106323213549,0.8783828771868954,0.7101669404986963,0.5721633031474584,0.8794346459536684,0.75,0.7102816851528043,0.626922015704689,1,72.1532276952947,0.32499999999999996
0.30324375734736736,0.6159689129590245,0.3767703740783623,0.5239430098127389,0.12169028737408949,0.6824892860020683,0.21671231241323197,0.120577441015987,0.9,0.5446261310796834,0.18414018669340915,4,215.0,1.2200000000000002
0.4836515995273222,0.6825848935690139,0.267108212524561,0.2628446545394031,0.46560851000693315,0.3873929297643537,0.9411736093251855,0.3239795467518164,0.25,0.448101094945119,0.10768912229586136,4,117.5,0.7
0.3651758180176587,0.43716823246920933,0.3641982368136768,0.6197528953173841,0.8149022590520024,0.7488270004683447,0.6679238700585363,0.9204004729600596,0.6,0.38364769707102353,0.4376118906550508,0,69.48071288346748,0.28
0.3348962137101148,0.2466261085247346,0.4275898954362812,0.6253586084761662,0.4079245943813421,0.38967118598286565,0.16094742358150937,0.27576207549506915,0.9,0.43668053033203147,0.564828363162763,1,75.57636523606207,0.37
0.6678090689727078,0.603339666599843,0.5068376731748593,0.5983054359620472,0.8797764560608707,0.474382132911368,0.34135332219071046,0.21611205508217113,0.75,0.35151091166388887,0.13870760315880926,2,391.1601714131087,1.825
0.5747642444171238,0.3289016478722835,0.5029173907117566,0.6238351329511376,0.484960250243615,0.7166653704645288,0.2866920254570754,0.7577165208126542,0.25,0.6112260890678008,0.29327349340844455,1,39.37616248748343,0.175
0.37441636403132605,0.5596852306943123,0.4648142351353392,0.476737368019761,0.6297877747249184,0.7875625625397042,0.2509096288749123,0.6310281447330454,0.9,0.40333176244629565,0.3059429964305749,2,97.84659834236999,0.37
0.24953027078018786,0.5664194409179589,0.6761278694449862,0.27778720841422455,0.1537352794888419,0.36379698216463674,0.7243600948428013,0.6316683855799359,0.4,0.6375387157015566,0.261298201024164,0,38.956004829314,0.22
0.4013581142190472,0.22676710016245927,0.21629753728701512,0.7443121731694591,0.18786072533752196,0.8583426720925291,0.053350982345181874,0.5952156885166495,0.5,0.45043175389066237,0.46076126629179104,2,42.70012621252483,0.25
0.47140932956851156,0.3955354602493856,0.35118239214376046,0.7390069547197275,0.9838205002316063,0.5315047318427486,0.8006718199594207,0.5951809731891021,0.5,0.36994683886834234,0.6530635843197385,1,59.331490080347095,0.25
0.33873793203692604,0.5991396176557588,0.3560669526932636,0.23876922794630553,0.7830883149229926,0.6555941353552872,0.6911320145375287,0.22781115108638406,0.75,0.4472168882277012,0.5093898836159924,3,62.679495297032396,0.32499999999999996
0.5758021379848677,0.2008969661964257,0.5716616813583133,0.33770712944440273,0.7418209135729177,0.23790988666433077,0.9806402751425881,0.2277871909612047,0.1,0.17198872485943226,0.2014565622473442,1,19.82566371411122,0.13
0.6103573276393257,0.6233625920428572,0.598258981349646,0.21346589280718573,0.2366840035976563,0.8586731204838641,0.24298586196281913,0.36090279349128296,0.5,0.4854773283864683,0.10293904704739976,4,155.0,0.9
0.5870551408040727,0.7445800877306699,0.3334439526890926,0.3508312147239362,0.714640161179027,0.15874858019476323,0.15907175482750224,0.48635842326661893,0.75,0.4792973865761935,0.8218704628987004,2,68.64541137951174,0.32499999999999996
0.6474396022692968,0.28821824278084435,0.5633210215275034,0.6152645076253183,0.24369675423272685,0.23565795556903357,0.00923892141851268,0.37044959119794796,0.5,0.6038791967899408,0.4793046827177857,2,67.38887804759933,0.25
0.22043836400064645,0.5045691518458744,0.5167324921947356,0.36689359356548684,0.31825055461840324,0.031155810826670405,0.6212331782136635,0.626655182003354,0.25,0.26438764115042973,0.0621391841338772,0,330.8084109019108,1.675
0.6819895681686345,0.289512345614921,0.4003070902282233,0.6667677779310313,0.07080047177365889,0.31704156290945307,0.8728055319953978,0.5821670682445784,0.1,0.6460955773213513,0.258121499649558,2,31.429683639413227,0.13
0.3048535161332959,0.6517557749802213,0.24348804755237566,0.46907598695449454,0.41197472401198787,0.4651019284640959,0.20827999443580514,0.811881500707928,0.5,0.6033603321363432,0.8040337783841548,2,46.17060443019323,0.25
0.2414318643451369,0.5728469717838329,0.6348308189805802,0.6674222015357416,0.9140047054509676,0.9106640422500436,0.22393439169229967,0.3107402677764569,0.6,0.6573880378565593,0.75172632477355,1,93.89240197984843,0.28
0.739694237909194,0.5696086472647728,0.6229840526120112,0.4781670530767312,0.1606227748095368,0.30720113363231316,0.3328053721226003,0.6331057370646355,0.5,0.49399855441629886,0.8758166328973778,3,67.40463813930425,0.25
0.7020052956496194,0.5540671102097044,0.685953273438239,0.32949860935763453,0.18964638154812463,0.9193969243677436,0.10309947008530995,0.006878011034333054,0.9,0.6275660600062611,0.6020878260016921,3,77.2171249283654,0.37
0.4732057793949354,0.6014004065850922,0.3114969650094758,0.3162368862940881,0.8549451286305332,0.7037698077660497,0.3553598703559985,0.595499705910118,0.6,0.3163637349681144,0.422905934358055,2,58.90319073070253,0.28
0.7379235072231007,0.43903569840546336,0.2999984991080744,0.38230513508982833,0.22354410083923337,0.16838964864537598,0.4711491351387228,0.35318782972096086,0.5,0.5898921425496368,0.42663499755445067,2,52.78144616541209,0.25
0.41855688154625914,0.5426968916086217,0.7076580624762638,0.7426245417571502,0.6152300505352921,0.2181491845610315,0.6629277005606187,0.7668615203028132,0.1,0.4040315700313283,0.19400004449294372,4,95.0,0.5800000000000001
0.5584343174011119,0.5849572984387487,0.377006043333124,0.671437227496812,0.1666361430284744,0.04385828341791598,0.43958737530133873,0.7740240859924371,0.5,0.29380343419808885,0.6507989615178819,2,56.722610808825614,0.25
0.3197890843711732,0.2585093571210322,0.7352907945537079,0.6752762722512928,0.6507798355741427,0.7018817204145913,0.4028393399933684,0.23494554525306988,0.25,0.3598298510286672,0.585068756092854,1,37.38615937563864,0.175
0.2851754262858598,0.6871146060249562,0.40265751182082843,0.22735632103658768,0.528367320376222,0.1300464400848661,0.20993431309359467,0.696040961424093,0.25,0.515757603855769,0.19549329494514656,4,117.5,0.7
0.3803345064288811,0.6784211930913667,0.7043261222239816,0.4697191294927985,0.2571420371411961,0.8918882018418166,0.6571697584241699,0.8322834849108091,0.25,0.6917322625808846,0.4363589474325642,0,34.02930430196013,0.175
0.72598696704038,0.6813829950665868,0.653876894404574,0.6728405355752134,0.6151895383301841,0.8688495910220159,0.3616846750221502,0.5491405768855797,0.9,0.5553888547970232,0.44465497029139567,2,145.43681593816592,0.37
0.41003147669285295,0.616057917415549,0.5175364516918821,0.5958262009571687,0.5158904004443335,0.9037907080779705,0.16491540860861353,0.5780607631866924,0.4,0.5226768837829501,0.2159791490794628,0,51.638469673555804,0.22
0.2977823591694261,0.602266651476218,0.7266758388067944,0.36646482730978625,0.7544311942269804,0.37004976053366034,0.8675815246159764,0.37301476707773407,0.75,0.4755706342882901,0.565049446252131,3,74.78688381082034,0.32499999999999996
0.742388728175595,0.40810680814295414,0.3098479233615681,0.2617574263901311,0.1733087598959161,0.5840483554050317,0.4205680100373125,0.015190104682004546,0.4,0.4942695843989837,0.14593568678170066,4,140.0,0.8200000000000001
0.6317290523084977,0.5051539702071126,0.36892221151411586,0.5346477033865669,0.06983859249350322,0.19527718020659002,0.7693299595181523,0.8920395160337483,0.9,0.6639684383567152,0.50974917331858,2,92.84653127702212,0.37
0.38265565331255263,0.44659676653065233,0.6744652691642001,0.5674915622725407,0.5456408740142225,0.10556546251412346,0.534418952241846,0.855605460596945,0.9,0.501064603988753,0.1134315113659995,4,215.0,1.2200000000000002
0.619321011837594,0.520921453308267,0.7452689268870916,0.33277553645999103,0.7494776291225896,0.29109816369737496,0.12389060928835782,0.900681699762243,0.4,0.4511369783389374,0.48554240885513744,3,53.4851456213471,0.22
0.34426013839534814,0.2509074163060831,0.5047107261388908,0.5373475800246024,0.854088746632211,0.05371536514522579,0.8236744898245643,0.09721263778493949,0.5,0.42991006364537326,0.31159905487555684,1,44.17944227755463,0.25
0.5992788650943509,0.3844952592720936,0.20674124102576497,0.5477262453985761,0.06328363340203702,0.7586008971462594,0.536310621924958,0.4145480240903189,0.75,0.43125523448958586,0.452246292081535,2,65.31801064804714,0.32499999999999996
0.7492825208862106,0.36200214458449587,0.3011639488579609,0.35497182680449424,0.9038621959760219,0.8393035720677537,0.057623471547056604,0.6160872419411724,0.25,0.32502281370875896,0.43374935944317417,2,28.751236957825753,0.175
0.433978511127376,0.3380021109239106,0.3908280139521415,0.5510137062186495,0.7722674032074582,0.5504905797749521,0.9830054990761883,0.6860475046475483,0.1,0.4066346836119695,0.9079331228185928,1,25.810252871223838,0.13
0.38976539276343813,0.4178324196310101,0.22201719453959518,0.7048683758925784,0.1041430126970253,0.19829801199995345,0.826245621199462,0.9967566731443,0.4,0.6882406171009565,0.48993559995646274,1,47.32883939328251,0.22
0.4237872779531695,0.3804789338191369,0.24756630793496148,0.548800768467351,0.0983392668723897,0.1003293178450484,0.7633870541432835,0.06435428171653956,0.6,0.47472916166467094,0.8184989038768744,1,59.9294432069854,0.28
0.6751037226450652,0.2226342600288202,0.27989985705131953,0.28051440588741405,0.06856011606484747,0.8888164830096625,0.8004498123184509,0.8815631998643823,0.1,0.5888107104468149,0.22565239291171524,0,26.417928640776864,0.13
0.5312511704412861,0.706676776495103,0.4407726018860303,0.38909354650661787,0.6505134021327537,0.32253642193885845,0.9063131903327911,0.2987235249744318,0.4,0.19019775736797367,0.35208279463425884,3,47.21908945017208,0.22
0.6212123770781802,0.6084129839656083,0.3357158766024653,0.28845449926933736,0.27551083945484933,0.8864004191927712,0.6808225924932079,0.8956720847092428,0.9,0.5717675122638954,0.07508938063319093,2,387.95443660583203,1.87
0.396795517828446,0.6265818657246471,0.5822848644532381,0.5662195384959129,0.1559012892539724,0.9522967977656314,0.6127421567003271,0.6680350440934276,0.1,0.48039517185527925,0.4207477948214936,0,20.62758241407032,0.13
0.6561857080897622,0.35242167178776657,0.3868260490082306,0.22328669783504682,0.9140605803264515,0.38075297469462865,0.7195749946958622,0.640340621124484,0.1,0.44031216530169914,0.668699887074931,1,23.43236832250498,0.13
0.6778101766919434,0.5203363542071979,0.36396726053603135,0.23817909229715106,0.7877527188659602,0.8969427918333073,0.6800608554300946,0.06763955450306436,0.4,0.5232613520254091,0.8381670341093962,3,37.267482674844985,0.22
0.5978752267393528,0.6118056357519837,0.5663982586632625,0.31207953402070127,0.18314034584978023,0.9539781822670841,0.9686504733772262,0.9674133136983625,0.1,0.438510771519635,0.5659149117991552,0,25.181056867612806,0.13
0.7022688321797328,0.614236910461482,0.5617659779711837,0.5580191578819832,0.036799400400117976,0.38244816794941827,0.759672703987996,0.7528858036578309,0.1,0.23463788540737412,0.6400726695930785,0,27.345664428256217,0.13
0.6973967350504027,0.710568923203418,0.527600579905632,0.4291681760294016,0.08590890494995851,0.609488887089519,0.14286961854085745,0.49320933286779334,0.25,0.6160893067473568,0.17726707761694815,4,117.5,0.7
0.40005368875767894,0.6504933625943974,0.5545329369088835,0.24249631663950952,0.2396857008411215,0.053161171734727675,0.08001942552660957,0.9108929497299082,0.1,0.5310325294541132,0.037206038233439376,0,321.92936458987026,1.63
0.278202307158265,0.6951022423076656,0.6864739814574756,0.723507846783608,0.7446459642015341,0.9318239817729504,0.4699899323335527,0.4132924989528043,0.75,0.4612870859970409,0.791688145177316,0,73.12330523638686,0.32499999999999996
0.43531803203057806,0.6312334992023889,0.6555237650228769,0.3736332982110062,0.3584072925020956,0.61630709605209,0.3515593869713336,0.7462732339820062,0.1,0.37960981977351166,0.1670382074412864,4,95.0,0.5800000000000001
0.27993574117492825,0.7483644989015452,0.21662056206324246,0.5285347552912937,0.8013173262158622,0.875844593429381,0.24280093024527727,0.5270220492923754,0.5,0.3165373620970946,0.09116953553275242,4,155.0,0.9
0.5576167507999399,0.5749841380833066,0.3405952591829994,0.596868584364368,0.22344461672983884,0.03755582342034114,0.7078253041698377,0.5489812739351246,0.6,0.5286376152694835,0.9375623209065953,2,66.11295783641633,0.28
0.31901975980469605,0.6559710406634254,0.32051417074654903,0.5831883159918427,0.7239272795530837,0.08762291140653711,0.995526179061942,0.994348566947032,0.6,0.702644108232425,0.9635213640591765,2,69.08392381627796,0.28
0.6308774172086868,0.30392016275420386,0.33089256819793156,0.6285070563039019,0.4649998255035127,0.866058715183836,0.2435685558055568,0.737566161223297,0.6,0.5260421684087127,0.6162572916024947,2,58.48937767028046,0.28
0.24729943439922408,0.3049185238566653,0.4505419984044534,0.7116000608096238,0.8792258568135658,0.8146662660807785,0.8117740782411574,0.4630266320888651,0.4,0.32744396704483236,0.3786372726872934,0,49.759378912953906,0.22
0.5090328091911558,0.4132228165145241,0.7381036222223623,0.45504121842170875,0.8199899477787728,0.6907048130213005,0.13245139814420437,0.11418440406452013,0.9,0.5287908934459502,0.833239540964052,1,97.05067069693217,0.37
0.4385542355281151,0.42640437428824796,0.371699039933738,0.3791321453556714,0.7719221359346399,0.6254640887729238,0.5193761171913774,0.9072617908488282,0.1,0.49392071613907357,0.20471995933541243,1,28.09890367890639,0.13
0.578310382961224,0.22245957853803464,0.5749991991054755,0.3106624739692301,0.6595903568712186,0.39614674508830017,0.4139318081761838,0.6052443608175849,0.1,0.6088006582801665,0.4293923274296819,0,31.750917509617015,0.13
0.41131440176247114,0.28059643490818265,0.5040130742398584,0.6011427447236768,0.7602752846863484,0.5643533069491241,0.5087608822191797,0.7269007026541818,0.75,0.5765788993936006,0.35701729900060175,1,70.59181359393871,0.32499999999999996
0.3950605668310006,0.28987911764714464,0.32457807006214656,0.6499621051890649,0.7052645499070364,0.830346840613561,0.06255178627729441,0.7549521320819789,0.1,0.1267003012841328,0.9126999907416816,2,18.341056861516808,0.13
0.34720680428291884,0.6260864261561749,0.3821596737434161,0.30380290488862943,0.51376045095169,0.07469312003315187,0.6790100281695197,0.7165401940019428,0.25,0.5688786784524525,0.9197774153622736,0,36.85489066700504,0.175
0.6000197077950871,0.4576997662113637,0.21720248820114355,0.7279683306394193,0.5236271695446845,0.7937989776497628,0.3002481086293015,0.20190721853143612,0.25,0.37493966553657576,0.6508859263236664,2,30.472091241748576,0.175
0.2812643947896591,0.39437383704920026,0.41163704924763905,0.4691864445921273,0.3507339517432785,0.4100505132959775,0.6959336024021688,0.8455199378782277,0.1,0.32256429874351134,0.11074014027269186,4,95.0,0.5800000000000001
0.6319942122837939,0.20334965382131973,0.7128596282348412,0.5552942031116561,0.7209181900786765,0.1739875590696015,0.3662170848002574,0.158413713447778,0.1,0.4769989753376049,0.4821927896583025,1,18.886092589315155,0.13
0.7228568835319147,0.6495642455790672,0.7103110199457694,0.530550303014623,0.6867241995580513,0.24817187821689413,0.5253869328518468,0.7918298431946843,0.6,0.5520645502899445,0.24532836622405674,3,85.78205807295262,0.28
0.3965199405824462,0.44360273471248207,0.5619177707112621,0.434812522871485,0.6709392749216151,0.2983739906651327,0.33286675061634086,0.6533642866030318,0.6,0.295139239492611,0.8849156631844819,1,68.39391944134691,0.28
0.602420030907284,0.25051640884401627,0.6564926569416889,0.3123037518031023,0.5494677493399441,0.09639348747004439,0.8739915892735461,0.5126132480536286,0.1,0.5888313411150148,0.1384027990162019,1,318.11716244236004,1.63
0.7191711852385974,0.28555018996549736,0.27104030785631883,0.6465318608230661,0.4733610131974654,0.19843933663226232,0.3769938189705373,0.3328248623150991,0.9,0.5961898797059092,0.05431027586070736,1,375.96212012867426,1.87
0.6502860052366579,0.606317680934686,0.7282917551475876,0.34879679577697886,0.27073568282942684,0.5674065746467731,0.46227536028028204,0.8891976853146673,0.1,0.5064832053624297,0.7044290335500782,0,28.35843275832747,0.13
0.6546568064446583,0.3936222915238815,0.4955692440631374,0.4450800163357308,0.9413439770471609,0.21947342922809088,0.10010542876721051,0.7853375514877494,0.6,0.391952236094691,0.4532860749681529,1,62.76621564257423,0.28
0.203217512470484,0.5159542064465368,0.6111282382701742,0.2960038109663992,0.994861403638609,0.8636000698541542,0.023697402118734723,0.251263550706466,0.75,0.377957769445365,0.8383648876030845,3,67.0362870674426,0.32499999999999996
0.7124107240411706,0.49171974668017715,0.29803530173310144,0.5552711640042869,0.04334227704126392,0.8207793770411665,0.5814069762923163,0.5137185411670538,0.5,0.62907318284353,0.07462963116931176,4,155.0,0.9
0.3055574896834392,0.23494334156243504,0.5769233833305834,0.26088218581802197,0.5544498819965276,0.25245125869659113,0.6016383691388628,0.030666978464029993,0.5,0.311357399318681,0.8010761326078425,3,44.284111632992705,0.25
0.25841959660703945,0.6069689597499974,0.23036122826443917,0.6453730484763751,0.6460117239708396,0.7344338301788308,0.6730262637118272,0.33211751831222025,0.1,0.6338991538022816,0.037334752844158325,0,326.43253309705625,1.63
0.6378818172563052,0.2777663854427713,0.4851093560023329,0.2531440200329183,0.8262629151275427,0.7155439971174821,0.12829732292427787,0.19514422053831504,0.25,0.4799134986914739,0.02807001191395697,3,329.6639912043325,1.675
0.547914170882293,0.23461150713380063,0.7194644709775111,0.3142519044532699,0.6371084131782386,0.28941613355602613,0.11943294144623695,0.1549689931498922,0.75,0.4885997037984771,0.4613157517310297,1,63.33596866766656,0.32499999999999996
0.5755920607717548,0.27056028340741056,0.3152780465797271,0.44802230688585387,0.16561718054040064,0.4777909068183822,0.6073854534294973,0.17640227485441495,0.4,0.28670493298577887,0.22129128968065181,1,44.58516774045102,0.22
0.5152028777378339,0.7493747822154257,0.21425942545001928,0.20017293080424783,0.7124966103632211,0.28101260750152846,0.31155813839396085,0.22349862107410756,0.1,0.48222797754846236,0.5937187070065306,3,19.603830630124573,0.13
0.3927019020932214,0.401386002291331,0.6861104798542474,0.7019204012335161,0.785206135943191,0.959813832936877,0.4924998486780927,0.0420306414319922,0.75,0.5774369850380613,0.025816994211470434,0,383.5270092994755,1.825
0.6842887369976254,0.2787483127673263,0.42665765934959043,0.6102368392622628,0.26056931642547587,0.15805029111884605,0.8427622848520179,0.08485398743320516,0.6,0.33324834635607337,0.03538954236297853,4,170.0,0.98
0.3719360872813328,0.5647809156808032,0.3304285747551006,0.37788059187844447,0.9664762406883838,0.588513776624626,0.5177397870741632,0.8473506224191868,0.1,0.5630423893825885,0.7271484961719404,2,25.233560039286154,0.13
0.6732363071416662,0.3377799698489473,0.7303782477866747,0.36844275851526587,0.02754762129145616,0.7771527494070096,0.11660404556851656,0.8407780989404321,0.1,0.5117471801153612,0.21016516249231165,0,25.71479190977971,0.13
0.21294046040280257,0.3401954970914138,0.2941627182338842,0.4787548314196524,0.5291762192378618,0.06112940236009179,0.8332450388013244,0.027314117071251642,0.1,0.4199861588684469,0.6564171236607336,1,18.494943273880693,0.13
0.26199383648032304,0.5443268824849754,0.6811944888060721,0.39938538499205467,0.1383706928936035,0.7978245238266289,0.464871123857891,0.8813887043548337,0.1,0.6076272303504127,0.7499221615007585,0,18.85057156154139,0.13
0.29267099561797244,0.4200137476814272,0.632281751797845,0.5253182207437777,0.6354292727910835,0.623528754370408,0.29223510613201487,0.13368052355173354,0.6,0.22482250070148418,0.05933116572496744,0,361.9445167603129,1.78
0.25562876733018175,0.49545293487986836,0.4574469598005763,0.3799117408116388,0.9611723908966826,0.10479768914339516,0.5290106000735676,0.27256859083478024,0.1,0.5440137754432814,0.7697539544642392,1,21.48184361344119,0.13
0.26058832782932784,0.7396115645911512,0.2968238259412906,0.30600858993491004,0.2641406635814547,0.5945862193028131,0.7979341171788689,0.7771794828312787,0.6,0.703394733007977,0.26842121796128604,2,64.63257333264511,0.28
0.28007048065622975,0.513606171284416,0.4440182659654852,0.3372564501146058,0.8688016891935535,0.2929027379123671,0.4657513817150738,0.009334573220024955,0.25,0.6809178045059988,0.38954595819974824,3,29.001009402604062,0.175
0.43618286066184053,0.5704370180839449,0.3549352923242466,0.7033851768167092,0.7468576231363655,0.30234311214228304,0.5614935332701865,0.1693002820194507,0.9,0.5494142349743436,0.08663919229531669,4,215.0,1.2200000000000002
0.3684904304477382,0.30899846695256933,0.7250123157800481,0.6458083355649987,0.8193995071343285,0.8172722192782778,0.8774529147529555,0.04593699710672283,0.75,0.46282255746349477,0.8386299833648527,1,76.52813799679375,0.32499999999999996
0.3887256936639061,0.6627875181291318,0.48534783703459006,0.3907138740435846,0.9924587097750137,0.24777941443969453,0.30943368604734944,0.2493357291904461,0.4,0.42098208225814965,0.560728786325764,3,46.565336150635005,0.22
0.6617863742465679,0.6136907867754422,0.36383116345370825,0.5336731833918856,0.2675326983665324,0.5526613561036466,0.23981054430377957,0.3937713114004048,0.5,0.4626666498322365,0.5046652778471722,2,52.8949020397879,0.25
0.4031646229358885,0.20057858490821348,0.7289986577701537,0.5022959918400602,0.6556065824432153,0.8360262035777268,0.6927415002668795,0.5943228447873232,0.1,0.5686989857002305,0.9685548109027556,0,28.211618220488923,0.13
0.5291379309161808,0.5299402841225123,0.5028528034506716,0.35952631462547646,0.1477285625410687,0.8161156015412826,0.037274887993038686,0.2641916632353021,0.1,0.3995133132502774,0.3345057599406708,2,20.616506796468972,0.13
0.7343668686994309,0.5419176268834067,0.5690067483046788,0.45013601652437746,0.05705891693196119,0.6674289755844626,0.3683710825935145,0.6520484832048667,0.5,0.5954491688069097,0.890779286476696,3,65.24651651831776,0.25
0.35832377026993045,0.23539194019621115,0.39262660811233746,0.2968535860976157,0.3470309593035903,0.4557407307994942,0.45796101016618085,0.0455806536675446,0.1,0.767726106909125,0.7196878810646042,0,22.997556052514973,0.13
0.5641485475413566,0.6834521366414957,0.36651517203510875,0.38308544397772565,0.43022652634600356,0.6410643631152027,0.5460522460754338,0.07528376627828726,0.6,0.4928512585441071,0.9285281358522389,0,85.28418836467141,0.28
0.5687004771059565,0.28209928883268,0.7111905846727347,0.40011572956401575,0.6680559856867488,0.30886275491526094,0.014434802779022093,0.15559555708424522,0.4,0.3322484585678264,0.9078020527624597,1,42.49194701753805,0.22
0.2556596952597261,0.2960762027063528,0.713010341804102,0.335915608602961,0.4975596573165595,0.31040165903006867,0.6943830137535508,0.24065347556576444,0.1,0.33220463687268953,0.9910298050260696,3,21.138965692776672,0.13
0.5642478421072076,0.2858908729460458,0.3067559307918278,0.6835810203949877,0.7727961684751686,0.28647718139397993,0.6208637075844157,0.7992163802511801,0.5,0.597846196715834,0.13167675203715756,4,155.0,0.9
0.28141827105640904,0.21031282270495355,0.475678254239452,0.6744997472946141,0.3855561286437489,0.04680494181547046,0.5354455210588809,0.9954090615445003,0.5,0.49311887188393255,0.796016392091595,1,42.36017966420393,0.25
0.3792950749785936,0.2704892488551408,0.7402269562611008,0.5722062462191774,0.9689918663769136,0.22102219394416822,0.7556965094242524,0.34495183182006595,0.75,0.6104019470446578,0.8044943549475032,1,64.7196472954129,0.32499999999999996
0.667879847571486,0.6136760497809082,0.5840332506940547,0.41151023692200617,0.16027248018309148,0.6659147006024932,0.500868729526769,0.5392305576556773,0.25,0.4337761315617272,0.6443735281784868,2,47.56350978732041,0.175
0.3783869962620017,0.5943272277419608,0.5941921544974766,0.7228236112270015,0.8273926622355084,0.33654367588742307,0.667094759555663,0.3661914669626253,0.5,0.6046156214186518,0.278860958238202,2,81.611933157263,0.25
0.5127628998165773,0.36204160818322045,0.4692408396317626,0.5375425991992555,0.04272389658042919,0.3780151073363489,0.9500344632041346,0.48326248208841704,0.75,0.4807775509523919,0.9651482716283151,1,74.45148959054684,0.32499999999999996
0.4347013897673019,0.6351232178477515,0.5215372667187108,0.20518965019520782,0.10823043683686817,0.6878268293762259,0.9633793497185212,0.9079452465442571,0.25,0.4088726152942683,0.20442213789020958,0,33.735663753725035,0.175
0.5134119385276047,0.5484820822680236,0.7033936883492389,0.42754692051530374,0.5719608378081387,0.3762807443485312,0.5806776685092404,0.8159310621992495,0.75,0.4503854757775994,0.499575378358439,0,95.64665479769911,0.32499999999999996
0.5159572125992471,0.4612485978929057,0.492411035657887,0.23701723886794807,0.8612373420184543,0.8188438849424412,0.4554763784417377,0.11885798957022997,0.75,0.35069919933588906,0.5214871128191862,3,60.93207990481426,0.32499999999999996
0.6935060171432059,0.7007267869073941,0.5014327854134479,0.5061055336465201,0.5691734267387764,0.15642882803336522,0.06095833389785599,0.4986678334288609,0.5,0.7497185993779377,0.16182934483603884,4,155.0,0.9
0.23165581976917501,0.5288727822158663,0.4360334844335394,0.5899739966289406,0.655373450046628,0.854147306406393,0.7828355539543036,0.8572405127565482,0.9,0.48853116629012344,0.7225288223332409,0,78.39810464566656,0.37
0.22591870412756482,0.5909882255012194,0.3577916031077727,0.5584379317492094,0.7600687708208905,0.7032393969061393,0.010137569140699632,0.6261023118092105,0.9,0.5813100225166595,0.08886716418023977,4,215.0,1.2200000000000002
0.5449192864216676,0.32476281654772793,0.4422487898689468,0.6595982924793286,0.12048180413911769,0.05866713233254106,0.1564121521056554,0.8232921614417502,0.25,0.4333710425203835,0.693097778846711,1,29.39202069858649,0.175
0.5330754039771257,0.23780606608812632,0.44359985722645634,0.3714743023278544,0.7438493931000214,0.9487724052052123,0.9789762586504105,0.8932839863739821,0.9,0.3688727021724967,0.8486154962906369,1,83.2716781043196,0.37
0.552905123401398,0.5380101677123934,0.2057189558305773,0.5342325301801547,0.13292605097699917,0.8783827409249804,0.8386371347886453,0.8710858598596973,0.1,0.4713128609451115,0.34939642508239954,2,28.87455806296429,0.13
0.6041673096917153,0.6228015178208666,0.23243667371447865,0.36701212941042793,0.15168561711649142,0.11679182777331754,0.9238088795840816,0.17382664913450452,0.1,0.6384976836093471,0.7094208085992002,3,20.506445251654277,0.13
0.43170045830333814,0.29887443928720153,0.4314036291407554,0.2391212447040758,0.3686217310426012,0.45598484949406026,0.12444252782956444,0.02063428803254741,0.1,0.4353918447408156,0.1567740081478498,3,316.8808635206054,1.63
0.2622695056538784,0.5677821195638808,0.34441485363808527,0.5912732161137648,0.9940904697671161,0.8766572448349611,0.9123379293506373,0.2845630692721185,0.4,0.3915880382498,0.8459490014528787,0,52.02152824490184,0.22
0.2264596904091674,0.5094866791739265,0.4152967649727622,0.638334265553506,0.22010157274543907,0.4258665581754266,0.45331936897800684,0.005599438864240636,0.9,0.5200686456161961,0.9520316985532247,0,71.47560895177895,0.37
0.6311733691130591,0.4065578033516295,0.5424927077482429,0.3251518778507185,0.7792531125598329,0.9966670381420173,0.5286908701020894,0.38825869501245125,0.6,0.5630908181679578,0.1526936934997769,3,360.2783273079237,1.78
0.5192237598992311,0.24469558167113736,0.43903235626523557,0.30050022484596006,0.3927518932212033,0.09607713217210068,0.26616181836401176,0.5021327886346312,0.6,0.7063266325560894,0.6918594739723322,1,51.16024146295043,0.28
0.6858596501503376,0.4446954498817575,0.5249255617506442,0.3982100231815058,0.43184800113469735,0.5450347457431102,0.8490656486374066,0.22524230269961198,0.1,0.5448990839283275,0.5058310965565258,3,21.68718103113812,0.13
0.3588075693818916,0.3116058806838435,0.7015293704668608,0.6397061803348241,0.027664180906311953,0.038225445282740744,0.13416880530685837,0.5704829848044025,0.5,0.5812447288130708,0.5314993318323786,0,49.40481787439257,0.25
0.27329362943706703,0.6106986819604892,0.4301919273701593,0.20846816022831344,0.8081848100379248,0.8868059392806316,0.6351132019749712,0.40314325245089344,0.4,0.5906720041428751,0.7064897186006882,3,41.31460992360017,0.22
0.4688072746350405,0.5301795156097442,0.32699556067625746,0.4081786280687467,0.6252147896506657,0.449457160513994,0.3935665213130747,0.37902976666143584,0.9,0.5427648345232372,0.3577956372594787,2,82.76784130785722,0.37
0.6758821925393261,0.2604463814066121,0.528666393513502,0.30135788422918963,0.4183930979091578,0.12930925215377032,0.423958371003167,0.38944490720262115,0.25,0.4658689759083379,0.8600237828834533,1,28.841726319616804,0.175
0.6655967788578546,0.5184741746194524,0.4216768304686491,0.3374035705084999,0.03457166331823147,0.27513075532634,0.7519069747402168,0.5779455714096253,0.4,0.504884570373807,0.9183610104005163,3,48.853469374417884,0.22
0.44026458455429895,0.7266867792569582,0.4800651093589913,0.4582192424349231,0.8061674967560302,0.5426880443807649,0.8540837654752674,0.7960670996017167,0.6,0.5877833368125067,0.021043880457314312,3,377.3139587096579,1.78
0.61045059742517,0.4084758889575487,0.4350831724344367,0.3853212523643905,0.09828457014224712,0.9770063680159924,0.014747446901328787,0.5968380379296185,0.75,0.6361470706679484,0.2394278377525315,2,76.6026649903718,0.32499999999999996
0.2830058654311653,0.5925950678114579,0.6801670026359932,0.6980759570835211,0.7925115093167623,0.33189413985090344,0.5985697922971579,0.3621225308474483,0.4,0.46176884574120347,0.7098622992274988,0,49.78190361840097,0.22
0.6844416159207789,0.4484810913408961,0.35623640571175796,0.5508580622804529,0.0606149750075019,0.008461519089330904,0.09486203011118832,0.0984095941200468,0.6,0.3698376635149376,0.7568430430795484,2,58.02388811092876,0.28
0.7250877015483175,0.5998778564927327,0.4721667088745861,0.5788447159823966,0.6108897773937499,0.5258652309625133,0.45546330017314207,0.6919214756024176,0.1,0.510129548862069,0.3924168502170541,2,26.304637345645656,0.13
0.6248958518499184,0.7055980937304389,0.6197686646846848,0.4382548055997481,0.016826137012448394,0.2709834814157309,0.7773927312876279,0.9099771065171185,0.4,0.5595378010226422,0.656754612772855,2,74.26044850818629,0.22
0.3504835851560163,0.4749349156012752,0.3804978695330095,0.7185205259782979,0.4383365962375816,0.08148398013846636,0.798728739228488,0.8851704332727336,0.9,0.31768094516807716,0.6121586173620351,0,85.85736263352516,0.37
0.47938121389747923,0.4596309847802046,0.39150791998517465,0.5516738446603802,0.41366027069371947,0.24335525392027701,0.04397166822294529,0.591082821894856,0.6,0.3890739760203716,0.7397749616010599,2,59.96177793659997,0.28
0.48602820324152135,0.27097690759404114,0.6780642959567721,0.3974570576790891,0.9098694905624992,0.6778880255203257,0.31724859789473436,0.6428883242899669,0.9,0.41054025957461077,0.7186584277451218,1,81.8947601468578,0.37
0.43791813647698485,0.3131168811649685,0.5043690141898391,0.5861302843357207,0.8320684074480255,0.4758300593494579,0.8197484899978386,0.3919096766663541,0.25,0.4745760202112923,0.08587079799036135,1,335.33559793627825,1.675
0.6846409263442668,0.2283842157347445,0.7353325503346582,0.5870997581111963,0.34850567859577064,0.582988625878554,0.46468641769448127,0.9771119204610832,0.4,0.4052999586149041,0.15825018094006094,4,140.0,0.8200000000000001
0.3563642764263346,0.31246111525768133,0.3628483552600289,0.6816491634165434,0.5163894235281747,0.38517202891602154,0.39493354312853624,0.5479399506131166,0.9,0.5891399346442665,0.132727147259316,1,381.2284240131045,1.87
0.36026459525777277,0.4545516240064797,0.588155929833228,0.6795944250481372,0.3549120380081954,0.722906601964936,0.3806629277016409,0.3841443865252431,0.9,0.2995974339314835,0.932480069842819,0,85.6652618964404,0.37
0.5622141392903572,0.6142100580939325,0.2953297379627756,0.6825743052301264,0.6169732493768046,0.06084687269600997,0.6553549181151461,0.5049722171586871,0.9,0.3027799709519295,0.9135426483529893,2,83.68997902367944,0.37
0.35164555098996086,0.2706079902310836,0.7369343596873681,0.31090195899978856,0.45302611428664163,0.7192529907079513,0.758255782004861,0.8462608634124593,0.4,0.45878929897889503,0.79741226959697,1,48.20889232828461,0.22
0.2751585835428871,0.5443114950559826,0.37537473222285245,0.2733420628492713,0.37480312081744727,0.3270376922533811,0.7143421014945195,0.5818048591404459,0.75,0.47860443864074476,0.11671856067595932,0,367.3575011455597,1.825
0.5306166144687319,0.6174418749722296,0.6362591058139362,0.28553193055674986,0.6318015463518166,0.5555229071058353,0.7726930232038545,0.19004088849215317,0.5,0.3184424939994508,0.5742714699195859,0,72.73838857510196,0.25
0.5062768873669683,0.6475231038748034,0.2885978562833019,0.3142252384738712,0.5557121327413967,0.1581017889436298,0.4072519392909919,0.6639938234160748,0.75,0.4246203401249147,0.18723062608985142,2,368.82158060565274,1.825
0.2013262685874227,0.4885487860174085,0.30707493327407304,0.5983334166497946,0.4930716083141704,0.37959153667218126,0.8849700014156061,0.7728257144974784,0.75,0.4503797982391111,0.3683839375588025,0,64.34891422084979,0.32499999999999996
0.7292176205896832,0.31481551894948867,0.557003356469943,0.31650895380218125,0.526290785000375,0.9500531556754879,0.42436528943499385,0.788072927588106,0.5,0.45134977660413383,0.26709127663741294,1,60.73732131721448,0.25
0.2099037724388372,0.6172048068180217,0.4387025721579911,0.7207327738330593,0.16793623980141792,0.28579247711059697,0.33808558133395483,0.10582075270452329,0.4,0.5196199935530434,0.8289309814874659,0,37.832415946279525,0.22
0.4938572351788731,0.2866155779366262,0.44737594298850286,0.31159048714330906,0.5018048150760679,0.19226013412649567,0.6341858894496586,0.1900923595730183,0.9,0.41775423579440685,0.14445139951927322,4,215.0,1.2200000000000002
0.682916099977616,0.5799967494881386,0.387681342560087,0.49030117754392727,0.12350625733927534,0.9690867275989246,0.6582403058111063,0.9364509147084885,0.5,0.6856629841151503,0.6461791686100757,2,60.70201916549138,0.25
0.5682141035171657,0.630571744154984,0.24408096542879795,0.21238536309738573,0.48988779199323196,0.033402463063374244,0.5743711704314439,0.5583288868357085,0.5,0.5617361365672372,0.9838946637761669,3,50.11634443008322,0.25
0.2629489834434394,0.4172479705949097,0.45668863554515066,0.27505389661761664,0.014975605936593972,0.8612420444018316,0.6199706806164247,0.7446911693761461,0.6,0.39952962819596666,0.6870545832536334,0,50.92737966039001,0.28
0.42613422584478294,0.44289253249900684,0.2599994800226177,0.7041629781076537,0.4939211061575146,0.618402437908263,0.2574698932285242,0.9737577677686472,0.9,0.5124358236439274,0.0792334890069597,4,215.0,1.2200000000000002
0.5295302601732392,0.4136945417509552,0.4787989509097137,0.3728086175578437,0.4007200075476651,0.1623266213376291,0.055915418374627324,0.6361719330853711,0.1,0.5161304468043656,0.9078495019625249,2,20.43195832059004,0.13
0.6698820674045263,0.516258272862677,0.4721926979164489,0.7009869717025787,0.9833798511764558,0.8957944968462817,0.7021045674864136,0.9905979289928608,0.9,0.652714370830503,0.6430796776895962,2,105.78995698543743,0.37
0.6608888340287373,0.6470410402842173,0.32408506232751433,0.2842177113075962,0.7228282620421065,0.33925112340139596,0.6012181330601731,0.07976664248556153,0.4,0.4254175757182828,0.4563109796052035,3,39.13795658019849,0.22
0.5795530858420113,0.45775324098776776,0.5760419921262641,0.6183449776611141,0.22168249022254083,0.4175402359284922,0.20181849356304526,0.9535010148281706,0.1,0.5966907618466905,0.6596924785411186,2,24.820898250652583,0.13
0.362422429039613,0.3565577382175448,0.46995736144200106,0.3504521224395736,0.9955975267446494,0.37093592012166543,0.7092289860771986,0.40777073066324054,0.4,0.5058418367571452,0.879044330472637,1,46.64685879657675,0.22
0.5670124018089098,0.6107017452343944,0.45962142032928444,0.5980898710792538,0.1395092043862064,0.33692684770210857,0.2333716987156632,0.32807822040741974,0.5,0.6873823535613021,0.4771272279152493,2,59.7644374110764,0.25
0.4807406629889269,0.5920794470818551,0.323732536287649,0.6063636752631731,0.21502168839771651,0.1123451190582464,0.2174284293624129,0.9057570318298428,0.6,0.6622527734986888,0.5313214828122292,2,57.622572894704234,0.28
0.5933182129013599,0.3466331388770477,0.5057840450720963,0.6704214173309209,0.08522167577652873,0.3247566437552345,0.5284498945026354,0.3545126561783568,0.5,0.5252673783829174,0.4524473992179535,1,53.13469217883126,0.25
0.33723745583484144,0.604788881208072,0.7246816944307879,0.6764330558666607,0.5176070950188872,0.04342006023435396,0.6485696333643778,0.5634788015560602,0.1,0.4677562003112021,0.07259142632366522,1,323.3027668219942,1.63
0.42083604547415193,0.5339642531434762,0.7454735738389873,0.5126405762566452,0.6809662658546916,0.567257815827237,0.4379035824256632,0.35014154229408245,0.5,0.5640404397406407,0.7870701269273584,3,66.54896645381956,0.25
0.2632651813367016,0.2249869151283185,0.6346729803592157,0.43299557897101537,0.2264351900997762,0.5000677268066126,0.026052452377506974,0.32824082809932575,0.25,0.4780037053117033,0.12641174364183894,0,330.36328398049227,1.675
0.33574708984605695,0.39121961686352086,0.6165550766005488,0.45588603459860605,0.6778722935645294,0.10871703968635926,0.06289124231952858,0.6521786052913653,0.25,0.7110174363942842,0.3945700102883103,3,42.75580749517713,0.175
0.6776747208892322,0.6042090738277346,0.7357077827449838,0.688677071734414,0.39777472114235024,0.8018250365493811,0.9373113039713239,0.957040453732577,0.6,0.5104270338137581,0.38682284560772917,1,97.82496972285475,0.28
0.34000096648230504,0.5624825780414043,0.21129866899047914,0.7451086984362791,0.4255928538941792,0.2643272242750323,0.608613738742478,0.6281929259282364,0.75,0.4498039105832274,0.28004079208673793,2,66.67572150542433,0.32499999999999996
0.3435533598414281,0.5656373014929712,0.667034491659761,0.2882555645003843,0.6223449360758967,0.32177861371888117,0.06375173641730303,0.21000483882559895,0.25,0.44304519793008207,0.4025071258944184,3,30.712556216310126,0.175
0.6663336385457637,0.20673511618495236,0.4430874259469741,0.45962069239212616,0.15441942802223374,0.12390034578331022,0.9262833210715731,0.013847645973967926,0.6,0.3486979462378797,0.6180091103824286,1,49.676894242018356,0.28
0.40574989229230474,0.522511610465275,0.7031632917864477,0.379844012865159,0.6018577392363217,0.9474737957401368,0.3600531274941279,0.5270980891724625,0.4,0.570295842767242,0.31138731220771176,3,50.15642201919083,0.22
0.5185929379415333,0.6826043891588276,0.625147467305758,0.2224032956430228,0.6957836634751596,0.31716969465823885,0.47765198770724915,0.817102850332752,0.4,0.3979145130628612,0.17251193769827644,4,140.0,0.8200000000000001
0.7185349202702143,0.225655797342237,0.5238171609058813,0.5164444911733407,0.7453556652802635,0.8084494114928407,0.987340163627656,0.370327474936179,0.6,0.6381164628114988,0.8693675105072666,1,60.86920207935327,0.28
0.6325146268862738,0.2816436785169377,0.2986537156344871,0.6136588130060983,0.7470912629357731,0.6027845671019829,0.6666047672211963,0.7398739048329345,0.25,0.33869251726166494,0.9708326498571355,1,36.442603755245145,0.175
0.28222761382639383,0.4581948198861018,0.6024064496160126,0.5581830608304748,0.7497313169463148,0.8857451492948196,0.3493216752360554,0.6534813561119106,0.75,0.51653443970626,0.4585838238763206,0,73.49094423685746,0.32499999999999996
0.3158323023622024,0.3671781422773471,0.7329361967825725,0.4467688410851862,0.28029043159685585,0.5945687051169751,0.7511751401719279,0.7910010861616403,0.4,0.6446376298178493,0.3270197123445858,0,43.43695554148162,0.22
0.2244516120400093,0.320771694706483,0.38833929931401073,0.7497191723620222,0.42012450298912274,0.5087202232013598,0.33384985117017285,0.1690363465396305,0.1,0.23108497719277596,0.047482077778229326,0,322.74891853175467,1.63
0.36648035111230526,0.21451771683039975,0.4821068676554348,0.2459829617356874,0.2605174051925322,0.9121370048998244,0.30896954240931596,0.9747593335456102,0.75,0.7533383578862889,0.036851540610053135,4,192.5,1.1
0.350737179282647,0.7458107468516666,0.5875511854115849,0.22786664610557872,0.24147808521538172,0.7230710874810448,0.5739032935718357,0.6968700495247986,0.75,0.4473441659965131,0.39288199564540205,3,69.01979094501537,0.32499999999999996
0.4467776952254878,0.29440063194586713,0.2676195610211667,0.5228859773418412,0.643957946609181,0.7067485835975892,0.905547048435459,0.5634694960624814,0.5,0.5182693016100939,0.9302420183009658,1,56.03209948864685,0.25
0.47811073930211867,0.6085766213735295,0.6907684255275228,0.3356750215874141,0.06784878290399521,0.27082543444689955,0.7082189804087639,0.49407462797567336,0.75,0.5721604585706653,0.7307085434015644,3,73.85939581834404,0.32499999999999996
0.7076455926604683,0.48489547490475254,0.3423592050018145,0.6651822109564351,0.5485519826196869,0.5965804553802915,0.38262927298456995,0.7738955250878552,0.25,0.5915302751952511,0.349269418870775,1,43.21562624417417,0.175
0.2195414549159624,0.5077301576101283,0.5968918442664817,0.3539877279358788,0.7235348838965485,0.7142994121931139,0.7153101740349447,0.8903580016542478,0.4,0.5348977784547411,0.968046425182061,1,61.34261478052356,0.22
0.6749205546597699,0.3321565098468917,0.6619308555024566,0.2431997301078515,0.5953927794432744,0.9670721994969583,0.1191926843906379,0.6319589765938644,0.4,0.6254983097313981,0.4287579032557307,3,45.9064365352005,0.22
0.28796017552763725,0.40954152114604947,0.6697305320389986,0.27952195081973036,0.7169265459357955,0.4772204109543595,0.28820838645693647,0.550037452711099,0.75,0.5656013475340529,0.2767927439746457,3,70.29933696524115,0.32499999999999996
0.6814910318868329,0.3263523396370366,0.4488796192269908,0.3940039223431858,0.3647476802907027,0.9091240710678165,0.3567924125332549,0.17570699270212908,0.4,0.7211073379559974,0.4263532447243572,2,51.64159837746226,0.22
0.26496942463798795,0.7193703567355272,0.44099805991371743,0.579682193745907,0.5763891401654528,0.39599259138036935,0.09589814480084102,0.5648423509979084,0.75,0.5660091847959061,0.21154322698383277,0,69.66412294934028,0.32499999999999996
0.5163972221652171,0.4759437542687141,0.539117692956267,0.694088268411336,0.5378464111657014,0.1731970866331951,0.5976381689598429,0.567358973857489,0.4,0.7466225260634378,0.8856387702007957,1,50.761798755170446,0.22
0.5846218066317603,0.4928640437003717,0.554852278366287,0.5335168542799619,0.773612623041591,0.36156992984263436,0.2487595236636393,0.9512198869707755,0.6,0.6134384013150459,0.3611733104176903,1,74.57928347472415,0.28
0.43821666411747223,0.5436202055717477,0.44396339009029,0.6166879078295519,0.5612175227827881,0.027139958884180304,0.8207116841117432,0.19675806091894077,0.25,0.27447513440079124,0.6579689644943214,1,37.79656787552991,0.175
0.732901865937257,0.7279259466234762,0.6514046825337393,0.5309673933827168,0.7860363176458435,0.7051624271559648,0.9688137242631573,0.9655793015945262,0.5,0.827576521587907,0.38904719882716354,2,96.24860234830248,0.25
0.6121325934389074,0.29792656239165494,0.46346015152265746,0.3415176207452504,0.27441062465575994,0.7664495812234184,0.31685508577992394,0.6291979388295943,0.1,0.42867823025975976,0.9017314179639625,2,24.071798613152527,0.13
0.2019222396101409,0.7317056660696419,0.6751167090185128,0.4825342401584598,0.5977460849545931,0.05454351562116466,0.005181749835357574,0.05776401459480951,0.75,0.6878804367384757,0.6423807517156301,0,65.9540937835698,0.32499999999999996
0.3397837584654538,0.5811363656095803,0.4391405965024602,0.6418422433824847,0.1279420475317411,0.2576524913477737,0.9069552232425624,0.5186326753466863,0.1,0.5039558155497916,0.48825189028129945,0,19.492406990424936,0.13
0.7497349605995223,0.3919954341194286,0.3344216739129263,0.34706036883711705,0.7968917388407887,0.8383117521072081,0.7349430985905412,0.39138512442057194,0.9,0.6334758670931759,0.1321429691813385,4,215.0,1.2200000000000002
0.2513404351243696,0.4167254080750855,0.20958377899430014,0.2629175565707016,0.8638593938409828,0.7420497533209206,0.7431514434050525,0.9015743271655693,0.75,0.41438567392461384,0.9019166628522043,2,68.59062997725768,0.32499999999999996
0.3494326609999687,0.2879245267502144,0.6026875047253989,0.2580826349773452,0.5986634724576837,0.5285744299621766,0.8901625575970753,0.45446172816419683,0.6,0.57895960194245,0.5468168682717709,3,57.252696015381495,0.28
0.6762967577634886,0.3216129770410241,0.25972483933436225,0.2055586544371922,0.8115706960288429,0.05384636044480773,0.001289944456322134,0.5282924896043568,0.9,0.46889475752868864,0.2850529729614175,2,70.80755656737017,0.37
0.5933627523771805,0.3411392102661981,0.48022423282577614,0.2613888256696857,0.07361189381638022,0.9765430134530636,0.005501174039798773,0.7181496364986464,0.75,0.6983316208807759,0.8779268918167041,3,71.54320673066165,0.32499999999999996
0.7419127577799371,0.26896160648847545,0.42655925965303304,0.6684072262839562,0.24338469578622068,0.9675520052720562,0.38154165062789613,0.02728342626386515,0.1,0.5555329206645325,0.0544404273944078,4,95.0,0.5800000000000001
0.3346878216642238,0.34683448194039534,0.6446747337399031,0.350336811455607,0.02693576540878273,0.5533733717246886,0.9867119790312812,0.9797735350457194,0.75,0.6178042286554815,0.31407691732957166,0,66.76855410322483,0.32499999999999996
0.20157922110214715,0.4353525462694724,0.20689436532316124,0.7003857561061517,0.3372729722892658,0.48270364918889697,0.1004558057978161,0.5221768559917317,0.4,0.22960358696568464,0.5368284012021476,2,36.72415887304844,0.22
0.5529972732985715,0.5206578464216832,0.3108742309742997,0.58497040198575,0.5997015990482731,0.25106166561132104,0.6121144359151738,0.8996927516962538,0.75,0.48988474250094405,0.33981433604329303,2,73.59848875291755,0.32499999999999996
0.5724900540230902,0.23325496565895074,0.6844655919458149,0.518677349611393,0.0009553334234805311,0.22893377430794448,0.20991956332393813,0.12388620303382702,0.9,0.5520120215673603,0.47673425537885783,1,72.12365960816426,0.37
0.6358567845712356,0.3446027396708643,0.2671262898643998,0.5863472652527315,0.16610121273710188,0.6259125453653877,0.10269439015064263,0.7385316090207217,0.9,0.5286028276232307,0.2643162523309839,1,88.04933527778685,0.37
0.6366354774403392,0.4123184434906103,0.21303075142397118,0.6500397135596255,0.8870225905583834,0.926587724178369,0.6601758143197008,0.19739641063361602,0.5,0.6209617291652685,0.13008309093289716,2,351.6700792657218,1.75
0.3133516484817424,0.38646756804361854,0.5455270542774218,0.2549750955662165,0.08529657553990788,0.2320249538069996,0.9619571857850425,0.9623452017507121,0.25,0.45478015909239694,0.03685413861685172,4,117.5,0.7
0.23959767137615473,0.21413707436640086,0.7041519231317006,0.3712605093477606,0.38191888391834206,0.3257915410975506,0.5100105822590654,0.2916880914674007,0.1,0.506709976816649,0.1576465649121419,4,95.0,0.5800000000000001
0.5633623483144226,0.7440793869597582,0.568197936459069,0.48880213772089903,0.9796624516555633,0.2212213900245774,0.3691426821827686,0.4293708757001783,0.25,0.6485199882165321,0.9529465140248118,3,40.89293456027855,0.175
0.4865059634344812,0.40730443165055347,0.529878810775297,0.7273352642501374,0.12506402308116216,0.38282482677012986,0.8567307201019734,0.14036100145675845,0.9,0.21525125692591185,0.5754031333367384,2,118.57096030678785,0.37
0.6334242185340706,0.43332463936828064,0.3828446559678933,0.6859423412927168,0.5840219508261872,0.4066371380600168,0.17053672611745474,0.012336164449205822,0.6,0.5744021499048614,0.4889601252779515,2,61.16817845542963,0.28
0.2746822040946266,0.667271891330366,0.34029221873828286,0.5935960796767548,0.2733433034899002,0.06182896069800192,0.3767684712967352,0.8102098556993457,0.4,0.45878979806627285,0.38432383930570857,0,41.67426963172023,0.22
0.6434213194261567,0.46234808449490994,0.3057561868782509,0.6646222589043065,0.7196852608776124,0.9473837117017669,0.42701541733706916,0.7078013985918528,0.5,0.38635535797631837,0.7084201459833853,2,52.4156349935579,0.25
0.4021295897793231,0.37637414326538565,0.4805089002943918,0.43929743260715476,0.6653417221020202,0.21704630315825957,0.3035825052326585,0.5298295333977603,0.25,0.542744426883809,0.14125947590609333,4,117.5,0.7
0.5756787193712983,0.275458794604966,0.4396293097263302,0.6904359961738622,0.7966573190059218,0.4618127344629326,0.22774153617552728,0.9934656902803698,0.5,0.6543084656964594,0.27612986765266345,1,51.431784839692156,0.25
0.219834490191849,0.45153608323432953,0.5632925815118657,0.688241097873092,0.11557880635366846,0.9558889074913278,0.8090462884304888,0.8388935193078518,0.4,0.6307276209396108,0.6559021196637528,1,60.80381363508751,0.22
0.5265824248132467,0.6534663491816308,0.3224800604276076,0.3940451899253228,0.7949175830914994,0.208170941304622,0.6325823773952418,0.7567498124509318,0.75,0.48368104087445535,0.47906436458522794,2,74.83766018655605,0.32499999999999996
0.7181727506604234,0.6872863122009776,0.5068741404787875,0.4615185857871649,0.7456857921016514,0.2715653705440776,0.18111938776368142,0.3281229839145492,0.1,0.6102654600265213,0.7700925389590887,3,24.207216301780903,0.13
0.44808706529995224,0.23233431386185882,0.6908074071761119,0.6499822296284345,0.4798444803773918,0.5737807470636765,0.8369503623191604,0.769034227704616,0.9,0.6093045986942695,0.8971098439566533,1,77.2259784372148,0.37
0.4509381296003269,0.3536919849957104,0.38860633353459184,0.2677383222300892,0.6761505256665161,0.2634892929427606,0.47888049893494333,0.33543587412796105,0.1,0.4896595135748798,0.8233725913706561,1,21.688588804520165,0.13
0.5969843577181475,0.5061684211051718,0.32875688255369223,0.5426530646427294,0.23492817955053413,0.010245360383479452,0.3394619705706906,0.2561162677146215,0.4,0.4138094323786539,0.18420771426073201,4,140.0,0.8200000000000001
0.7385766178402362,0.2673173245118986,0.4521667558439303,0.4717873515071697,0.5719023269668166,0.0623017702837122,0.2705195967102011,0.044769489988415345,0.4,0.42105327598257924,0.09147023552697853,1,338.2314733350381,1.72
0.29173846760309136,0.4923691160485232,0.5332874922014496,0.28653949635017245,0.641417904513436,0.5681895585686249,0.3374800230744732,0.1473346004355438,0.75,0.6055209749183224,0.1694406005450485,0,372.5678120190902,1.825
0.285098144454882,0.6709917935985659,0.3712630901685247,0.546683362893247,0.9579198327687352,0.5843924473886134,0.6791133665720679,0.5313487532694519,0.6,0.4953227563609034,0.7835306916002306,3,84.149139250605,0.28
0.5447251916213678,0.6615439815704494,0.6069420471773379,0.6623170383910528,0.806533247646205,0.8963800495481213,0.3827105435976298,0.6900253122306106,0.25,0.3695921965082117,0.9138310894927105,2,47.54258433363823,0.175
0.7089968772371216,0.36401868415374505,0.6621877579074571,0.4949295442621532,0.6914175930297486,0.052214955082343084,0.09262780874197363,0.08816810692415855,0.25,0.4388222741777214,0.9386061662290996,3,36.071543959048476,0.175
0.6525355165915141,0.5016006633090007,0.280241270878515,0.2435707530902036,0.9526222598919437,0.6840515412175877,0.4276060072889357,0.20048268988003104,0.4,0.3841035557115331,0.8669338348522723,3,39.44725450908204,0.22
0.7264705320651368,0.43419140603736844,0.39278635469352485,0.3959666966225708,0.8736397464358032,0.20155592767134045,0.7066792164758174,0.763324361545346,0.75,0.5775477281279138,0.214187626437503,1,79.30016892461333,0.32499999999999996
0.40841392631150963,0.7197482553418861,0.23448752307174675,0.26548370806026456,0.2946560888554083,0.5049147371706423,0.22298928231839388,0.3789296574554981,0.9,0.6189323681668355,0.6993686798620454,3,76.94875340836924,0.37
0.634308333515017,0.5021752202370764,0.2706952168785236,0.21895307522808502,0.9651343982800088,0.6931380346544302,0.8466142061905151,0.540599571466741,0.6,0.6152152904599428,0.5680203824333331,3,56.51897772085458,0.28
0.3233288915535751,0.34344590574064915,0.2078171662660531,0.3188497960854564,0.23903974215135615,0.7128798566671936,0.5005679607905664,0.1768488681070587,0.6,0.527506478579318,0.801357712516183,2,55.37856496509935,0.28
0.6060754153238199,0.6704885293003521,0.6940297063733449,0.4144527179539489,0.41242988961821025,0.6348402190163059,0.7353318566822382,0.24322079589035173,0.25,0.5171249833796676,0.4756521067515199,0,47.91841046660538,0.175
0.37567754924695673,0.7499234665143382,0.6231372480068739,0.49554364449915494,0.8759973393493311,0.379551107074678,0.2711367178927484,0.1951200554537248,0.6,0.5665775874585164,0.191771970665778,4,170.0,0.98
0.34012428797916816,0.3767179990868076,0.483450391856163,0.49814560588491286,0.8041713344029736,0.35416457496606246,0.48339902788793465,0.22281982356387564,0.25,0.5386395253725732,0.6398434001228317,1,35.36759612967448,0.175
0.20752325435052282,0.7276700468993109,0.51658343604336,0.5240370344250234,0.6860910711689315,0.7810334075524223,0.3394252489533416,0.945079385371402,0.5,0.5683920075397461,0.080280326995945,4,155.0,0.9
0.3163091235646006,0.6207429483406863,0.6054954860505135,0.2523368853726202,0.03061060956023609,0.13294310327404035,0.5887870315604908,0.7014068620483797,0.25,0.5261464790640145,0.5845879911684221,0,28.742275725523243,0.175
0.5272469047429562,0.5620065599314339,0.6595624960156325,0.3133501484047409,0.250682989509059,0.5540710968913485,0.3183862470428127,0.5540892456215902,0.1,0.6061383948405867,0.21270480546445758,0,24.33659019111301,0.13
0.6826991382435232,0.45381458943917763,0.25308799061810466,0.2580916718309818,0.6593276777642525,0.9728080535690574,0.4556968600211837,0.6482160402713806,0.9,0.2968331365370786,0.6849364371235602,2,77.08351349481752,0.37
0.30879244952024326,0.3555128882919197,0.4730231924528898,0.6118131587595079,0.5780392479199319,0.31755489388757296,0.25306413169772035,0.9878707217447237,0.9,0.48416185011681,0.8280431617281085,0,83.77404421312363,0.37
0.30269924611068777,0.7459584869747451,0.28883706247367197,0.5296578822471811,0.20685236170151533,0.7902752670742368,0.14658739102076102,0.8043512693612508,0.6,0.32730811173164887,0.10952472928207246,4,170.0,0.98
0.7109172397292369,0.6578790825822549,0.5563390609147381,0.5935211482349942,0.18572844298954805,0.967156644016167,0.6859876565745173,0.09011824367582888,0.6,0.5352506730754466,0.40026855214859236,3,85.15635135883468,0.28
0.27381309468795034,0.20531467956813654,0.43878183139820504,0.2492354094860667,0.6931771194590108,0.6036207627815519,0.3375462466939585,0.26073599775671463,0.25,0.7062116766759737,0.7335215877759967,3,30.56073303650893,0.175
0.3967639090520534,0.3230585364633557,0.7039906973094086,0.6840307994544317,0.7187607817481522,0.7413613729498658,0.32720584895253657,0.8762271108395037,0.6,0.44123322700543977,0.1637030615188585,4,170.0,0.98
0.6504185666920547,0.5926693641276932,0.28473956100721487,0.2266020844095334,0.26882721888849126,0.06986442597481102,0.5998678448275786,0.10707057283161614,0.75,0.5165357647549367,0.5665236700357131,3,60.09338865124463,0.32499999999999996
0.5596383218200809,0.5532419754463047,0.40318335661496457,0.45997766653957844,0.27666406426648527,0.5071863930484379,0.2863596223572976,0.2149963424200444,0.5,0.5953318198565537,0.6718389818757231,2,56.18430657849757,0.25
0.46903216353089416,0.3319604730105785,0.37279163654917225,0.4301142550649259,0.7031854149056544,0.5469993414022956,0.8397612482502805,0.5812395946554776,0.25,0.24166953076677464,0.35479360723938225,2,42.52599990986347,0.175
0.5317484664513744,0.7257005633095659,0.49616653523547205,0.6021401502487609,0.48344721177377836,0.2612563516107882,0.7920658750912973,0.19687100856436723,0.4,0.43521919788164387,0.8319822742026011,0,59.96379466659806,0.22
0.6438506063175543,0.26242946671970446,0.5592185671546676,0.4651608961399335,0.24222841097316028,0.84158859675307,0.7411925257292111,0.6128734889795205,0.75,0.5462471561311648,0.5106581850467138,1,73.46642407670224,0.32499999999999996
0.5148370182363406,0.22112931467297453,0.6984186551010618,0.7240312822664976,0.038920530786573426,0.12725761828472648,0.49995746018760967,0.746338923482891,0.25,0.13782378360387887,0.62699483994051,1,27.95774149546405,0.175
0.20191505802653648,0.317035375622831,0.2991067955399225,0.6297174845039183,0.4641008641918233,0.017293024414783087,0.1842699986668217,0.5887666996202181,0.9,0.3782795370533746,0.1408727967047787,0,373.3464885880612,1.87
0.5289440325115011,0.29753351481320245,0.6476840254253733,0.3944111794931617,0.6942170596879913,0.033428312711904384,0.04333175346050033,0.26131011545636296,0.75,0.6384557882582577,0.023160174532669053,4,192.5,1.1
0.45347128196120634,0.413018632926355,0.48675911354267626,0.464078357855799,0.08350169538656493,0.5419462321933647,0.12370198195668047,0.6482193349014225,0.9,0.6262011133597455,0.050748570824986294,1,394.7926150568158,1.87
0.35102120146434346,0.4335058206216122,0.6995854324198651,0.47659177506358485,0.777225319307587,0.9705166637521067,0.9484069616377143,0.2733651502352782,0.5,0.5474746849289285,0.9039201481982159,0,60.18043945690883,0.25
0.7040125257323067,0.5025698762998806,0.6228495112952874,0.3614752203128421,0.029409602623172826,0.32941221611176796,0.7084801187126533,0.05980120927253929,0.25,0.6110739987556472,0.8826423842482511,3,30.473392302866536,0.175
0.6347274195244244,0.3453768871417421,0.21075248440363517,0.2884009187477312,0.3597126576714287,0.29803454754690695,0.2193456358189767,0.7061307547303153,0.1,0.5275370768029282,0.8075914391618425,1,22.10850089635189,0.13
0.21190908126762026,0.7208844530402858,0.7499873612297319,0.6192266449907364,0.6590970050243741,0.5354940940343433,0.9107746396815976,0.10313885273027246,0.5,0.5701500529740077,0.1996120912348608,4,155.0,0.9
0.2594704900633732,0.6944200031829573,0.6090769007963575,0.38273448347114836,0.14968922447813082,0.3834496792194131,0.6558820518629006,0.5840792922454121,0.4,0.46107279381785715,0.5254586519495033,0,39.25303992617069,0.22
0.4762528514949127,0.563967637694083,0.2132277616202992,0.4758475016549424,0.07404268746793197,0.9584248037464674,0.3050648164613915,0.35897261378309386,0.1,0.5151032699034573,0.7961171005483734,2,20.931051590209766,0.13
0.6028174882902418,0.3035239545429831,0.4440848154136332,0.49289157105171333,0.6236297990434235,0.9451655174597346,0.662688239103272,0.9547733295477041,0.9,0.4214118765359166,0.6746691812557738,1,88.78846298659519,0.37
0.6045609545775777,0.7304495409362091,0.6665515514023603,0.5418351311264726,0.18759111882047896,0.618809928972935,0.8288788918762848,0.5090244682548472,0.9,0.6588205869441517,0.1155211936759376,4,215.0,1.2200000000000002
0.5210023711591452,0.5317526811899689,0.4998482534628756,0.23264958414240797,0.36217367582934046,0.9847585300318772,0.1409873403966605,0.41092952752865664,0.4,0.6911382203490747,0.8955411998124237,3,42.227654597568694,0.22
0.5840630170235128,0.5939852400712817,0.48186419924686513,0.6787131829713987,0.8733737525606602,0.9004807465059209,0.9803821015597741,0.8848475922643815,0.6,0.673400491859063,0.16068239277796226,4,170.0,0.98
0.5698402415161732,0.3994655618213594,0.21083189447924885,0.23253890557372406,0.050957025387412536,0.9297664996274883,0.4281671914067853,0.651619187456582,0.4,0.44949508900310264,0.17179569341333545,4,140.0,0.8200000000000001
0.39348904390298245,0.4541579288592756,0.2917791157296338,0.3041305685324477,0.3942758691671191,0.8136680766135487,0.5759192763227661,0.8455446425540043,0.5,0.38116403170713475,0.9010086291707082,2,53.93851067981976,0.25
0.326616247328635,0.62928233676695,0.6242083125234743,0.4106164419775784,0.19377147152076724,0.18498309475490227,0.440376801584787,0.004751544962480536,0.6,0.6605099148747202,0.4846169390945161,0,57.45769152139888,0.28
0.2948004098714177,0.2609996117849081,0.2479211216259453,0.4152035879946547,0.6928529548962581,0.296053727808011,0.5572993462144499,0.07000356046084688,0.4,0.5687115025467326,0.37289182595646686,1,41.5043911586733,0.22
0.2250483383266157,0.3834992704194843,0.7288432833976255,0.4791275385855213,0.17064435938269396,0.6228591700219328,0.3056626271110431,0.2147219425856337,0.75,0.5417476487733811,0.5536567422980565,0,60.949780354846354,0.32499999999999996
0.652454561259354,0.2710962702424695,0.3474433303253377,0.720600544499205,0.22884650080776792,0.21481936472549545,0.6228509494305482,0.16769121446945712,0.25,0.4212538800534158,0.9813973328321114,1,30.371331544054218,0.175
0.41095354331371303,0.5566233706465773,0.7368697285394241,0.5029332659819046,0.36270635917989036,0.6878868655934522,0.5136710573476506,0.5972808707754839,0.6,0.5539044474082676,0.11963045524104288,4,170.0,0.98
0.3679402720758048,0.4925716507736343,0.23005045963197263,0.26180343075098017,0.2509069794637485,0.9327148731652056,0.4138792483163356,0.28696393661233455,0.9,0.3646964111474395,0.7569488487920653,2,74.65357720889232,0.37
0.20394410777874847,0.6863155228607525,0.5692042358947776,0.3640813708230115,0.9043261840584723,0.655289615264387,0.6139458631384505,0.8867346521661681,0.75,0.5800012019474344,0.3343258622441275,3,82.27082862192349,0.32499999999999996
0.3216387805640175,0.575692130636779,0.7057426356319054,0.3645265000786609,0.05854028627138441,0.8376795120075803,0.6778643643051009,0.35999279478012935,0.1,0.6732719981188559,0.11704927084762373,4,95.0,0.5800000000000001
0.37685751016273,0.6698323988565751,0.6913566987360638,0.7027201117563782,0.2563513425238556,0.10480589988155764,0.94107417024669,0.1419121033295362,0.1,0.704848646189074,0.42193335535293863,0,21.869117141623732,0.13
0.36123481440368216,0.2661719121779919,0.4419986645991982,0.3626706758276496,0.25943853573088427,0.6911071795694699,0.7101524378859926,0.16076870460259396,0.6,0.5893256848539921,0.5487528777252709,3,59.48295638011178,0.28
0.6861266667465098,0.2201492179919497,0.5486342582999498,0.6983997511614627,0.8141311607656276,0.5102872691763625,0.8484566781151089,0.08728538984754453,0.9,0.3275366407831809,0.2059616377281469,1,75.357655675484,0.37
0.7371687017433364,0.5575718296139238,0.722457626362309,0.24161270444378702,0.042829999093689675,0.6369903814943497,0.15002379710981684,0.5249490457332999,0.75,0.5253113106920395,0.4052694590966025,1,104.31437717711006,0.32499999999999996
0.3976030902979319,0.20479308352970355,0.7396510747049503,0.6964995633216846,0.01410875928450872,0.7799292605482002,0.8995301701785016,0.838882761964288,0.9,0.7685427289105305,0.6356760254722905,1,78.28798393280925,0.37
0.21542890593651076,0.2099729577528713,0.40183322175850145,0.34219588173499604,0.9583528131504183,0.9030957546587897,0.44401801829036525,0.3983482084436466,0.25,0.39182851855422457,0.5764480197202222,2,37.55745222208538,0.175
0.6658127524833762,0.2882664217995243,0.6348572044854716,0.5049528349948649,0.896183667971543,0.926938795357227,0.972835948318037,0.7683172348427827,0.5,0.49318957480373565,0.7231605940548506,3,72.02499722159615,0.25
0.4075654742727433,0.28014586895335836,0.748730218277819,0.5398923665068452,0.20198882994138034,0.9449541361107224,0.9471414668162196,0.6661313639129715,0.75,0.6776095059162186,0.8364045329374012,1,76.26819937613563,0.32499999999999996
0.4416602279123969,0.4041201561040024,0.6981505268469704,0.6516554945049187,0.8572802663494847,0.5611764211639523,0.9441269454117227,0.09393639659209119,0.6,0.577881334986392,0.4091403317693737,1,68.76336669600606,0.28
0.6461521836025231,0.5389091601293161,0.688376120482691,0.36460310466713874,0.8639636964847707,0.055503629037139346,0.3391070522180205,0.13532564261526192,0.75,0.8111787349280147,0.42296727546222745,3,71.04811446604468,0.32499999999999996
0.5870383743398091,0.42244625831554095,0.5299993447078307,0.7489841503369812,0.4791350924629122,0.23224615799246995,0.9520723793339971,0.5593213336534095,0.25,0.40882686702512877,0.49669213445515314,1,35.12669993407188,0.175
0.7414886293714251,0.48194045905709654,0.5156248986906535,0.6935269730255156,0.8977307363037248,0.27805846905115095,0.025977559946560813,0.7756550036839217,0.5,0.37665820941323647,0.5663533783813035,2,62.00255582992171,0.25
0.7420996418826202,0.628234291444344,0.2358514518772469,0.37745185388912517,0.7023776599719719,0.5454916456741936,0.8153427297292126,0.8400843726481325,0.5,0.6538919840069873,0.10832267423789166,2,354.9462928792453,1.75
0.6931092869561694,0.6225938782177644,0.6082281890634349,0.5673577767574776,0.5879033080181738,0.965927791853937,0.7197119476173273,0.6768753761626287,0.9,0.3508464300332642,0.31263535419477406,2,135.6584609249285,0.37
0.428395117297811,0.421782726189586,0.6449128681749406,0.36157916047078903,0.36142179255864537,0.0022585786000076657,0.240942673894178,0.7639205068146299,0.25,0.4759602848838101,0.17189179537702426,4,117.5,0.7
0.5766575299855354,0.5994146878831761,0.6645057941488408,0.37593707488885864,0.7098712544371741,0.3310221448300942,0.6255829745384388,0.19528747947313718,0.4,0.49237999723530235,0.3858527623441316,1,64.89227506087998,0.22
0.6080390967610112,0.2585694436682778,0.2759339509235476,0.42953482209537086,0.26362771926904405,0.9474080939024966,0.4131805729355945,0.24498759429885453,0.1,0.6303326157363152,0.9733540725740365,3,22.43959079072522,0.13
0.230374176995386,0.7212340768059362,0.6960426957801483,0.22691353253921376,0.48710824683899145,0.3870158797873662,0.7295290373491057,0.9621161064908811,0.25,0.5775224452452037,0.5827309566809797,0,33.548282475415654,0.175
0.6610714470407534,0.479880795749514,0.5860795886054525,0.6878121431140031,0.5917374244576918,0.591147186936915,0.36483385872348306,0.5646309319752953,0.9,0.5578366574209466,0.4293815199205463,2,124.18906005181093,0.37
0.5173359678927343,0.26397990515654624,0.20141823576762244,0.4733068427382956,0.3193288663871382,0.0010920743123419285,0.8660961728784851,0.4294440855217052,0.75,0.4502061032777794,0.5659368952237088,1,60.96607700305076,0.32499999999999996
0.7220776726683982,0.5149420293872577,0.4051165259485261,0.21700710939450235,0.4920884850539967,0.08350091542592819,0.837110513405392,0.17033707037759038,0.25,0.6527497525396909,0.6690765554271793,3,28.51944110944589,0.175
0.7032386795030103,0.3799361634719232,0.587627570723303,0.5818304611613057,0.41062115878431593,0.8402655470638813,0.4577829402135195,0.9311523354664637,0.6,1.0,0.43495346329040097,1,70.98609845392848,0.28
0.3396357387528114,0.23507762855339895,0.411750208269514,0.37442205761046,0.20931430342068968,0.7152328299547713,0.9779985235617275,0.5496136372203109,0.6,0.5871665571323893,0.4477098042528872,0,58.5691869811794,0.28
0.5851410193797792,0.6508803726129115,0.3223449795654211,0.4905270883770433,0.6921838986439929,0.39322665960100844,0.7513373397254689,0.9088740565237291,0.9,0.5130820752393487,0.7014011293817086,2,87.67552990431285,0.37
0.22233459106348893,0.3178407026134041,0.6189688829271457,0.6363690762689899,0.7030555670505292,0.9359287113809792,0.5886526519923097,0.5771374404509629,0.4,0.3380754177466274,0.06086258320570126,1,353.3575957928079,1.72
0.6270224548984918,0.27831335874354857,0.5030691001076295,0.43248962794386064,0.30462738810915535,0.7096274911637859,0.8819525217561553,0.6463162261289312,0.9,0.42077184253295713,0.5400805682883442,1,82.99834470802958,0.37
0.7453174632372999,0.559738427982085,0.714361150267651,0.2799426677546407,0.23303922059858295,0.5441091147216865,0.755937416951415,0.9393633148727528,0.4,0.473838688421614,0.5473278122177014,3,51.86601578480179,0.22
0.447980300205126,0.6243841800582277,0.40232175041672147,0.5478796728845057,0.15659604952055395,0.1274970909665606,0.412943530232906,0.12561116946261086,0.75,0.4336551651076895,0.7567522611283809,2,78.93694144570702,0.32499999999999996
0.4814361948055134,0.7455611750698958,0.29562989703602033,0.7144417824315703,0.9804289125051184,0.42430436728255916,0.5336105190679049,0.2270877812927713,0.4,0.4985872501508422,0.982644752336658,0,63.274493779042345,0.22
0.42086402459181327,0.457396131507512,0.4907310360294885,0.34595160218846893,0.44912612353692927,0.9846939348612198,0.4886871513669695,0.00882392580448621,0.6,0.7232530642728646,0.7957547867868081,1,80.05936242339581,0.28
0.7300115934359361,0.7013179628791342,0.7350978051162496,0.7483057647152378,0.24252753025063056,0.9784548304785041,0.9890675134107325,0.21049308977170567,0.4,0.6567773587216129,0.503788612650468,0,87.71516780527222,0.22
0.5683900523495347,0.4484270226931596,0.6679036458229677,0.21309268280998622,0.6152640878438534,0.07690833050541446,0.5774416424446291,0.12592070148643741,0.75,0.4807107379077292,0.16945317960717854,4,192.5,1.1
0.6589222245924269,0.47350731331605367,0.5702710148958798,0.4057253337383792,0.8186615236426579,0.9395749876022444,0.17298680804948263,0.462712168594824,0.6,0.34929347239469566,0.5882609716331706,1,81.07447328308183,0.28
0.40274273462674876,0.21744443404598826,0.43308418673595733,0.42459480748063155,0.10204299847463416,0.339140007072975,0.06509775476052648,0.26454652801742706,0.4,0.6680727648919839,0.8342988867126859,0,45.01705219143972,0.22
0.3236351060274392,0.33602780044687214,0.5212767692433815,0.37477429339672674,0.9902236670893015,0.04460326732140185,0.8589683296186706,0.07745257775410486,0.9,0.4944577681581416,0.9324140636453325,1,78.4429709154163,0.37
0.6566385499595093,0.2612618087713866,0.517704720616274,0.2880245999265063,0.5289969311173601,0.4521197924273457,0.9315546600206449,0.19904986228508958,0.6,0.28439919595309854,0.8253103794941006,3,55.12203522299903,0.28
0.4905323448063624,0.5039002378226753,0.5532637275891511,0.43508372100009157,0.17968201537963513,0.7487140885678323,0.7257194731003539,0.6991817704927987,0.5,0.589814822646125,0.18896860636256352,4,155.0,0.9
0.48021107682109,0.29952393884471135,0.4546584423549813,0.40516671400185983,0.026127116172380727,0.25995968672490866,0.8398951778542993,0.6008581214567726,0.1,0.6290424466442509,0.7125758643493314,0,20.011195990654222,0.13
0.5663721075599254,0.43915194792306733,0.6286379080391211,0.43429565421553074,0.6021949207321816,0.2959166054048117,0.2601730885569479,0.9465548880182547,0.9,0.19681567421688986,0.8801549474858433,1,94.6743847997949,0.37
0.3296741451356773,0.35052879542722154,0.22490687380040014,0.49695534583050055,0.7277552788532122,0.12686611780183754,0.9377069421437638,0.5823701518180548,0.75,0.3973455598290029,0.6810169666269752,1,69.64227217849317,0.32499999999999996
0.656984486145177,0.6230114387496637,0.4407842064861593,0.30786619532948173,0.3333623669570881,0.3971394463995984,0.7254045103526182,0.3762726516860836,0.6,0.4867689721575626,0.6857520409282152,3,58.98830992110703,0.28
0.674916443813599,0.23122956872478764,0.4195724988613717,0.6711383283111731,0.578744799118607,0.7104994966484048,0.19537499730596453,0.9442414862425493,0.75,0.5925798948996077,0.5001622862510787,1,69.43668383693405,0.32499999999999996
0.41624717807230804,0.264831508916328,0.34627222519018785,0.5300161929586216,0.3561727714354098,0.4193747570769143,0.6985143678678206,0.6087850893877641,0.6,0.4360161183818982,0.6369762221255051,1,57.09759331407676,0.28
0.283619749232014,0.5602144297632957,0.4409890621595852,0.38391422545128706,0.4401198369391792,0.6497420403007914,0.9028283075720446,0.8002836166454186,0.25,0.3963954435065672,0.2943807192230211,3,42.29363685903682,0.175
0.33250901428774016,0.6528314922211902,0.4181706711048709,0.6061635960834253,0.8242590099547736,0.25840840856731295,0.41940334929763756,0.5538191416540592,0.25,0.5916605336686721,0.0888100867857452,4,117.5,0.7
0.4421953559505615,0.2505269527877287,0.4422782863419933,0.47922827885467023,0.04419081916148293,0.7697921803773246,0.3234634244150889,0.2825960780410143,0.1,0.4419548259243231,0.8277149047454004,0,19.62657396200064,0.13
0.4518132064213573,0.6489329414615499,0.7009682419736663,0.6327282713660687,0.2592920093561464,0.2833792654200644,0.33801483215783223,0.6048245580761592,0.1,0.5684795162999421,0.9431443073915157,0,23.010358716566692,0.13
0.5205300462160278,0.49779747830518994,0.5545388165680125,0.35830666304165604,0.5835653219000632,0.25571175360187537,0.2064242765732075,0.8263581900713568,0.75,0.36141080236504386,0.8568223353769442,3,80.83450232333779,0.32499999999999996
0.6465157653817768,0.6712664976820135,0.3469694397500068,0.6965500144770427,0.09272333767636654,0.5128228412009275,0.5205608741892761,0.5741368068116216,0.75,0.3312543936872139,0.333913553780803,2,75.23298446160459,0.32499999999999996
0.6668029981954171,0.43346772211538065,0.6999501111510101,0.2662414465963295,0.8856501159071357,0.6239139400947676,0.9736337662480233,0.8713530833487275,0.25,0.5951793509630198,0.0935301513079283,1,341.4227652690134,1.675
0.2153926075648952,0.3913267540767299,0.5109896343550397,0.3932934379930764,0.21474025948721154,0.24118331022530115,0.3447741359151706,0.3915144150801313,0.6,0.5322224632439274,0.2801383876314065,0,51.45678748291532,0.28
0.7181372535192478,0.3400906259803298,0.3546673664759734,0.5491551868996704,0.5529951203076955,0.23251263289633883,0.22234518111376567,0.38138995736807957,0.1,0.616115327555405,0.8428353758099001,1,21.064487455176966,0.13
0.20212513528793952,0.6001563787950296,0.4076082157012365,0.7377613272038128,0.672023113212752,0.6881256130961884,0.9761167400402896,0.20241543392181405,0.4,0.43390652210683456,0.655814507633216,0,45.146934059879456,0.22
0.7316818342566154,0.38847456014040693,0.5033096661604033,0.6345210219010253,0.7378045378143421,0.8797371026576145,0.8758453206592819,0.7213396243862599,0.1,0.6123083755861919,0.5736506498745382,1,31.37233126875858,0.13
0.3286955685024968,0.7302494860628161,0.5258187198704982,0.20434365982580927,0.9568927778215227,0.17862861894624227,0.9503398471800862,0.06419148203362157,0.6,0.6605854082533076,0.2173163119843926,3,48.66759283064708,0.28
0.21383430159540684,0.6852188090208774,0.5549048402685927,0.6196898854851243,0.5556218811919182,0.09019695700812225,0.5680009751981364,0.39010971245571946,0.4,0.5542591686907451,0.9987538057742129,0,43.774257790724604,0.22
0.6312088005262995,0.4312528769379271,0.639236185378266,0.7156428446468961,0.08160943150238686,0.6481168050241883,0.7311979996228418,0.1741854136199813,0.1,0.6322013802488273,0.17467729282147892,4,95.0,0.5800000000000001
0.2946941092732919,0.6202750197481114,0.3692856041885608,0.37682115167961966,0.6944367193087689,0.1790475491477329,0.1373964493152765,0.14736326652474574,0.9,0.4173122799592642,0.3355576973748593,2,83.40861265451409,0.37
0.42701516807001244,0.6750457359494471,0.21213083702052704,0.4386594137456452,0.5990784689543349,0.7787908081266032,0.5968937014738136,0.8093514530182451,0.75,0.6155676208606936,0.1720621884171678,4,192.5,1.1
0.5740262072630988,0.2607285020553871,0.6357394783595791,0.7180464288435442,0.5914773410703692,0.7973212473484868,0.9765225011333006,0.3909598079682246,0.9,0.6138955121967625,0.46451286875006825,1,82.83055446172445,0.37
0.25001415159233825,0.284121475806983,0.7357534737204117,0.3088206024321579,0.1499421769268947,0.13539681170495765,0.597477596656598,0.547103065855342,0.9,0.6900521751868542,0.4188760096109583,1,74.89077891884315,0.37
0.24341682163676248,0.7237058950177451,0.6909424903952079,0.5606490100032222,0.18423537854203076,0.8821049626676735,0.9567483684541884,0.2532156431033017,0.1,0.29167032769990936,0.4912408965105728,0,19.3721893728913,0.13
0.5032870100081543,0.7055779829665239,0.5605360413112825,0.5621181626232885,0.20688293090106702,0.21392185230754723,0.38742152969135946,0.8532271752989463,0.75,0.3869983906289355,0.9279834000554296,0,88.59955824475843,0.32499999999999996
0.6640270603110742,0.5592851225108315,0.4770222878707227,0.41434682384414634,0.5959606099411179,0.06755343173266992,0.4729790851720672,0.09033168302809258,0.75,0.6036786138817314,0.4783243858342251,3,75.38604606816465,0.32499999999999996
0.47672364103518244,0.48736325699795696,0.3984575346150385,0.4464651249391903,0.4062141140084401,0.403520142303317,0.6483526657096457,0.549453966963101,0.75,0.16858288645329061,0.5146263262136441,2,82.06502850435692,0.32499999999999996
0.6410295630749367,0.42908235277173834,0.21405787164948617,0.35566062697561707,0.874754782339086,0.016275182665472343,0.7739988220946491,0.022658340955841738,0.25,0.5622121845254482,0.8866821059184681,3,29.739589804017125,0.175
0.327458025250434,0.6364701065075826,0.44711118215949486,0.3541707986693232,0.304289828476366,0.8796631381795634,0.6904141716771217,0.1719966783661433,0.4,0.6333148484073214,0.8177579940148323,3,43.54789024198602,0.22
0.6458876861128936,0.21056924250613662,0.29583796350216973,0.6548251506676901,0.49078454411194294,0.7219041809779858,0.9373433213395294,0.6343211992182037,0.9,0.4284238804118519,0.23972203122544422,1,77.83166219214336,0.37
0.5028584502132214,0.6255073760187142,0.6609968081191427,0.7180799187236968,0.024675411432927286,0.49970185969628356,0.15296163917082772,0.04777955047492133,0.1,0.44672996094694684,0.012925955228850206,0,320.4276288844581,1.63
0.2348835296168359,0.6395791088141596,0.5898213815209092,0.31386408037210756,0.5985106346815843,0.7769219025104245,0.0360605554964043,0.7835892709655194,0.6,0.3660915093696578,0.6294995922020511,0,58.18737615980446,0.28
0.7124362464870677,0.4223110341685157,0.6881857901001424,0.532812537565709,0.7063878798115087,0.7519868881683613,0.24472837271570047,0.3935954554934291,0.75,0.4352897450666682,0.84484982383752,1,86.19362757399814,0.32499999999999996
0.4897113705975262,0.2877381636427887,0.7028801933580222,0.5061640490492354,0.11975082720721897,0.2388909502344665,0.3027896714774301,0.31943663953678614,0.75,0.43891859900358776,0.5528501126104001,1,66.23254196573282,0.32499999999999996
0.2033508230232496,0.21005649758865577,0.6276979327599261,0.28906499435811434,0.1750398880968118,0.18871179807114336,0.9014703997921601,0.7838936148156058,0.6,0.41509164821257594,0.21117692001284516,0,50.28332880935491,0.28
0.5293061395954799,0.5745950790636892,0.3536510761216733,0.5131225946262769,0.34447770349143736,0.9476435394809607,0.2389227127923239,0.4068204534500507,0.75,0.40822468464380335,0.7413550906753068,2,71.60203893531423,0.32499999999999996
0.3321423102939911,0.7204734850523729,0.6730935859920419,0.35842353532360804,0.8135253114345706,0.44288637020362664,0.23462532290814597,0.36853546762148837,0.9,0.4666639653758379,0.6695392826112699,3,85.66776200379097,0.37
0.4908479700226869,0.4753480714346482,0.7280127918725408,0.4167158291011197,0.5007210723746816,0.6206443836603374,0.4056064995815233,0.43130433111997424,0.75,0.4651487989103296,0.5650325374085529,1,90.78562525922415,0.32499999999999996
0.5092251550418618,0.7107886271880905,0.289546078147107,0.502767081803086,0.2639436128014252,0.5353472984174117,0.21945623376954637,0.8675262181080758,0.1,0.7352891898624807,0.8633361740209837,2,20.329597604598977,0.13
0.2581201061990063,0.5396244125001753,0.4011257618628526,0.7321998402487804,0.7473670702663014,0.4102789884141841,0.7472278470328477,0.006995941809373019,0.25,0.45123867727333544,0.7842423529390328,0,38.05959457148584,0.175
0.4284750496316895,0.2749032006479388,0.6586999785106222,0.6514766802826029,0.34448922264239656,0.44030114814678856,0.4697985075456973,0.7487314777103389,0.4,0.543696888934536,0.6679520914227803,1,44.18704140086568,0.22
0.5821727907485315,0.6118464910363255,0.34559336972917376,0.5531294252325298,0.9628074275617138,0.37999713044280303,0.3505998495278747,0.6105152265803961,0.4,0.4283603011950098,0.6647586690232183,2,45.82103528175387,0.22
0.2209109291629665,0.30828957913951904,0.7127536961541978,0.6065794133954623,0.2812536141915789,0.14135033381518924,0.9615408704921987,0.8095299568090221,0.4,0.4267683367790128,0.6622026342982749,1,41.03408859545136,0.22
0.3268698975440918,0.26126069923560846,0.7219056946776758,0.26170321633307303,0.9584995530241278,0.21783287868391665,0.017809214969670584,0.4372615757381064,0.25,0.2871704161457948,0.525164744916564,1,30.188212014448222,0.175
0.3413885264259865,0.30044869614970143,0.20410510122647238,0.3727741257539242,0.9336089629915812,0.1383253388717589,0.11718552283459838,0.06895278424584206,0.6,0.30382590830713946,0.463921644643847,2,49.451201968875914,0.28
0.7357983793793195,0.3880468181951461,0.47736768370727556,0.6102646811569798,0.7650179989319748,0.7859265338335389,0.695376055663464,0.05329184512233609,0.1,0.3494539691845944,0.7096004594987196,3,23.628597299124213,0.13
0.5030940561435688,0.6089753290767687,0.5638997275047835,0.5347096626494582,0.7232883358152038,0.4486288084616872,0.15789442193660497,0.2951260104846021,0.75,0.5236040781065916,0.6104944814702311,3,95.0217295290313,0.32499999999999996
0.5573068989664599,0.6395403991430382,0.5906052671406073,0.6354762063878554,0.5011468399329609,0.32965147226968106,0.9697492267415924,0.4747417417071993,0.6,0.6353646889650668,0.4899805623005431,0,85.28424014703853,0.28
0.28007870105594224,0.5727205529907973,0.6053620517790432,0.36498153787325904,0.37215051025214363,0.6731654289680367,0.6505450568559148,0.002439280405267419,0.9,0.276865132818189,0.1266613539110416,4,215.0,1.2200000000000002
0.6810175303138053,0.36759138181648526,0.3341076656570735,0.6769032485142812,0.618473698300743,0.2437689747690337,0.3752336415879216,0.7063488907348443,0.1,0.4318423344857488,0.7019287886531655,1,21.562815238585987,0.13
0.3358609109640347,0.4285263543374901,0.4023575565202504,0.6939340024070499,0.5573862210106958,0.3686551441550969,0.16741035183712405,0.5054821872477532,0.4,0.3294314036639354,0.6459985705779654,2,45.975980639609105,0.22
0.4503796560583804,0.5818699133129186,0.636721397554106,0.545346969410947,0.3193660235072032,0.9129278084080751,0.5343466402890507,0.8659639941704125,0.9,0.4675064419658589,0.3422484259735036,0,96.6651889441505,0.37
0.7190319740787032,0.6413791410908045,0.4201136452211748,0.7229465137917259,0.3901810284835113,0.8274371637879605,0.05653690217207863,0.29811902556801495,0.5,0.6353140777405052,0.35632316621507676,2,53.95994915484542,0.25
0.48851615829923384,0.21241752761969276,0.3430073038090933,0.5419512728704967,0.07817593304469939,0.03165018071487391,0.9188622453231189,0.7168687443996798,0.5,0.44463965121005244,0.24672238413525227,1,42.21746014356199,0.25
0.2862481962784402,0.5212374246912621,0.3988789122691414,0.49391201403205076,0.6251100644684706,0.532492809411833,0.569554036216842,0.6386903813864535,0.1,0.4946502770548729,0.9619152563650188,0,26.381887204511287,0.13
0.20103116633028908,0.6666317450677841,0.3990590182765406,0.27708713885287417,0.8265797947401032,0.5968885557955282,0.7485807631108824,0.2809780518297349,0.75,0.6828319042929716,0.8602013628687226,3,66.08814269285033,0.32499999999999996
0.440853721352794,0.46739751141885877,0.550571490772904,0.48850934219375386,0.9767617378164721,0.03189720843702892,0.38657659527731547,0.8820495515037039,0.25,0.5579413477542938,0.5610490294122168,1,33.94811939926209,0.175
0.22393797013688446,0.6793317771427707,0.45107991248282875,0.24234327489315494,0.18052296268619017,0.14133809293365796,0.3654307668999135,0.4281947005168275,0.9,0.4054179267640822,0.40165314655851425,3,75.81657268401214,0.37
0.6250555300910519,0.5630849303306875,0.557190775023072,0.43480270095455864,0.9333940606617277,0.836119534708821,0.46408963769051415,0.972975100881603,0.4,0.5205008030611104,0.7368252636964233,3,59.98049978929576,0.22
0.42577338444154367,0.4949862500130386,0.2278269270945068,0.3644267703198565,0.6422784041590643,0.8736587319818913,0.24605698048682545,0.4889640742999828,0.25,0.39697058926283635,0.5277281761259972,2,29.878935383264885,0.175
0.7433417954593056,0.5642058690204417,0.43041379097952714,0.32229970661724916,0.029717213356433292,0.008880193266448844,0.7054532209394645,0.11829362246560071,0.6,0.5532555553486224,0.975851033915114,3,56.04176011789207,0.28
0.6098651490451285,0.3431596703384053,0.28930355711546246,0.284983195128858,0.5478082371108176,0.69600748221002,0.03223458622963926,0.448741399145682,0.5,0.5651341874619643,0.05512261392215456,4,155.0,0.9
0.601094803540603,0.5535456398587946,0.23839335465417685,0.2632735484492114,0.6841519369858398,0.88973098785485,0.29923010060165645,0.9742165296843303,0.5,0.3293977191868305,0.034285734053475125,1,379.3427300685708,1.75
0.5486157770444675,0.5141138560296875,0.5772994832044974,0.29792139959979413,0.8445414996596974,0.6506350720818543,0.3919255072461312,0.7111103761994986,0.9,0.5225337258408012,0.5686110179733733,3,84.76204321690322,0.37
0.599623348419442,0.7148530570318024,0.5305776729944927,0.30787151080353115,0.8161932690703534,0.3032998748865573,0.9928300649070293,0.908619369754639,0.4,0.4858774628875982,0.20327922268890675,3,52.52565922956673,0.22
0.5737491204062586,0.38869492595033545,0.2271082605121468,0.3662862824438742,0.48550144034292264,0.7228299157753952,0.5240088946187819,0.7609305521970262,0.4,0.568807950336568,0.6043041635501925,2,43.73697874984865,0.22
0.6980718060725726,0.4261266260967864,0.6755659359171009,0.47976263893753546,0.8269822038779814,0.023222555157042524,0.07913202970064925,0.336467415876727,0.6,0.6047062223047985,0.7814230285471774,1,62.624679005011195,0.28
0.48433789392778004,0.2028689765856919,0.5504072403089347,0.25929761476673113,0.9176136326323495,0.3982735831433897,0.8875122152019242,0.46243391263175293,0.25,0.560389334810799,0.13810976118487284,1,331.655340122144,1.675
0.4633116280751299,0.34317427061195444,0.4158106312061232,0.4953925456167405,0.2888529203115734,0.9006451830624952,0.5606707689186775,0.3604842950300413,0.75,0.4626331446368299,0.44060822418952794,2,82.60157545575186,0.32499999999999996
0.20795526303108508,0.3565209707993926,0.7442865638605258,0.2315695192013078,0.0444070036278168,0.11093313244822389,0.1393103276415305,0.3648362904106063,0.25,0.6174770626727594,0.6886670834493552,0,26.44804187762801,0.175
0.3756664184865526,0.37678181123055654,0.40866225651301946,0.5766295051432899,0.607332955744344,0.30759011442192985,0.0655276337648002,0.2648087373173338,0.25,0.391271117801389,0.8338635706729712,2,32.121426528874665,0.175
0.33625908927563053,0.45314813927482905,0.5546749617688471,0.3772771320807238,0.40868165089961017,0.9922699286723291,0.39298690475093867,0.08919541874744397,0.1,0.3352379365660418,0.49634409003635727,0,23.663284605388306,0.13
0.72182491927679,0.7388199492184748,0.26582046222813116,0.38910093642044563,0.5811148144739334,0.9196400726262897,0.7866956988617501,0.8362183091872366,0.4,0.10047010586731124,0.2061535869060216,2,49.04172861498108,0.22
0.31438463839356146,0.30273427755641336,0.4700389110860538,0.5101049094741834,0.9282317961023304,0.636543503385538,0.9949227306534987,0.03328156987965081,0.6,0.4918171841218038,0.585799255585633,1,62.57335662200026,0.28
0.4341086223286796,0.34990518020354844,0.3532418658395018,0.7456704859874019,0.8348396761435622,0.8570106695222617,0.916700390761965,0.47816945763584906,0.6,0.3977222626820534,0.45451706872499953,1,69.00227441207805,0.28
0.7080225556946378,0.24174436254414647,0.5611028585978691,0.4512826841166644,0.7877559236206,0.1950803991211798,0.6031302251782144,0.3586451523634614,0.9,0.550409494451478,0.7719254270044859,1,72.27294576311108,0.37
0.5788477534595391,0.5283283880473044,0.6890888200453297,0.23684357285885377,0.5961736506619755,0.6755605071583003,0.34706866674617887,0.21623829930287197,0.75,0.25375320621126096,0.555576064202948,3,62.38160001922175,0.32499999999999996
0.39227885163173803,0.7420217691765716,0.30025694194483926,0.270033391728656,0.32168790885933474,0.6639572451074426,0.6768742336728105,0.7413169360240989,0.4,0.4195575208032759,0.2794228449704308,3,48.51826757971722,0.22
0.6009346033003165,0.6275893380096049,0.5697504512210632,0.626907705817959,0.126536608572706,0.8185173902544616,0.6881478015409555,0.030505076690639177,0.75,0.5594902554791263,0.7543929197211882,3,110.96889891089566,0.32499999999999996
0.5815468646512447,0.27467387525904724,0.534522043613179,0.6272821754077429,0.3355978494350508,0.4667112559064771,0.3606174903868148,0.11741688820841312,0.25,0.3716391372289716,0.5177470129619597,1,34.234295994194675,0.175
0.6760341334784574,0.33542938347603923,0.2700869185161962,0.6295997439704188,0.20734628450500703,0.02456139491013254,0.09307716135256283,0.26630011772454476,0.25,0.5518498691205898,0.1775465522783275,2,328.5214841435599,1.675
0.34110158976961596,0.21756121307648804,0.6538674600071174,0.47829512359597304,0.8199702656357306,0.5266375099372003,0.424497890691106,0.662162943958549,0.4,0.4308473206776659,0.5630723231419945,1,43.4606676635965,0.22
0.3796482228356321,0.20628600787735205,0.21943009458937124,0.6359427988081621,0.5415105603250052,0.13151392675562623,0.22262336382418957,0.22252236099060763,0.5,0.4964921726191416,0.9483200598458729,1,43.47020075371048,0.25
0.4693382367306755,0.2823471271130531,0.39717809498696,0.29091783114563763,0.5999525126123422,0.46162436618934644,0.3875850625608537,0.556639172881788,0.25,0.5751293959987475,0.7055162609377361,1,34.34225716756515,0.175
0.2620848542492127,0.351969301370779,0.5022297011043186,0.3155036342967248,0.9701157857825572,0.3141934560558768,0.5201954336335173,0.48037001564411563,0.9,0.6199148224141399,0.2988033614579789,3,82.94731637795665,0.37
0.38901909470662194,0.46286198617605284,0.43101635655073356,0.2707452895167093,0.7166430317458448,0.7302902679829161,0.7290707214130405,0.2015195799387448,0.25,0.5121829836398479,0.7108731752928581,0,41.20854998810168,0.175
0.22137609954473852,0.21950229982191644,0.39259845991532705,0.5953411431955276,0.44909313636118775,0.8111746910291375,0.38153017054064375,0.9842551172899289,0.4,0.39866597808875787,0.2826063110021789,0,42.422739306817704,0.22
0.2721904143010989,0.6328390640004341,0.5936208701226102,0.20216891998708617,0.36478674179219917,0.4976668273419682,0.47452559480254686,0.4336638024692425,0.6,0.4432425808972031,0.5426888375412618,3,54.106901548293344,0.28
0.2147113301400148,0.3072682685459284,0.23086650107782178,0.4922387078986683,0.8456313683196216,0.15527523754801353,0.567664706413983,0.6186015773554236,0.5,0.5803634794015802,0.5265957637875528,0,54.51989736783973,0.25
0.2217949938021287,0.6414552108974687,0.47112913792019584,0.6003749016698627,0.8512213080693708,0.6092001599261084,0.9600203477877807,0.8721677122609289,0.4,0.3727138905969229,0.24739087891180367,0,48.4684883949673,0.22
0.6128864030147128,0.478720166818628,0.7089495819394065,0.7446324256204195,0.3487399483527315,0.8599064452908345,0.9584778140934557,0.2571971809245863,0.9,0.47830217093124155,0.347881199879818,1,109.22459115600455,0.37
0.39756807730800026,0.26922527713707844,0.39978099825632685,0.32284464335784857,0.6102088066644085,0.28180391234213553,0.6495672790822176,0.0936428045470219,0.5,0.452278177472452,0.9421814547860456,3,48.32379179474506,0.25
0.4920531168839626,0.40811318068882085,0.464247177857735,0.6197531668418008,0.7341880218690575,0.41981982859534284,0.5873071786764368,0.02586240252349814,0.1,0.4876570980048024,0.2505985364154336,1,24.744858409961715,0.13
0.35071153599801874,0.49561109855184904,0.3843386871307787,0.6317284752663638,0.6954414552103283,0.4959913541352434,0.625251007687842,0.31566797237617406,0.75,0.37421296855946246,0.8010270436309859,0,78.18715281181579,0.32499999999999996
0.551745147824233,0.2046776017808359,0.5630282376078701,0.2935891044366203,0.1458201734214144,0.435428941996142,0.9439791212863633,0.22779402665380533,0.6,0.26869045199025515,0.66737058001214,1,54.251986282344866,0.28
0.5984605846116716,0.512036266765002,0.4208154727477461,0.5817365360639922,0.6758390120352517,0.04984354403454139,0.7180997852669284,0.23843718680149306,0.25,0.5658107119685201,0.5326291325257645,3,43.46202731535392,0.175
0.6711263072278291,0.6283090426241402,0.4999586021145492,0.5974818761427414,0.45151706022933247,0.36775310059477406,0.11284034331735548,0.3455819525117757,0.75,0.6213341752536837,0.13751486946516345,4,192.5,1.1
0.42765300491601455,0.6339643668597208,0.65597854039255,0.2755116102820193,0.3501249582931856,0.5221056390297516,0.9723515329399873,0.47001752251063034,0.4,0.2761750879048856,0.2045707527063778,3,44.65595022180833,0.22
0.3309172477766705,0.3484938055420371,0.2913449454401504,0.4158942537935814,0.9144261556326339,0.4615576585625554,0.10754330087493946,0.23015289527594018,0.25,0.5467994621940638,0.17897762359040392,4,117.5,0.7
0.3061682662972868,0.5275466210096353,0.25588849359368876,0.34845553416471603,0.40751767605760025,0.32536877297018474,0.8658292875324917,0.6786456021965513,0.25,0.636242425072204,0.5867942589737524,0,34.128660627933044,0.175
0.5660363552704962,0.41919981772334214,0.43180450801937426,0.6388588891271141,0.5783084519186734,0.49122955123669054,0.39727061828906685,0.6121924398320113,0.75,0.5752236956456123,0.9733831967184781,1,81.93453870778575,0.32499999999999996
0.7414813543100427,0.5107872807898172,0.24348694430498427,0.2565966358229998,0.124607165444381,0.16253318821690566,0.30311635339669996,0.1711846164610744,0.25,0.4484229836312554,0.8772392627749948,3,29.382328613133645,0.175
0.7326753971161788,0.5735792020116595,0.6138580150836007,0.5716700667270478,0.6770987190248167,0.024768321406245297,0.1601774916667501,0.9026081094988033,0.5,0.38245105519937966,0.025251882929577252,1,368.9990592142064,1.75
0.2987896809323343,0.4465991884536191,0.6389442406906511,0.6764996296181404,0.9975431482220869,0.48759047782809306,0.4953700730217583,0.7733987622374382,0.75,0.5107410988255093,0.2737266244623465,0,78.4421092127388,0.32499999999999996
0.3305345331105046,0.5277789849586014,0.28640604650614937,0.7270522802169634,0.036189577620575064,0.4270214819009781,0.09982788181495983,0.40092638265648595,0.75,0.531629540402147,0.15725745893702214,4,192.5,1.1
0.3387123589458682,0.5996493207321432,0.3271121193247699,0.5388296685831979,0.9838218411288748,0.7536332808033611,0.985045875685218,0.7460486256706017,0.5,0.5125981177633664,0.9756778418979017,2,61.928980263103455,0.25
0.5625953688624611,0.380635456900114,0.6503586259843281,0.6869539940360978,0.6081100718065884,0.7542208329272434,0.6590916729709847,0.4640660299019084,0.9,0.47804320097326586,0.23561023459781505,1,93.96842409390021,0.37
0.6702884616396974,0.38193902070559455,0.6093871424569597,0.5077199151780734,0.29254633400521,0.5201780593343549,0.2584934739014305,0.4866763464421453,0.4,0.36502529460685,0.20131318503879392,1,50.16193748347107,0.22
0.5259455784706064,0.46258379689215406,0.5301436313828795,0.27460978691966254,0.14613540592108598,0.5653950989700408,0.24528369081210477,0.29360810394156966,0.9,0.5535318370798172,0.6208752935822592,3,76.43969798206628,0.37
0.4248659782146005,0.2977194690933703,0.3540580420342842,0.2702979947571736,0.4990281417823884,0.16252625302158075,0.9623798836359191,0.44694431539287616,0.25,0.5595634607118438,0.5561865835747865,1,30.237048762445976,0.175
0.31687258287211106,0.6300610906832438,0.5024100541977187,0.21300371518172925,0.35227922962675107,0.02919660509258093,0.8432543631122329,0.6258339153063843,0.1,0.525748596491747,0.22585148378123487,3,25.740778873881865,0.13
0.6336884660911637,0.70020761776122,0.6842361016804508,0.652659285580327,0.41640515484129725,0.24553279933847572,0.7451374186753852,0.9454745757416672,0.75,0.5144998048032177,0.6703648645372422,0,118.61795625267956,0.32499999999999996
0.7457190435405154,0.5225210755458631,0.7294231956831978,0.7218643278757852,0.3808097056520202,0.13487606837923127,0.10919474727273737,0.0063619723338859124,0.75,0.7108849959129508,0.09700721129468914,1,390.5606388699561,1.825
0.37228130177689167,0.674888565830729,0.6358599660573274,0.6266893275705971,0.7439554407717219,0.9813953859016705,0.9928177527535682,0.7841972543429255,0.9,0.4224126266765448,0.019369066030892168,4,215.0,1.2200000000000002
0.6929544242105572,0.41130450545616926,0.42003023123806005,0.5520287700620001,0.16218377829604358,0.9777094559131215,0.3278134430019509,0.33361960949254366,0.9,0.6610685992911188,0.08241479070634683,4,215.0,1.2200000000000002
0.40067752428667497,0.7362589803311497,0.5009858493451502,0.615099356658507,0.20241960923059488,0.35767793337702236,0.8284028831753549,0.8619565483354555,0.5,0.6734496962353592,0.4258588544142481,0,54.75006429240571,0.25
0.3768226637273577,0.5956364860158311,0.7313996589672966,0.39676848965512934,0.17528537952432577,0.3534480396843307,0.23749138390225388,0.1226428476378979,0.25,0.4918243408322726,0.6108343195893006,0,32.68777652129984,0.175
0.7494826891042639,0.5511254730674164,0.6117252768555981,0.3386919813664825,0.646449387528928,0.3458710232355353,0.2253840447763341,0.8659977735019763,0.4,0.28061320815246266,0.003942332532681725,4,140.0,0.8200000000000001
0.553699923047483,0.48105343830431313,0.7260214550125899,0.6975712762842335,0.7483179309035665,0.7737611486963425,0.03919589118328015,0.9151304492310662,0.1,0.38485922239524545,0.626400033436537,2,28.837542548360354,0.13
0.4181699294087925,0.7207783633460285,0.6866469040125054,0.5247111177030266,0.5747383779742352,0.5038028046845188,0.010585346027781162,0.8976622104341047,0.25,0.34062061464314114,0.28284985703093446,0,40.105011670546816,0.175
0.24516484983424716,0.2884346323627458,0.24228083457059013,0.25939621305698357,0.5438904704860006,0.8251534623405353,0.6555109607382937,0.7966936135108804,0.75,0.48410298792135376,0.4943707432099935,0,67.83807850609303,0.32499999999999996
0.7373238059161928,0.3166920145688838,0.5799700202873647,0.5500905417255233,0.6929317485578024,0.9209639023358267,0.2254841863395497,0.20210010473290718,0.1,0.526564669768332,0.29772060382128973,3,24.144848730167233,0.13
0.5471296756691522,0.3136871997778164,0.5186406269115353,0.5440460922717234,0.712541561945122,0.501394800583469,0.59916117033487,0.708542469191227,0.5,0.4375851303891458,0.9962607446422428,1,53.947461032804355,0.25
0.5137229241548111,0.3023893570016233,0.59768332839109,0.24028373905408107,0.5474281970000026,0.7876934476661962,0.31886735593585247,0.8589904435996921,0.5,0.5979064356561652,0.23084231471162353,1,57.65201093378058,0.25
0.5251600065007921,0.4399426328207223,0.3376576262231905,0.6440639439643764,0.10767635292560074,0.6340039769611868,0.8901325075267976,0.25269412790170465,0.1,0.5104686289120146,0.9128596014892566,0,22.145008128633506,0.13
0.2967409116697012,0.713139967943873,0.6865107655766529,0.39832315093914566,0.32683467492391294,0.3054417784927389,0.5642637117750338,0.4128718155651485,0.75,0.6336289083058494,0.9179666318299169,0,68.22568454827268,0.32499999999999996
0.3678341119722264,0.2756176758803962,0.7039802987636758,0.5451425223527997,0.10795928499490237,0.89128722175646,0.20467662915867413,0.5340800109885296,0.9,0.455870891723826,0.4210006529343677,0,82.80323650905801,0.37
0.21748097017887175,0.4810496780088858,0.2471894213061628,0.515562876724063,0.5948048959372615,0.0407518436475417,0.09571232765433724,0.9716897104295517,0.6,0.8819521837443388,0.30400311552335624,2,51.28634701902121,0.28
0.4799289450764469,0.2455653250264971,0.6487233262142251,0.34427444744145275,0.6645123401493824,0.03356517704642692,0.7941992206529987,0.5085428092774855,0.6,0.42991237306647445,0.38103554689879116,1,50.26835193199296,0.28
0.4978164002916845,0.551471382146794,0.7292674934663417,0.4715964310839153,0.07519957207847561,0.6807520980477912,0.4993518058684685,0.20491980111092323,0.25,0.38748089893027077,0.989339087391798,0,36.01928833325667,0.175
0.7045236747583579,0.39517153774123437,0.6715904609074972,0.3297044248232792,0.8777022720888196,0.29137985830025415,0.2845566354533078,0.27277358179227873,0.75,0.3720818830660869,0.6187962273376061,3,70.03707224666857,0.32499999999999996
0.5891138693394797,0.2487365965652481,0.7423276961760126,0.7246650199243025,0.7674557770890512,0.7061186703805321,0.9031456854703575,0.22933921958427972,0.75,0.47418550060866516,0.5447802378206386,3,149.63782092363266,0.32499999999999996
0.44321750118455777,0.4881643698946395,0.5287761742749122,0.35127065782931854,0.7863645955428084,0.573045576528096,0.30867960965266783,0.03545413240775064,0.5,0.2852713063390296,0.035917881339427304,0,366.69630553125296,1.75
0.5709592893628395,0.5842090706324838,0.48879207077890163,0.28125738086686974,0.8189475498511101,0.24107137151335634,0.6317430362149195,0.5488679360598125,0.6,0.537487299061921,0.8478430303970257,3,59.9725781005544,0.28
0.7055522691403802,0.2632747952900884,0.5460446927907814,0.2566987281353653,0.004449538646783879,0.9943436299397624,0.8143293558001288,0.48647127063668205,0.9,0.2620085069343771,0.083805455807199,4,215.0,1.2200000000000002
0.28035539002310744,0.21129607271585596,0.3998502461212178,0.5517704104321208,0.6803413702423831,0.4765942365907726,0.7445862712787308,0.13432854581889409,0.6,0.5208458784780378,0.046972367034381346,4,170.0,0.98
0.48684932085307964,0.5709965331866672,0.5712603734790241,0.27709555919683126,0.4463509952340303,0.33553717707286,0.45965524349403486,0.4504726528603642,0.25,0.33138979661015644,0.274858086117992,0,41.05458180748339,0.175
0.23153557188194357,0.5439469772390685,0.5592733677363835,0.5061870543279374,0.14309394977919432,0.9764885707090291,0.01549214278812805,0.010072944817398843,0.4,0.45285304778453506,0.4757886050575182,0,38.17233740705746,0.22
0.3351693564782389,0.6459208693402396,0.2416273085229414,0.5477714841267477,0.3734413185336578,0.6203763493468175,0.17965322681492824,0.533194003904161,0.25,0.576304308239698,0.8952889600044005,2,29.17745942164189,0.175
0.2662263447336547,0.5599462440382763,0.4297491833029231,0.5949566804907194,0.7227719679634789,0.09406060904015112,0.9844224080159334,0.3367006477392943,0.4,0.7891242384914233,0.7900787990828386,1,56.85990196669543,0.22
0.2287057113623141,0.5052956436642024,0.2796828443840438,0.5753098973857607,0.642415413787249,0.1107198581865757,0.7094863887213264,0.840456347062486,0.9,0.3656077425928702,0.197632144505843,0,377.9797204079049,1.87
0.26597559722142533,0.2404708276235592,0.592217539000987,0.23494256401255528,0.10528514233062236,0.12586315437006623,0.2810474143872277,0.011935815375329284,0.25,0.4817770641408994,0.37207952842727654,3,26.517679810930453,0.175
0.32349194986233387,0.6536043584191198,0.6453285692945245,0.6697691667794269,0.9860512943372298,0.5983840749526497,0.6075894499635455,0.958962169651636,0.9,0.40996775754312287,0.7802402646188827,2,145.991836716487,0.37
0.3793549392737926,0.49042641581261515,0.6253410439333836,0.2753420332560943,0.8320292543194271,0.8142429309683494,0.33950236990162563,0.33486339346464544,0.25,0.3916708935411857,0.5270924474690973,0,42.62077471849447,0.175
0.598414983568645,0.25361749216706003,0.7022878347447772,0.5505206003813943,0.29173795981264683,0.3466957617763199,0.36950876135985056,0.14000368898059334,0.5,0.4110679043251352,0.17449194202407925,1,348.6953264296078,1.75
0.47131792197936573,0.46660109006694034,0.29974912631470074,0.39025455485005955,0.35594786270209355,0.4467470352447276,0.30934733874665854,0.1653469681575478,0.5,0.603794510612794,0.3960552026783334,2,50.34170070330981,0.25
0.5999180159244321,0.49751899146991374,0.49111841225514463,0.30738524200006867,0.37341039817849764,0.48090777321643585,0.7207283866671284,0.7112377614746703,0.1,0.43948369507985946,0.6259358045097069,1,27.16424142808152,0.13
0.5796992715745263,0.4156186455837427,0.3005143361411938,0.7190816133779812,0.2026950310833242,0.036655395168237126,0.30379952180706926,0.1571363048589508,0.25,0.7822712898435276,0.9732256748088347,1,31.939972665509604,0.175
0.47873931077608284,0.490420156131801,0.7397545506181433,0.40152337544377137,0.39578847921569404,0.9793461191526043,0.18107137090522096,0.31887394342296893,0.4,0.5526916966090404,0.661812054856409,3,48.201289877834945,0.22
0.7186613765093472,0.5822089486245141,0.5482025980096399,0.32893006606836434,0.7251143163195723,0.5091827828619216,0.043928143573384926,0.16169001816132167,0.1,0.37412178807519847,0.016195162231396942,4,95.0,0.5800000000000001
0.22846561981328456,0.4407811110568264,0.20559402909764882,0.23905138092371092,0.9352495547731959,0.10316499273902846,0.6350927872097057,0.7923256488409115,0.75,0.45467986157522616,0.7050082766325282,2,66.73147506979886,0.32499999999999996
0.5274297156319052,0.5984595081901651,0.2923715825583523,0.6028752269705757,0.2654390627249239,0.7250780031386901,0.16989517903018025,0.28475027483379034,0.5,0.4001891306766741,0.2508648074572305,2,47.877704158527,0.25
0.7223492046271136,0.6087468443994082,0.6315933707662682,0.5853919191476045,0.31182203088420746,0.9964349905642236,0.2145722952179573,0.129207464633585,0.75,0.6007893778614954,0.8621589142138149,3,102.38497427595834,0.32499999999999996
0.3236055922501132,0.39848946818570985,0.7220968295233996,0.5636658184335653,0.9256914374814104,0.16193069382035274,0.8792799196294053,0.65045662764669,0.9,0.2953840490126996,0.38388990822613855,1,87.24061809228373,0.37
0.6339636036637397,0.7327820403645726,0.3272903062819662,0.37692766702960445,0.5768614980705188,0.7513387115465768,0.7259989571480501,0.11052618941831371,0.4,0.3326796619694497,0.19961503775430023,4,140.0,0.8200000000000001
0.5546409090589748,0.21339661058120404,0.5141704925335382,0.6447786087329743,0.9994661104066891,0.9418897264487286,0.8965919628619162,0.6222891339424068,0.75,0.42652410464913165,0.4679471865102345,1,71.8016721300541,0.32499999999999996
0.5357438556032689,0.362466306142861,0.598257245834834,0.28031739357397006,0.5227913313323141,0.5362785838816683,0.01493694422823244,0.49946950194544293,0.1,0.5861227665881928,0.25519797431500546,2,22.66982934707342,0.13
0.6921254081031842,0.25550326707225046,0.6749201235693392,0.4737951852549279,0.6237695676599199,0.6587062087749485,0.332139465051313,0.4712823502935495,0.5,0.6550108512315606,0.23582148849785056,1,53.46032410194958,0.25
0.435755851918291,0.47536396831648725,0.3101134667011067,0.4517270687573475,0.6363106066625744,0.4283055102751817,0.9621351989835252,0.7054421098520003,0.6,0.6734793073730558,0.573261800773493,2,67.91743979087448,0.28
0.6673458987442622,0.6405253832203395,0.2896766939702311,0.570381537970984,0.001273746250890495,0.023279481482253006,0.6903002034683744,0.4126450975455027,0.5,0.5669451152606968,0.7673462708508795,2,55.54974413137755,0.25
0.671260495730984,0.6508721737403451,0.43409784381344985,0.2264510621903637,0.8394709492122663,0.17301540948626204,0.013826914052291861,0.3880823501137123,0.75,0.49022073974135316,0.8349543741598756,3,64.29909898736558,0.32499999999999996
0.7121431826355622,0.4177368137164341,0.3985371504909891,0.6177332194633471,0.736064104307449,0.9717277333775686,0.8836538793510554,0.48407461193713885,0.9,0.600107796917398,0.39766987047039104,2,98.07239673581711,0.37
0.3451847185206124,0.6591113577420107,0.24182835845062362,0.607391160393916,0.8128172831963666,0.07033045786761405,0.5722723475848833,0.9242984130144701,0.4,0.3572802530123054,0.06680376359693929,4,140.0,0.8200000000000001
0.7311842197428424,0.7476728382807956,0.7080923980352916,0.6789193229734702,0.39638514749073994,0.9601006296631156,0.2206850967291053,0.10563380953339352,0.25,0.2696029845102805,0.48397499846555336,3,50.515532565521646,0.175
0.35338412345175163,0.7316565994463702,0.7103431265978941,0.49390487886385265,0.5247623360817011,0.9072468719812243,0.3112792187447442,0.8001603193989524,0.6,0.555278639608188,0.4337814770283859,0,64.26683157888151,0.28
0.4211427099165238,0.26009698945700355,0.5248487428038187,0.5853002716872088,0.16919726588028094,0.7455703960009396,0.557026941387431,0.17501697539437222,0.9,0.3746642943089879,0.1969789482530394,1,382.00233807603433,1.87
0.422198120749841,0.42331625834679254,0.5153212648928671,0.215281252748939,0.7180872494376086,0.7137561134564273,0.5154352291434403,0.22546763764267463,0.9,0.4924225503564549,0.8961449011441202,3,70.72740124953705,0.37
0.7268262430127119,0.35944813890319016,0.2774899739728841,0.20301861787402473,0.13229389224499655,0.9572550484597893,0.6558125382591552,0.809241483573384,0.75,0.5155809206062955,0.9741482530206889,3,69.19116430918487,0.32499999999999996
0.6712903477621424,0.6747640566898181,0.25241863248474056,0.2837327165888406,0.6969705290502416,0.8294736651922889,0.16249081974892343,0.4969502245470444,0.25,0.5316714282814865,0.051747188033081426,2,329.1579502391173,1.675
0.4463462271917724,0.3021372951864736,0.6047016252602163,0.2319218601381473,0.6671247705022934,0.10338989989521796,0.1499569493284083,0.6339825942509465,0.25,0.6180357572267108,0.7957463798574325,1,29.46268117522977,0.175
0.5023401328122263,0.4105353608126473,0.4557205660307384,0.433616414732581,0.86870580425382,0.6604161789415977,0.036204813456075624,0.970432917090323,0.6,0.6047974034587544,0.6457165579415387,2,65.66181843338488,0.28
0.2842375503940595,0.32115481691970926,0.23564423440073465,0.2634070664144892,0.13950690090624507,0.23256223355248973,0.9749672819047243,0.7710329966533749,0.4,0.5250195279306087,0.261436258165908,0,40.034834921529225,0.22
0.7378421523304033,0.3538827464224886,0.3688640466367603,0.2699084817376666,0.9365766803785066,0.8066196928080297,0.6517344750032,0.284552998863006,0.6,0.4452491375508283,0.6351561182828129,3,55.359033951399354,0.28
0.6153403124732133,0.7082785456030052,0.6343627953866581,0.5369387061887945,0.3268814416995254,0.9472710730443697,0.8606256161556446,0.35949044844232647,0.9,0.5140951324258336,0.1286431916834745,4,215.0,1.2200000000000002
0.6472781035858169,0.4223266281130722,0.6727235452943782,0.6391853673010002,0.3732674176207038,0.29769439027588473,0.32613014262500395,0.8606674662887857,0.5,0.4259400168908583,0.06940650829749728,4,155.0,0.9
0.20094855434097547,0.4682867742046344,0.3455391168435744,0.24742810400223253,0.010506856589846847,0.4360526211095247,0.9428396785279078,0.5426363551828088,0.4,0.4760027446016297,0.9934890750522605,3,44.71507931507473,0.22
0.6654078235112761,0.20437232636561728,0.6015899261304483,0.7435056665484525,0.4504457901439035,0.3123698046995881,0.07391262986190383,0.22448647802751287,0.9,0.828461957247157,0.6363698584586601,4,215.0,1.2200000000000002
0.4651108716884297,0.40418229146778906,0.5332081249610925,0.6425838052062197,0.09045840993687126,0.12669942971542825,0.1635165441262698,0.30202943208427846,0.5,0.5234153469274584,0.2532226245332335,1,53.8596337169257,0.25
0.3321385965764034,0.33788578603444497,0.5339479077477658,0.7169339014698679,0.011016679995535461,0.9501438855932477,0.12381909267697455,0.38314887235958706,0.6,0.5569826342656631,0.45003395590376594,1,69.56156165755999,0.28
0.3641419866673199,0.40721506477595726,0.7463333158031593,0.29692219086358373,0.8795275597147806,0.10656797019076225,0.4836042517541208,0.8447835975413958,0.1,0.41225662743373553,0.9500881822978404,1,20.033281812989134,0.13
0.24233249260641726,0.5243653813843334,0.21334684363189815,0.2992382772011525,0.5569626240341401,0.21034359542276004,0.7355095314125814,0.6813410628675078,0.5,0.6283395239192958,0.4387250683868097,2,52.81284978485292,0.25
0.5422150493797575,0.5627318203802332,0.4807338873061909,0.41106142542616086,0.3621859065469243,0.046295161581375144,0.007864689896093902,0.8253928831271716,0.4,0.5958058859611557,0.9004445320023442,2,48.633867132549895,0.22
0.5169086714320166,0.5538621641682814,0.6419151254604079,0.6360129555154161,0.32155736155906856,0.1377698986059046,0.5185512261629821,0.9208332957250901,0.1,0.5966924970844356,0.8688091979784617,1,23.273847207022463,0.13
0.5656404210332213,0.6918279207756561,0.6609138894774804,0.2732853045198671,0.008480864522397713,0.05614354067641447,0.41704493258507236,0.6759659067550634,0.25,0.5275104053742325,0.3441563160908433,3,37.340186588782196,0.175
0.7261736927279159,0.6904582662748563,0.37650994872937793,0.2111014302338717,0.4761004587670502,0.8975484384654047,0.04408455553747814,0.34014086964374357,0.6,0.6301072882686918,0.6960090040771025,3,53.12981540047815,0.28
0.5321867707170582,0.4411296672765135,0.6122616644223726,0.48852987047974245,0.35134788938872075,0.3401272259863417,0.48768591212339063,0.7905770451946105,0.25,0.6598476657647699,0.6604985037825924,1,37.468456170359914,0.175
0.24206973938802073,0.33457808114012677,0.6853880658695913,0.22072933264327757,0.31788261640281734,0.7444832066322026,0.1464654712790714,0.5607248556339502,0.1,0.5360517265371341,0.7712118706198419,0,21.365152260127257,0.13
0.6051683181690579,0.36056892937328777,0.44895189167337346,0.4920529875513847,0.3750880256655451,0.5392108022955706,0.10774975037224943,0.9534628467609085,0.1,0.48624824213119083,0.36592916426748545,2,20.68986419283345,0.13
0.3375447465189606,0.5585782436487146,0.581393219953832,0.2467827138189263,0.9062141168017779,0.8263963042906289,0.8927828233880518,0.1466878701814861,0.1,0.6126234543176744,0.05223649849813272,3,318.8385087736904,1.63
0.4056598917182813,0.6094075156634604,0.5969006579126226,0.4995318391478816,0.5037217730196659,0.31790915875652337,0.8873859413041586,0.18943768249946646,0.5,0.38738130545483096,0.171039241112511,4,155.0,0.9
0.6277211289274078,0.2592046911719138,0.26501619731449155,0.5616191151629897,0.21994535514197233,0.6867144563550108,0.08889965908766817,0.7323671769166398,0.5,0.4106938627577805,0.6165536876737592,2,45.34784990836335,0.25
0.5813336273423209,0.6479897704265887,0.2995702827752914,0.48422441268710786,0.26812728831412236,0.6609353652671474,0.8730377863606604,0.6096113732349906,0.6,0.49392605315825716,0.7751001868973535,2,65.92641657555357,0.28
0.5634572134245703,0.32303476560595834,0.48431032607669494,0.5511447634148279,0.212683733286109,0.049165525539216604,0.04461397169506587,0.08881188201400791,0.6,0.28253876950789597,0.756048634535596,1,55.05290482178396,0.28
0.3179472313127242,0.4065598756375778,0.3189863455746394,0.6966185974357293,0.5798179124697159,0.3482178540406512,0.24310697739589815,0.21930655779719122,0.5,0.6042364051279124,0.5836815851150307,2,50.356588135638404,0.25
0.3302393850614955,0.26645904429218836,0.21933542133992903,0.22472440982624262,0.948581531903099,0.1188165758920744,0.3048144107726547,0.47147726201919316,0.9,0.3800194921701958,0.08475814571489249,4,215.0,1.2200000000000002
0.30537242923174934,0.5345146812188237,0.20970743098111747,0.35770915861643093,0.000449526074255413,0.9209531874757245,0.09909859076010386,0.6824706006861725,0.25,0.44155803124137166,0.017288627185812477,2,327.30340602233673,1.675
0.23199179022781463,0.4220123236645422,0.22671720580642168,0.5341479771414555,0.6288654771624883,0.8090638551047372,0.6513877305621525,0.7693874172159795,0.6,0.4738926151956564,0.7821417573220727,0,58.49506459129426,0.28
0.5786333460354585,0.60223565230407,0.3233888692554403,0.6776750890789589,0.42124860878852755,0.48870449455162324,0.7016621021644194,0.5684267210550511,0.1,0.505520301680156,0.5493764341898627,2,27.91470059301644,0.13
0.5796584920320096,0.23115762061490122,0.44242168978578494,0.6222660713548647,0.5115385502667199,0.20555840605454934,0.2581082608063754,0.3584972410593935,0.75,0.4575665416611387,0.7827121027315078,1,61.8580027314459,0.32499999999999996
0.37099165969612635,0.4098573256489957,0.5462821050130986,0.2305144840637438,0.009284385423503183,0.41736344958023697,0.0027684757639128144,0.5650154359213367,0.4,0.49216404603752095,0.16278846147938886,4,140.0,0.8200000000000001
0.7318142722793546,0.29596455583535036,0.2146695998054432,0.20292764012223116,0.7040287689723489,0.5621486316151264,0.6935199732048759,1.3168556207476811e-05,0.4,0.4931337169048642,0.40742317077114354,3,35.092022319591685,0.22
0.4197549062496677,0.6863393510114577,0.650869143569861,0.7016251890373324,0.05944197328430956,0.6984624408755553,0.8029001479567706,0.7177015708893945,0.1,0.44462104824909565,0.9191692870779731,0,19.508677901531545,0.13
0.49358027563089446,0.4468104286313404,0.412223536858737,0.22552994168521823,0.6630122425535516,0.70738266381156,0.7395899257961658,0.7243774983675693,0.5,0.40377715049989044,0.17159799124716568,4,155.0,0.9
0.7002366909678346,0.47289685075660015,0.4502870870783306,0.48334211785776454,0.7380084776883398,0.07401970741518082,0.06327155149462471,0.36111994322943897,0.4,0.6360284163532391,0.06152690381254433,2,347.3317005127037,1.72
0.6367849849628102,0.32345909729041017,0.5904453734472078,0.5909233574697181,0.5275967145487956,0.7626190539217277,0.3347078187910125,0.2751170766336348,0.9,0.23707592256900456,0.6534673837817484,1,87.95411117972678,0.37
0.6672540302420007,0.20477597915512852,0.29371754877932266,0.4590757686246156,0.7814483081185295,0.24933685145399498,0.8208413768144633,0.17713354972003859,0.25,0.4748398734813952,0.5945363406217563,1,29.458893843436005,0.175
0.6677972131038132,0.7308142738953913,0.5271777380736707,0.3166736864826611,0.3594735228724768,0.4010756094263903,0.29951044730764287,0.003356913887012647,0.4,0.44188255862591064,0.9520305058577333,2,56.79184947291184,0.22
0.3015215827035551,0.5516941746924471,0.31553803088267257,0.5041980831564874,0.23550925782124787,0.3376535588788737,0.31362489452666276,0.7855554964772071,0.9,0.5530438588483318,0.9064684210548758,0,77.95839474704738,0.37
0.6591465610291463,0.4144008066541496,0.4081597043580611,0.2198771852900906,0.04736776253647301,0.3889486996552407,0.03751545557944125,0.9306475661290093,0.75,0.31848645761308514,0.749430390220571,3,72.02906782038721,0.32499999999999996
0.3397465181335052,0.5840053027906009,0.39821518482270807,0.2870644045094571,0.7902094370310964,0.9821615992380135,0.9101605316960185,0.3158127721160844,0.75,0.43801486867910433,0.019157237878252187,4,192.5,1.1
0.2581722535681799,0.2522793579828899,0.5625233882148424,0.5369418133364519,0.6915834123305803,0.3065540874784084,0.888211187929624,0.4107528699673414,0.5,0.4877825798577393,0.48038696840656014,1,48.033258263163106,0.25
0.4851865530811467,0.4751795464875267,0.2842252689783294,0.475332323618048,0.3758875419042321,0.9140687442333334,0.8367402876198543,0.9664135533643016,0.9,0.6346008094668114,0.8961019365370388,2,85.42004624490865,0.37
0.23296577713020897,0.7092221522314783,0.23191515470143378,0.4329416071916552,0.06648808557444685,0.2433388780388599,0.30085774786704567,0.4243520609547621,0.25,0.5421985378839916,0.4336510881144773,2,30.787109977028244,0.175
0.20031408102174475,0.6323827413307845,0.29139360369459655,0.7087038098019229,0.473130045948536,0.291472428066738,0.7904504231450284,0.22324414448505647,0.75,0.35239802284314864,0.9621457196129947,0,63.99036110204748,0.32499999999999996
0.2241877613233105,0.6514330340104348,0.5611507970485736,0.3373546453872398,0.696517313299113,0.8517683155920974,0.6036982391595863,0.35415892589282083,0.6,0.4395562187067523,0.6524879806439825,0,59.11690991961121,0.28
0.2602014201485368,0.48009964135267597,0.5825894246048312,0.23595293473179138,0.8959781507240482,0.3599659271576924,0.25785513993820264,0.788793822670777,0.4,0.32346547249769964,0.12393174655301664,4,140.0,0.8200000000000001
0.3895572426389221,0.5943945846796925,0.2863892492688688,0.39158694404878747,0.7249800182441882,0.5053398311374923,0.3890302595388575,0.12379790374517496,0.75,0.43748769964336326,0.6989653536423868,3,73.4927267523447,0.32499999999999996
0.5794506773569787,0.6265474960252626,0.48518148660398136,0.7262716402350053,0.7851385890922365,0.6174644435816974,0.3768816797380167,0.9187879760667995,0.9,0.5310660777874923,0.280026410870473,2,103.06266916333534,0.37
0.708931972339448,0.46039037964928187,0.28815092556122734,0.6251123601361772,0.6596727064118622,0.9292388668437462,0.4744124603396439,0.4546178240639299,0.9,0.38793798122801804,0.5192533297862011,2,80.33183417622212,0.37
0.33372676646622923,0.6635517204995078,0.522929387635304,0.4167511535187607,0.9372392903140796,0.9597914282435333,0.9607673188788862,0.8188973939074429,0.9,0.5549363458936503,0.9547226038008574,3,99.43749262506779,0.37
0.5060108472203994,0.49304482265186,0.7086030652449549,0.3178996773688596,0.4624061448243386,0.2102992942690588,0.38344088127782827,0.9382974915177886,0.6,0.4621028236299677,0.8706153943184273,3,68.05626241689774,0.28
0.7104871489034221,0.21723757280292055,0.6230618048431922,0.7058174718913608,0.3635542950802999,0.7567174268235375,0.9230043510911079,0.9703921628814296,0.9,0.4100101341483244,0.23319350729579214,1,78.83946862241761,0.37
0.4167287050425913,0.240186952847397,0.6425671423215407,0.6635756706304543,0.9476741468753561,0.5550575977222759,0.49188007465087036,0.9876405087679863,0.9,0.5072632628622193,0.7366506157002934,1,77.55095909763972,0.37
0.3849415633936495,0.4852263071272484,0.6452079874055823,0.30562363748756577,0.21817920458030682,0.1875302616847626,0.9631822977458351,0.6891948218241696,0.6,0.5497239932235692,0.10409074995921108,4,170.0,0.98
0.5459366660151985,0.43684686273370055,0.29592866373984494,0.6572921139880279,0.5363040097981578,0.1320497928413057,0.5132402490163293,0.944221153521555,0.4,0.39434337620103316,0.026742485744032596,4,140.0,0.8200000000000001
0.37857445770995973,0.7139343636102589,0.512913628400891,0.4829804897616061,0.6028913233486717,0.4046286224395348,0.5511030014651284,0.8861450870177845,0.9,0.4702194106959587,0.028174274781860187,3,410.32951069763976,1.87
0.4328182693206475,0.420368989420968,0.6498814511604072,0.5726254672173694,0.9128486611353276,0.4000881656528953,0.608061002434322,0.27920261268283075,0.4,0.5591657307318512,0.17024648421801236,1,350.5060326106728,1.72
0.6255295721178824,0.43159628778616477,0.3437904735865045,0.2477758701905001,0.4510852961584765,0.2198826367831429,0.5314722618655752,0.578240134964662,0.25,0.4051676857528253,0.6949484020937929,3,35.29098972135971,0.175
0.6271607944912246,0.4284020367847373,0.4800729756531757,0.458138779358375,0.33783673613077314,0.27211830063864817,0.15102560663145193,0.13954366620615977,0.1,0.2930076268898598,0.36330589345801867,3,21.320609938252403,0.13
0.4371258210030821,0.5761447673873175,0.5348037636672347,0.7346295892543682,0.7114611157141176,0.22163800357270336,0.1179770211065605,0.9988716897642888,0.5,0.3081827946989107,0.015942438966691785,4,155.0,0.9
0.2763971492070774,0.5154356222779943,0.2347820898712727,0.6443551302895101,0.259916501889057,0.8960483154281321,0.6091859537519174,0.715070166806815,0.1,0.44825008699346663,0.9880226313768419,0,20.80861527487805,0.13
0.5389712332881013,0.4356083487958959,0.6412296100541703,0.45025143467036804,0.5609189114996354,0.1808111950599689,0.8470515714526026,0.8279727664867842,0.1,0.3355013750092365,0.5333784032319931,1,21.571264245507958,0.13
0.325282352422396,0.4598754186106853,0.23895748815053658,0.6938236103016632,0.34968546535026745,0.7638506964114639,0.5430402583444278,0.9090491405600647,0.25,0.45705704796141317,0.39388021511131754,0,33.77155003456971,0.175
0.6020271061039537,0.6181736824182653,0.6809713172101433,0.6353649238482961,0.8028243713039679,0.04099576980203079,0.8792759721912583,0.9685664179784899,0.5,0.709093444125828,0.5188498950488314,1,76.08973188941395,0.25
0.4375189246393919,0.2652500208389973,0.405350628989524,0.7137465929088473,0.7421562026251037,0.11991353084706802,0.8073758898371202,0.6474890426235859,0.5,0.32796530700715315,0.5199709098585499,1,45.82388255991681,0.25
0.7219997701772589,0.6223289760380877,0.31243682068926315,0.30694742215528836,0.3388263175219802,0.8840305511926667,0.5655666884531728,0.8529279310194022,0.5,0.4652113444245643,0.4702365770929937,2,54.84379528189075,0.25
0.6838743309843962,0.2780537576561186,0.521275612532869,0.4080384252534873,0.6701137485842428,0.2885161037049282,0.9750186958610365,0.5710055479395585,0.5,0.7676189186580082,0.6129489044649707,1,48.9563586653945,0.25
0.36610605437864707,0.5725601141223393,0.7277629921585658,0.6276985560321643,0.5167552418264589,0.403509628253255,0.13634420307768735,0.6862128800361617,0.9,0.5517087821624238,0.8856266198683065,0,88.74112165324806,0.37
0.4673894262058547,0.44239132951121907,0.6992153035773128,0.5179589041605648,0.430799198005814,0.9346125103556421,0.9650971686188983,0.767640855349951,0.25,0.4545523691059085,0.30171369207708654,0,39.931292965205955,0.175
0.4731514626864074,0.5755597282422827,0.33043459942123954,0.23505451816618383,0.2424947637025352,0.7159796808039663,0.020421750965055496,0.8264005028083927,0.5,0.4809549373590024,0.4869686228459622,3,55.0780752106179,0.25
0.6703112922669392,0.5339939353847013,0.2906824056737879,0.363926359575411,0.4936185670905291,0.9367396498851864,0.3777600413259651,0.2631736044838443,0.6,0.5543676174174166,0.003643996196768695,4,170.0,0.98
0.744463431924242,0.5489329978550104,0.5498616775319174,0.23969001476479712,0.9950563387560393,0.5306778715120752,0.8631825424104381,0.9110571640210087,0.25,0.712954022544037,0.8598142813182026,3,40.10652014098886,0.175
0.7329454538341627,0.6910305892572964,0.5012803432447712,0.3701639040479805,0.5184687127814234,0.45571392551918766,0.5528859547723501,0.8477395028814141,0.25,0.43412433804263967,0.30590388891311626,3,42.56252573486897,0.175
0.5839303756123504,0.6583559169595281,0.6323667754027895,0.7373760546263335,0.9646602316007996,0.3283221093697162,0.7386303821198467,0.28537447728995946,0.1,0.4057286822929689,0.2712968983283689,1,29.559945339873853,0.13
0.5502704692668184,0.37667398735737595,0.4738601871876935,0.6489744423728392,0.6109530413315054,0.8047895882182705,0.8864863246612933,0.44871618427924675,0.4,0.3279389664956894,0.9975371692110346,1,54.157782151451514,0.22
0.34593842296845756,0.32727454021919533,0.5986590191795589,0.44443508458347597,0.36975568256589153,0.25345161201088784,0.13341717041818757,0.3649175686436741,0.25,0.513510824491468,0.5843929387451879,1,32.38290533591428,0.175
0.6491137173543475,0.2790259723874439,0.3846330547321737,0.34745494862455567,0.8719778047478473,0.4188095162106382,0.317293165811222,0.7391322445864148,0.25,0.3245730831188981,0.12304324614099027,4,117.5,0.7
0.5838274814364505,0.6176310673296572,0.450801482737606,0.46291615701941463,0.21558447162593875,0.25628680248768243,0.9359086483383025,0.08158969261721671,0.25,0.4425233169517453,0.265524969893571,0,43.26938798262368,0.175
0.27261753553402124,0.5860054515971789,0.7457746984795861,0.6278570124574951,0.41463118024342327,0.5767511923948043,0.2302607156146056,0.2810124842347197,0.6,0.38681051202912414,0.35322658826631137,0,57.46324448623443,0.28
0.3227117777531955,0.5427175067768296,0.36222624586533914,0.21659710410395563,0.22184536474866445,0.3451855720606416,0.8985057550784483,0.4315873465716651,0.75,0.6351079590893761,0.9860600478706539,3,64.3418997811493,0.32499999999999996
0.29890257061070846,0.25642646474511277,0.3077629044625068,0.637582431796952,0.41782901652343174,0.3865808801743893,0.9641157269375743,0.11729943621981564,0.5,0.4369365484889016,0.43062167791485795,1,49.420135717916,0.25
0.36105767371673747,0.6163719730198116,0.721874405163524,0.5158502132872761,0.8718754209393664,0.3271610677279755,0.9565115917053534,0.31522724624365883,0.1,0.5503062903238265,0.23013398829280907,3,25.055791122033007,0.13
0.46697491810553005,0.6125699465746451,0.2533995769411995,0.4355166481166869,0.08287436325632047,0.5200418843525159,0.22786557930991036,0.7529898154733758,0.75,0.299727818407168,0.5697309674128171,0,81.59627756781686,0.32499999999999996
0.4743535272126334,0.6570782207191077,0.6478197131272148,0.6665459479174898,0.6573056183279544,0.6864691579223767,0.19348948861063664,0.7086302648851405,0.25,0.5170685885906418,0.4047596580570104,0,43.63982564839557,0.175
0.5838301103272361,0.49180569395166074,0.6553336267388603,0.6803053283903984,0.3113310269803373,0.9986740280600711,0.7317676630740063,0.5904115074085128,0.1,0.34993458031713753,0.05496038814187043,4,95.0,0.5800000000000001
0.4642665259623476,0.7421140493388245,0.6811499687385483,0.4807583159817744,0.867117779215548,0.5893116997194271,0.5527498667755334,0.23731560280537956,0.5,0.4472986713301048,0.8609196124543255,0,69.67176189859961,0.25
0.2381081774409085,0.32347062797954296,0.6270192186569568,0.2611348413492766,0.678111995325425,0.3746444282494614,0.04308262781213035,0.8160617963699577,0.4,0.7774989409804342,0.015687527283303915,4,140.0,0.8200000000000001
0.4583900364755948,0.5326687056576002,0.6830907556037835,0.665912624591414,0.051873166648741864,0.6723001228405259,0.1567208914849152,0.43256951657086384,0.4,0.6173323469397745,0.8984836357454766,1,62.88069426995813,0.22
0.6203528565828531,0.4242318334361595,0.2782370898882634,0.5683071202568164,0.8590916585467206,0.09441954911414663,0.6671506785526209,0.6126187424860853,0.9,0.48452010599379736,0.7918587036018022,3,123.43005533484288,0.37
0.29970874236865996,0.5087229658747388,0.7393730003548395,0.502670376694001,0.8675297463562928,0.17273487132406673,0.7997875046358048,0.4501211967413282,0.1,0.9011888217356137,0.07582321014241111,1,322.7685800340344,1.63
0.5550562769932461,0.5726665095538956,0.6567135967215277,0.43923937295887683,0.4286439124932455,0.3617843508398749,0.3855741461959179,0.5199596264252251,0.1,0.3859976438781762,0.7236110778130539,3,26.715854930319047,0.13
0.4736304455788738,0.2967846076585245,0.5380739382556261,0.36266690347841407,0.10679982292346579,0.4250658698729579,0.6519812150595229,0.4981923534383146,0.6,0.6465150844821099,0.7709416821393189,1,59.03717027863385,0.28
0.4791936118887848,0.6216064564304438,0.20966344757509264,0.5101535396214052,0.1658294688496228,0.36305170179163204,0.4429616744259298,0.6688748146329682,0.4,0.30867109654497105,0.6023070734286845,0,50.88942875286328,0.22
0.29539475952087935,0.35366083688111954,0.21909230404784888,0.29320451810224624,0.9007663225374978,0.5503755125878185,0.6763681281173641,0.07718962543940444,0.75,0.47005531833657843,0.5776708001561233,3,64.21421070033448,0.32499999999999996
0.7426461663079336,0.7491875186596215,0.5959163559393061,0.5365212701241565,0.9544670293475931,0.3152086903555229,0.35429174968792143,0.22284278064151264,0.1,0.33182332557799,0.04968702624797405,4,95.0,0.5800000000000001
0.6273538242045958,0.693104849701839,0.48561778276097456,0.21940619967973568,0.08467007176554919,0.7900467901418512,0.2404900817061728,0.2826877353453131,0.4,0.5328180350128815,0.05949637182278256,4,140.0,0.8200000000000001
0.590167701319029,0.7415313761398323,0.34192912578457874,0.45490606100360503,0.18179627660627262,0.9748852802988801,0.7810347972792044,0.9298996499807005,0.25,0.5076094882109135,0.7272886498356969,2,40.710436473377754,0.175
0.39870092057820467,0.4147571218264249,0.5967699966314464,0.4081224143658275,0.8617233670535104,0.9062967995452617,0.479034051849193,0.17054143735710048,0.1,0.46207320682896297,0.10556517891890982,4,95.0,0.5800000000000001
0.7175962690022997,0.6343121495699582,0.21520586379823234,0.6502018851185487,0.3268803343575444,0.2924515169817036,0.7171338376013564,0.02567268630734243,0.5,0.6373536875308319,0.24184410070647755,3,81.85488654686453,0.25
0.6250715823412623,0.4840715506096785,0.4732495682105275,0.6595397969068244,0.14204221491797708,0.6828851202548609,0.12344235380044144,0.04829185077040021,0.75,0.42958550398133233,0.49883659382335876,1,92.9277741295939,0.32499999999999996
0.43363190903966925,0.28770428881131416,0.372094358066968,0.34586132184661916,0.10921516461119085,0.6906741530430963,0.13932525940470009,0.14630436113648138,0.25,0.5415306843350314,0.16416367361268158,4,117.5,0.7
0.5745824663082977,0.2983803425224649,0.5546248400380439,0.45628182099506903,0.2303001967590993,0.7509107041965226,0.200352912260776,0.0353753967242072,0.75,0.6033547778057503,0.7898395605500256,1,74.71142189680228,0.32499999999999996
0.66181351117648,0.4667493087696074,0.7113921640131606,0.6952580203370733,0.9058633555759406,0.8763184242909228,0.1848190008964724,0.26534258977345493,0.5,0.3148638906577453,0.8073780237790886,1,70.02704095611975,0.25
0.3019081685072126,0.577391493793536,0.3180436120164264,0.6528173684267518,0.18855757144364094,0.7195345389617299,0.25000888418923206,0.9314497573785021,0.5,0.40688024610263734,0.842143211260892,0,48.64027093424391,0.25
0.549647734995113,0.36176473185490815,0.3370179956109286,0.43626771027498656,0.8276410243835689,0.5884011275696732,0.008938224713713194,0.8836694064166667,0.9,0.5073453523635745,0.04956812077470496,4,215.0,1.2200000000000002
0.6403976343036222,0.6378888849716984,0.2183569240552145,0.36625796850899506,0.7277616465325542,0.7879073965410064,0.07182520457199104,0.7085601702185422,0.4,0.5795117044749577,0.4278731612336244,3,52.18698476210844,0.22
0.43256802990834475,0.5220701073943338,0.2822398548480845,0.3844056612909087,0.8045894736241437,0.9566353561570548,0.5804704727824356,0.5080418519992715,0.25,0.6785754199367207,0.8469176727143358,1,50.5039939852349,0.175
0.6870783613123774,0.4621011323775073,0.6092787743238917,0.466628178572987,0.42539678998191177,0.7012876809646438,0.9208213047146138,0.5997550487160357,0.75,0.4735670041833206,0.3632193903066989,3,89.30375198297558,0.32499999999999996
0.45574041702025503,0.5420590387959272,0.3426504817042897,0.3373911546184375,0.2272836415083398,0.017573950309176745,0.6191131182675276,0.8645978880190527,0.1,0.4609704430075071,0.6958203783230225,1,21.18204727086884,0.13
0.744144620190385,0.6779456051255723,0.6057651930473045,0.2754294964805433,0.06597527757340937,0.3975712089613459,0.9400469260809028,0.5016769958568053,0.9,0.3913295661864572,0.5892459041900096,3,79.63091246099368,0.37
0.21662359115162166,0.29647687730840117,0.715752030479136,0.6489593736369434,0.22065822978859306,0.35365641176884843,0.4081395661948063,0.11728951441679214,0.75,0.5419229328642112,0.3472086167071786,0,61.17958151619467,0.32499999999999996
0.48769180686871705,0.7328293252526075,0.2806201565962656,0.5075327420033203,0.6607922438484112,0.5921643290924764,0.6477228778655774,0.6107915686801879,0.9,0.4633939855158847,0.27640482909042374,2,82.26972261376186,0.37
0.3007721695192904,0.3685357326423683,0.7170742604297742,0.6775531841017759,0.01667206828833967,0.17446284956631963,0.16557200194586053,0.09795148629798944,0.5,0.466284848769272,0.6527430920994067,0,46.00380664879408,0.25
0.25598933209682234,0.3372490930585162,0.5269791082701278,0.23374403303745342,0.7354757731982764,0.12013721447849168,0.6681940734503442,0.17839030965367542,0.6,0.4888433913046523,0.133624137002897,4,170.0,0.98
0.5025465560432906,0.5214702896867058,0.3600319497317528,0.3612176390688179,0.11831017824792633,0.16253004861607934,0.50840345653802,0.6454825098577557,0.9,0.569678348916418,0.8601225190877586,2,87.94206212567389,0.37
0.325993597823539,0.7146220036078237,0.4138791273844926,0.5218979847126397,0.8119248600576368,0.1285622054646306,0.6161867473858301,0.7738395994112472,0.1,0.43000731511238693,0.5764434410807034,1,29.449055075295206,0.13
0.365866015839433,0.5864652024281973,0.25579269908225344,0.23940284870206519,0.3124051715078844,0.07971557936743767,0.15594596306651387,0.09155864756045673,0.4,0.4039069300075036,0.11150350512583918,4,140.0,0.8200000000000001
0.6093560683200374,0.5996673770734424,0.34575073487736424,0.3952756919985786,0.8872119310226779,0.37670166836023455,0.523348605135786,0.7686881518043146,0.5,0.5546633590444208,0.7035276451933636,3,62.87147504570989,0.25
0.7264932757330522,0.25738166224742287,0.30073088660066905,0.4365211007352783,0.3714984221207238,0.6491026546276127,0.07667985321843773,0.48090564756860044,0.6,0.12170351829278146,0.431112549882419,2,54.0521355860935,0.28
0.35515439833053886,0.5569547017477139,0.5798309476206764,0.4895134461395524,0.09651896617030764,0.24828414068022808,0.29334082759546865,0.7175838038869466,0.6,0.4250048653402635,0.2040814153631757,0,57.97054889124487,0.28
0.5361585157715234,0.43838145761118974,0.6182129895488413,0.22315417381544836,0.6741041862892538,0.7470800889310658,0.06175504723733516,0.9939142121730469,0.9,0.3564276092333722,0.9610692929248661,3,82.835264994061,0.37
0.3720902351607345,0.5764365227671917,0.3813048093314604,0.2431944042436222,0.05442002870976892,0.825747791439154,0.7402689334805356,0.5917617904918199,0.5,0.6512788825819823,0.7196477850144256,0,50.6309384565412,0.25
0.38975738565672646,0.5913221244837649,0.2670916758893248,0.59854725031641,0.4388571651449872,0.7571323532701827,0.7398578032688461,0.13717833548980451,0.25,0.44538469610198567,0.5929936233279961,2,38.153206153234756,0.175
0.6265006439966666,0.5494154094324845,0.33432872670697933,0.6429124464572837,0.7926324729608702,0.07855699743496525,0.5005461421285348,0.6450818265671943,0.25,0.43038479877884833,0.8488671810593617,2,36.286229432777034,0.175
0.317943375978156,0.6982015236942428,0.5886551345281452,0.23009595965588286,0.8216888573752277,0.46311021809305375,0.2368580775651452,0.4906596154566065,0.75,0.49451183893374934,0.5438697898821526,2,104.71725207044109,0.32499999999999996
0.6396079152639147,0.4785384471979491,0.44895689297217833,0.4312811559841678,0.2502081104371201,0.5287253814561483,0.46250818310651787,0.7805044837503944,0.5,0.42604495415319255,0.44147061233290386,2,62.30612419622714,0.25
0.5336465365425043,0.5985181754306288,0.6927871386485085,0.35011964712097393,0.24009011344252895,0.1999851841903395,0.47418533956695996,0.050504365190850664,0.6,0.4501788943093022,0.1894468598607083,4,170.0,0.98
0.546926950100733,0.5774884363074715,0.571138426882791,0.4711503562806335,0.22934062843550584,0.3537049141876919,0.48762971256091026,0.26943671122536406,0.5,0.5127612736175553,0.15339042511817869,4,155.0,0.9
0.41506240151203566,0.6193083493869005,0.36500539222244077,0.3144292393190337,0.5606364947084064,0.8784146664451715,0.5437274613576021,0.2868395217364318,0.75,0.44775049213540136,0.4319693163718482,2,77.21153151254863,0.32499999999999996
0.5002060565680682,0.34718597171419735,0.21827823952049646,0.228366658860268,0.061980972002314894,0.13666630474832364,0.5612173685471906,0.6837088381043798,0.25,0.44685174846923753,0.4559745790275158,1,31.19786740849098,0.175
0.5822557895127811,0.7352302152956403,0.45007861099434127,0.2808836190716038,0.04966794355407056,0.18554982971348166,0.31908127067657055,0.31977310888050237,0.25,0.3741033783971125,0.7333125052307272,3,32.179040325926934,0.175
0.6499457657911443,0.3437897433355459,0.7475945538821345,0.5097952912048831,0.958407014177961,0.20377059794242258,0.0625203494791089,0.3530148293123191,0.75,0.3561177718327143,0.4420850100368764,3,91.79387560883107,0.32499999999999996
0.3279479017080554,0.4728026232383892,0.38445969950630676,0.6287095915448213,0.13444197102967947,0.12658196513578912,0.40745066111712835,0.30639113924994865,0.5,0.5081938697583025,0.5931592005654178,0,49.216126544234186,0.25
0.2581987371944307,0.6713514943679015,0.6220352918452741,0.6737500921458182,0.09172677615535951,0.6043034294274493,0.50169976602035,0.07709966895130538,0.75,0.5389947184926992,0.832518524076246,0,61.928525209148155,0.32499999999999996
0.6922465603229158,0.3263778026186947,0.4865531939757415,0.6674572210915075,0.8627444740141443,0.2847130582123327,0.9613807849471794,0.9315386325563256,0.1,0.3217593632258538,0.9933346955105418,1,21.69325412532902,0.13
0.40756338466386133,0.23322416723759787,0.36039889609618414,0.33305617131114595,0.4340966262187528,0.22856694043833492,0.8348527125302225,0.3612858416224468,0.25,0.5957644354996438,0.32252531515128247,1,29.73053067797497,0.175
0.6785344402790074,0.45511549217503156,0.5759493305954724,0.7291655323303721,0.16355069467129824,0.5516077158189412,0.48940244270126576,0.8500178788139564,0.9,0.5962786383804565,0.9019544637283687,1,100.86042412697908,0.37
0.36455331881186204,0.6186597566400678,0.2125202668352968,0.2572638964213405,0.7292813798393321,0.8761394868367537,0.7347029123873744,0.642174960647797,0.75,0.622656267466122,0.8060508718535989,2,68.6408168442016,0.32499999999999996
0.28902579950180296,0.37183008527987965,0.42164296832115816,0.46235873990273996,0.5001771522770128,0.9875532894964475,0.9591648240001723,0.8488529815357496,0.1,0.5381542787798287,0.06800669031955309,4,95.0,0.5800000000000001
0.33493224045586867,0.2364184257855748,0.5726377005121339,0.21301374444384547,0.7753192137855278,0.5775595501185121,0.2597533605262068,0.8754390270879648,0.75,0.5803793500962497,0.33415893085389126,1,67.77405970359732,0.32499999999999996
0.6452088491722987,0.7110351538331607,0.590702902512799,0.5277782845011576,0.010816134878957717,0.2274399667939332,0.4037324450844698,0.586157155234072,0.1,0.7742209541108591,0.21904295983438338,0,24.255039964551766,0.13
0.5613601911307481,0.5587221256396769,0.7124378248365753,0.7303682291566822,0.5608793203603559,0.1758158263852847,0.10479819981353178,0.22232892758527967,0.1,0.4628424902204712,0.664384272422998,1,23.967966377484974,0.13
0.43469140304952203,0.53939354688163,0.6415438795537948,0.20057098644467564,0.3487087888964836,0.01405368792008621,0.6924558205498558,0.24772743573749145,0.9,0.3696536468856021,0.5552991362176882,3,70.0060876955067,0.37
0.48985875425524367,0.5590819868997338,0.5944629973556699,0.4028341751679546,0.3514044365483624,0.3349016905838995,0.5118298008785218,0.859799722094611,0.1,0.3084976062152105,0.49485105258955364,2,30.006778165198924,0.13
0.36260443133637577,0.3001784116123497,0.5067985519789765,0.7056168877386668,0.14938995350554118,0.34072711323127003,0.6920288077317835,0.04423141328043678,0.4,0.7204552639359988,0.7635637638075775,0,43.61853842259438,0.22
0.3833197826965909,0.4105137625542961,0.6760986715239972,0.7347146800930036,0.4512703299049414,0.1959942721404243,0.17872937592491844,0.300656470133444,0.1,0.597433540855497,0.4713051505508362,1,21.42187631020764,0.13
0.6269965374223078,0.3193890361274745,0.26195839769011603,0.3150628312711911,0.10830146476894675,0.18864753691089065,0.9380468729954219,0.6668026346974619,0.75,0.3254824898803279,0.3088888825562579,1,67.9272680307876,0.32499999999999996
0.43251875076259305,0.33018336526120107,0.6955726314396065,0.5688975959720921,0.9211026634572657,0.25684694146778375,0.8570133358009238,0.3622728068539839,0.9,0.6315120046817728,0.9534670495283252,3,119.8176436199265,0.37
0.42920108463065776,0.35059645307385845,0.40936355282753045,0.46182782745170164,0.14419498112248563,0.8047071000041969,0.059650131862750144,0.40485283893496626,0.4,0.4934168527348686,0.2906561000818888,1,52.86809766663746,0.22
0.5926022936966509,0.24913785702588342,0.6668581168839202,0.27015801712159904,0.8193146685116435,0.6171849254465093,0.5180656953996932,0.35363392150358075,0.4,0.21648146053082684,0.5420474247354999,3,42.707700841081646,0.22
0.3443475450848409,0.7464744426749212,0.30461474872433814,0.25562820328249014,0.07505583038802022,0.9909719860358988,0.17477372672504843,0.2553084749760438,0.5,0.5229319633299611,0.8543555555408452,3,47.414994155261155,0.25
0.551122916055339,0.41622099391817374,0.2505094888476798,0.20205833559197478,0.23591576249461776,0.9079414066857031,0.7636883927235304,0.4573297994393366,0.5,0.4497350698216456,0.6641808122608212,2,54.811318565881244,0.25
0.2435388670098128,0.4875045683245487,0.3269911198220183,0.6276536738754225,0.9554230339518591,0.052783380786441736,0.8936703812216521,0.06042733568815917,0.4,0.4308690226155413,0.32277694698172066,1,49.81648881456556,0.22
0.6716297481894586,0.2796581597434119,0.3853609289039586,0.2806157690075086,0.39113069593456373,0.05400487837648971,0.9989689917576853,0.9143895025006017,0.4,0.40821872596779496,0.5524366833668194,1,38.57466893045722,0.22
0.357680986970071,0.33156243031281424,0.6327756955154527,0.39001382290773645,0.5847989552462312,0.21784457399824553,0.27677772519746924,0.4495433660571203,0.25,0.484669974537968,0.08299112623272742,1,331.96799391611967,1.675
0.47256063930929704,0.5706423080101399,0.6522411570337028,0.3656649996773485,0.32278018249234575,0.021313905434940716,0.6562560081171346,0.6134279040933013,0.25,0.43984273872471547,0.5456864027076922,0,38.54110959172148,0.175
0.3150713672372105,0.7381493555657272,0.3760811495561234,0.5690874545494815,0.9043107032188408,0.4768540401054504,0.34470896179838784,0.5115171829177669,0.6,0.2680961467238569,0.43138908835354195,2,63.25381059428828,0.28
0.5728125723727924,0.4827161950797476,0.3256460950165063,0.27780158152479695,0.19469499089583964,0.6255403518247864,0.7700328827901616,0.15346171337569214,0.75,0.6598955882115299,0.7579337070734441,2,77.15927629015093,0.32499999999999996
0.46785887970293716,0.4810112451912574,0.6253517162261387,0.5904083941737064,0.3183832176353292,0.8678009793663987,0.5055317486338219,0.5318366466775467,0.75,0.4700008580972755,0.8479028431341171,0,85.24577692735151,0.32499999999999996
0.7016227033597267,0.7339733090381975,0.6003182294097474,0.24208118685663937,0.7224081970533516,0.5778928152213265,0.06957976807381916,0.8039617118630358,0.5,0.4089438733870164,0.19961652164743904,4,155.0,0.9
0.42281507006940644,0.5348413034123756,0.5246072892974767,0.299794082206829,0.9228360372484677,0.05327723299081222,0.12124975645755098,0.7019752022074804,0.75,0.35929349080438355,0.08153590546076306,4,192.5,1.1
0.5206196011979793,0.3923242793347943,0.38640976466404375,0.6587038529156799,0.6044739325145255,0.38251699897174585,0.5392486489403714,0.7033385680010588,0.6,0.5971156973356962,0.3905569812448356,1,65.10619110896147,0.28
0.43206323726752105,0.490067774735449,0.5095800735689633,0.509648228918389,0.5044764618809293,0.14018832463564923,0.08943602913329018,0.4388587351883817,0.4,0.33800416483085566,0.534150408200547,1,51.32372327348257,0.22
0.31721683258085465,0.529699349731954,0.3840429849192658,0.5602611620278933,0.9228847578488337,0.5577791747084938,0.3582200690178491,0.9087061695210354,0.4,0.5173791906530848,0.37680194831502256,2,47.84309926847493,0.22
0.2801336794311499,0.7467635770485184,0.6246238102993675,0.42948828841636916,0.3886321561789381,0.5091464809343752,0.1164993306287212,0.7374009455193812,0.5,0.42751302288850357,0.6285611709980801,0,50.558152493892976,0.25
0.36574351797535565,0.4132911191498152,0.5966645500256312,0.5604742897715109,0.7003029571437156,0.794243992859329,0.3251913134277634,0.4360532190661919,0.4,0.43480480526892124,0.5056512797190751,0,52.0375291461435,0.22
0.5861508816003231,0.6889495574983466,0.4509623744707251,0.5682366316462156,0.16834171152719835,0.9645048760964994,0.08607734740788264,0.6490133036748073,0.75,0.36240710978469975,0.9366260346650898,0,103.13785947553066,0.32499999999999996
0.4428293752279276,0.5509539429659321,0.461153000329621,0.6271649950358412,0.7052573945651862,0.15773647365097965,0.36532320583048983,0.043126566762483276,0.25,0.42292095995149187,0.40939112331959304,1,40.20283534551226,0.175
0.20289306780605318,0.31864102568438,0.36304069383978455,0.719966978438114,0.556608257586641,0.9949381428236241,0.4298849568221589,0.9900082203729365,0.1,0.5017041343118198,0.08249417294858241,4,95.0,0.5800000000000001
0.47887541713180487,0.4003935339989777,0.42237166358751954,0.448502255887895,0.1262254238089625,0.3924543432677957,0.9019649700484719,0.8766954816574721,0.5,0.5300676271434025,0.3019350211414771,1,57.58082850203067,0.25
0.6773067145626841,0.7292847261240758,0.6642905518571269,0.6629112198804217,0.3235915778697842,0.6786105837683316,0.8861601715577907,0.7668774661532277,0.1,0.40222460519669617,0.6058938623632445,0,30.34846319204002,0.13
0.3094583110255037,0.3477729394692405,0.5278270493069546,0.560875577392721,0.6284761969329175,0.15257561456002255,0.07300269257056347,0.614622179816561,0.25,0.48921331957465425,0.2560250986070861,0,37.528874101556184,0.175
0.31148795539534474,0.6104550300105847,0.3099799541057727,0.34465585562417783,0.5002756656891081,0.23803665973148436,0.29276979495902467,0.39208717720141006,0.4,0.6118575068212211,0.2689884518056338,2,43.376212107671634,0.22
0.36873754588988583,0.6652952790696745,0.6026461432789858,0.4918769896482998,0.49552085212250563,0.3902589690884125,0.3872916720859666,0.11573281131135293,0.1,0.29239756509076187,0.33957248402235085,3,21.576129101353867,0.13
0.6508621139741924,0.647110536034758,0.4144082027717979,0.629790508118081,0.8655904182553432,0.6091540817780943,0.14610218460201185,0.42387440287793576,0.25,0.4998155669706291,0.7461417799090552,3,50.122782466111445,0.175
0.3134335246009117,0.47677586747553014,0.2650329517137687,0.43473696707519194,0.4167159120295455,0.6006208784891227,0.6088696178493316,0.6452221369797624,0.5,0.3815384668970853,0.9401332342939615,0,52.663818689145856,0.25
0.4862011733719549,0.24395509685383865,0.45443701895246247,0.5584187986280732,0.6979030573438074,0.10335404612901644,0.30492220057281205,0.017347819172672363,0.4,0.36877798805627826,0.35037663384777995,1,38.00376592557701,0.22
0.5377485291096058,0.22989463834008136,0.2524368272495106,0.3932459352753276,0.45464151208038295,0.4294300778302873,0.7343269301794787,0.16711694660786114,0.9,0.5332858261021647,0.1954880397604919,4,215.0,1.2200000000000002
0.6634771476038581,0.6783658292420494,0.37028707833935937,0.5953906468828011,0.6314944571255109,0.3066941979301522,0.38191647480969915,0.7192868623714541,0.1,0.43232136263232074,0.42063695216710306,2,23.668873214546934,0.13
0.5175648257934038,0.740882242317688,0.25205415175933044,0.5013344082321403,0.07154804857357533,0.3427828889311625,0.39132323013965187,0.7157493118516688,0.75,0.3482261550630521,0.35183969297962614,2,66.00716800297953,0.32499999999999996
0.5258957068791896,0.3692177140231139,0.22582428612030894,0.22865749462830431,0.19922441507070066,0.9474129936904631,0.9977619527941581,0.8189101408200553,0.6,0.6664342615895451,0.990024914123176,3,61.17688020627648,0.28
0.449489929810351,0.5808605841941555,0.5850966821917201,0.29953341734700334,0.2997125014635281,0.6638666540728546,0.08314803169793306,0.8712793157065106,0.6,0.6158190172601722,0.4638682585179925,3,65.89778533594148,0.28
0.6718846775531826,0.40743933428335977,0.7304023460848299,0.2649877989341003,0.5159928712602737,0.17643916631978573,0.32741655956170257,0.8007427444879748,0.6,0.2586271520114795,0.679283352811864,1,63.27431514478876,0.28
0.6600500842495151,0.6995859842849963,0.6524715393790523,0.6448626276598262,0.8702267674270464,0.5197133869344235,0.48031150031067316,0.7507347465532593,0.1,0.3159650061931345,0.9137880666448532,2,31.591983377174635,0.13
0.3987205084727198,0.5923387086965353,0.5186406113062152,0.4334635222871701,0.8261896225185549,0.7648468123958205,0.3844280502342077,0.6419257616093194,0.75,0.5749163960179852,0.6290615773638835,0,84.75984758405255,0.32499999999999996
0.746211432829524,0.35975009497981597,0.4272292122032813,0.6965735705359646,0.8573599082709277,0.15176063404741957,0.38813668511496313,0.0566188838752647,0.4,0.4649272106977103,0.24937847491985388,2,50.74003217474361,0.22
0.3589545535029508,0.2839746281706958,0.3704998623182168,0.617621422405985,0.4088772856873999,0.7722820839186489,0.19702844342558745,0.5418871511243837,0.6,0.6885103984072125,0.6074100953332803,2,60.61228676022974,0.28
0.6729197053362463,0.26294474319229866,0.5419419745911547,0.5120077980771087,0.03658573342182714,0.8976499907316582,0.8200046949004514,0.5244091917870659,0.4,0.5777814649224029,0.4018763360651161,1,50.599757467627114,0.22
0.5678387820323508,0.5690810041197378,0.7277071086465907,0.3905910646347066,0.7057869959719498,0.1039161648688589,0.8452094963973705,0.7152615310717714,0.4,0.5381012382724076,0.42234986943880704,3,53.5476081532433,0.22
0.36487180695467836,0.5196739072020039,0.43618015258126397,0.4605648497719181,0.1199673967250805,0.9806892851187775,0.022530444206446676,0.6285108625927736,0.6,0.37263761486750535,0.979324581370405,0,59.03406978246511,0.28
0.23810234642747105,0.2815331973244761,0.714456215126074,0.23756029841856696,0.17175499674081673,0.7192576492195367,0.07040625396877898,0.08110088284311612,0.9,0.5621413222097553,0.2785910135948526,3,70.23757406445618,0.37
0.5245800759743415,0.6150162659598397,0.20652494064245513,0.32251148136336166,0.4662917405631323,0.9940094654019129,0.2765162397706512,0.6125281607565226,0.9,0.34084277203274943,0.4689351464783108,2,70.86030118650504,0.37
0.40738961696716275,0.4787495958877677,0.3878774121156132,0.5569495919819776,0.5185990743742355,0.8421196096504375,0.2885896077051602,0.5549443807114862,0.75,0.6640501412708707,0.1598670456992003,2,375.5910826642433,1.825
0.324518634487892,0.21401561503596045,0.2008640779500398,0.39003160657229885,0.9506235151051808,0.33258580833605755,0.43940558131018104,0.8888133145036714,0.5,0.5534630004866689,0.17854419868548876,4,155.0,0.9
0.398914539556836,0.7217322645625992,0.22462939188613,0.49153578307434964,0.3324988572344578,0.3806737646338155,0.30411880887769827,0.8095313753250729,0.5,0.3973110058534787,0.6034844240858339,2,46.80442808645202,0.25
0.5177973228451155,0.5846012565437457,0.5513040300773633,0.20447672154816857,0.9303869704377798,0.6310988806669057,0.6236301312596525,0.3900036197131751,0.9,0.6013665127721248,0.7510157081527147,3,72.41659511091368,0.37
0.5475217203749565,0.3773133668348527,0.6250779287412911,0.3036009623746345,0.012483749571496672,0.1739375988235733,0.14743835459023447,0.11588200281303673,0.25,0.7812960596906463,0.6364598736168452,3,29.687709183670894,0.175
0.5939131085874487,0.5440224335289836,0.5587599869301112,0.29677122789815485,0.6540473160533953,0.13634895237379763,0.08563395253671924,0.3825815065618582,0.9,0.4733494502641019,0.3292839979029708,3,79.7292784249504,0.37
0.5680457007328543,0.6053381247530532,0.4691756436807931,0.3872011256431499,0.24902266296789854,0.14586054563588224,0.146127875558568,0.2562057067827658,0.6,0.5695262162466275,0.05961817256501978,4,170.0,0.98
0.29160516710849677,0.3594782888109073,0.6201055993488866,0.4251703985004407,0.5368497633760414,0.7580956000912513,0.8527766432521394,0.7514178497388502,0.6,0.4465246767834392,0.4702638621486921,0,60.402010740933314,0.28
0.5864922830962918,0.6070502287491677,0.5707936232683593,0.5704461330256216,0.6282132597041707,0.9076245775194832,0.5197368027342506,0.6333568408536914,0.6,0.5112888512753304,0.504269653093964,2,87.69249726264977,0.28
0.5359445123793284,0.4851320882925425,0.3087991777786484,0.6635418628070177,0.4116205503318684,0.32738420088074605,0.3317117794612534,0.14831728171229275,0.75,0.3118568133534194,0.7706516079598186,2,69.22908437665521,0.32499999999999996
0.7303452948681775,0.4565662360800915,0.7132813157365607,0.748896995747806,0.7965976506738514,0.05536808433354379,0.67468524376452,0.8644601928370358,0.6,0.500534292152569,0.6402895622919548,1,66.03504110124472,0.28
0.46740775192220135,0.5983954555624824,0.5540846860377875,0.330495648800411,0.4974283469853672,0.07020078184155021,0.4284174616368909,0.34322660288234985,0.1,0.5060575815433529,0.8712586276009868,3,22.616610401445566,0.13
0.22589919406487535,0.4493454211459513,0.6329627485679498,0.37882406447933337,0.9855393192994307,0.6912652016189443,0.7213598048289199,0.515826918962231,0.75,0.7258805023856637,0.7829828786950916,0,73.22639292583101,0.32499999999999996
0.6314412966562515,0.5601409250796257,0.5825477434996731,0.3571574886075645,0.7094142544420965,0.7225709767221682,0.06635888074610485,0.22260652447727036,0.75,0.2758209315323433,0.3658777838109468,3,71.6737589006566,0.32499999999999996
0.45852606056367584,0.2999370900138694,0.3356192904438495,0.24941752370082837,0.012967555428886057,0.5098074059285719,0.8757998548360265,0.6095545346953284,0.9,0.46542690617178867,0.6322214235246982,3,79.09675607813331,0.37
0.2697253734629144,0.3157824136127101,0.5191288162567104,0.44266611575120196,0.5002075278077094,0.9259658476106399,0.1722185110217539,0.0746043081576857,0.9,0.6619053693199826,0.7472865294551266,0,79.12376679822752,0.37
0.3468167319110591,0.673611845793729,0.4888312302380924,0.7077102104996866,0.9173057364097177,0.9027817549188133,0.6829724862129495,0.24597916209605197,0.9,0.4703247105861618,0.9568803691727449,0,92.65296130307682,0.37
0.5492307292526624,0.20868317809079417,0.7024116300586323,0.6716048346244545,0.9697640247043707,0.7653463518038267,0.6738945835846691,0.22291132401544778,0.1,0.47914431854211903,0.42235216262224584,1,27.79877698992498,0.13
0.5493991725294947,0.49412545565194993,0.44910934032522176,0.46519616517175744,0.5130891716331156,0.8225762412969998,0.860260224732286,0.561430115801268,0.6,0.39625555153877884,0.648281992311136,3,74.51678622472849,0.28
0.6230713524632925,0.4822278812972772,0.29681358428634236,0.231997661945146,0.5227938437192642,0.6976838283076405,0.5282488443124729,0.4176810380656609,0.9,0.38381488181094003,0.3926638352816342,3,74.85878719209879,0.37
0.2694024519575819,0.3382926098605624,0.40225376679183866,0.6908288066963648,0.08541901142438868,0.12604967571558012,0.7602754682006674,0.024664064624268067,0.9,0.2719576515458185,0.737828178869787,0,72.87470294367311,0.37
0.3314979777098174,0.37577920690139416,0.3226579967397256,0.5001580002883734,0.05230502579760865,0.9046435780864176,0.7039971134546849,0.0042127219141461225,0.5,0.42180697949921564,0.9119931713105572,0,48.18162007256424,0.25
0.5393976829619678,0.4926701425434384,0.7235211581693171,0.7474579097097684,0.3120433743548727,0.7633184605955448,0.41760079997725563,0.46879782285811167,0.9,0.3767083909964699,0.9192260157195751,1,110.14946477197792,0.37
0.6605677943930599,0.6429128796896663,0.40132902721228475,0.5188809283890992,0.4587990610460554,0.20213440325904064,0.7213914378982609,0.10300633052136965,0.9,0.5153820401306306,0.15708751738751003,4,215.0,1.2200000000000002
0.39330983042188683,0.6313957153955567,0.2945071265005098,0.3191694428620537,0.5072511055466711,0.16995582745936177,0.046532809577156,0.1432438844471683,0.1,0.4019646725493406,0.20409659762087884,3,19.49262946127147,0.13
0.22128173897866987,0.5349168203358958,0.5786960423339265,0.20184925742725834,0.8693349363117417,0.17614766478046118,0.2783692090123505,0.13809478822040622,0.9,0.4405437114819138,0.7549294507897987,0,80.827290958104,0.37
0.48093217019683787,0.4072809961693757,0.6358094300003223,0.22138991029925387,0.7355451016577587,0.4454491672565015,0.9436350386450709,0.6643245822479024,0.6,0.4439730784068937,0.6310098859424019,1,67.2959405394843,0.28
0.2267111288499432,0.541115004299234,0.5254013700188702,0.6570995126489056,0.5313892204867717,0.6566309316281679,0.040425383209664156,0.9506602601286904,0.6,0.49456910480027483,0.9051072868549548,0,56.76617226236441,0.28
0.5257467890365486,0.7221539557253258,0.3729115532289322,0.41885677352264017,0.956429610417248,0.27613986855552963,0.6282954827431336,0.2019152441398746,0.25,0.43441628200576027,0.3138005594155354,3,34.53805619185291,0.175
0.7377210665766041,0.259138333854478,0.6377476692579538,0.20636279306324218,0.5474717946004589,0.7707892391243933,0.9398217248053922,0.3392169232656719,0.9,0.36763819834721206,0.8480208111462629,3,71.78922452762653,0.37
0.4675822871718438,0.28437128555277097,0.5293739370504358,0.6389934833393055,0.6935052630427615,0.7164271143471794,0.22114880116474123,0.6290321314933922,0.4,0.5113407228607354,0.6837758569838599,1,48.69385990739624,0.22
0.21817326629287803,0.2900749996254599,0.3884357096390464,0.3406894312206207,0.6554212891877766,0.7640761063460343,0.9999472574545336,0.04023236942648056,0.4,0.6342764267814844,0.19545631015659948,4,140.0,0.8200000000000001
0.41077093939344034,0.7235275648995985,0.2556633700921323,0.4328051597661747,0.20230504367755808,0.14507843191974068,0.15443405242070252,0.454248660621965,0.4,0.5166878089023283,0.12649436899563926,4,140.0,0.8200000000000001
0.4514002543841706,0.35418812850603953,0.35317860672816337,0.5931136889621265,0.8785365566129374,0.44872326906775506,0.6684803978344133,0.3764991425302191,0.9,0.42423569887522367,0.7027236020086076,1,86.4105839345112,0.37
0.5398141134580405,0.6470576108532342,0.42279027236292877,0.5336910648388202,0.31966331531111514,0.8342351848290422,0.6555475101184196,0.350895288082536,0.5,0.4851795642870747,0.158461512724268,4,155.0,0.9
0.6914734773754215,0.668230659444012,0.7060128658749774,0.3479362623905237,0.9141602612471649,0.4985115651176447,0.1882747472992885,0.4832218624676812,0.1,0.24380965007847555,0.7943290397431482,2,29.831668205997246,0.13
0.7419816514926663,0.6490144535092792,0.6371442933227169,0.5671682305272627,0.6746994379334758,0.3671125892561623,0.8437847362753934,0.5331439806061009,0.1,0.48314385989258063,0.5570950401273173,1,29.752289690478037,0.13
0.7407973853546361,0.44285977542556426,0.6078466176193259,0.5843462083936868,0.4677647799344663,0.8587114232637186,0.462917806466153,0.4144101418508165,0.9,0.45046613456134327,0.47686706246278976,1,103.65028376452435,0.37
0.6026488985458861,0.6133056477930912,0.3049157401166674,0.3919783083363213,0.10371639533349597,0.3624918788569652,0.3970483005630817,0.1806223192244898,0.25,0.38370781703041584,0.27552903592141964,3,33.26781184828489,0.175
0.41573969770424773,0.6113998976889792,0.5939363866456174,0.6583514128796457,0.5878232017131677,0.1438420705503477,0.223689788603891,0.5610919857251406,0.75,0.4064189150383092,0.9838455949248598,0,83.00106862531737,0.32499999999999996
0.633685536839685,0.5278186336641759,0.2769716675680934,0.5495003925778008,0.26898356472473706,0.6396683101283533,0.6905131329207045,0.3012904106066503,0.1,0.44922889275014044,0.7221671109105264,3,25.61814496517767,0.13
0.6878826060006136,0.5537458998643522,0.692594535717758,0.7494791599752948,0.08738768149671994,0.4894518338289183,0.09289842009181715,0.5152356815238681,0.9,0.6248814117401523,0.778063647164877,1,118.18118713150525,0.37
0.39756122816294315,0.597809331891318,0.496977247930278,0.4502344903894911,0.7262178421289601,0.6203297914708034,0.44826764121201756,0.9458585478975475,0.6,0.6373541122514411,0.7687109276653382,0,70.69085935817571,0.28
0.3319268932808537,0.3352530277977621,0.3017347577179841,0.5473159285744178,0.10174723308217049,0.8800015069119312,0.800128872641203,0.41973858036458456,0.25,0.38437591820732525,0.5840155771765966,0,30.236735644056992,0.175
0.2781292031537067,0.43726255839937794,0.4878332815997068,0.4410289624539334,0.15286717190071442,0.15586678577764124,0.9218057607427973,0.2337046642782601,0.9,0.43572424485210365,0.9396988419588779,0,74.63103288247902,0.37
0.6702112324106542,0.44374314788662317,0.24555765113036646,0.7457097476449561,0.8741157079878287,0.5032952199302889,0.4617346367273666,0.6195112675838207,0.4,0.43891591225545445,0.5838215033826768,2,43.43566608648159,0.22
0.664740975083117,0.5630239169732999,0.6159779914447341,0.2705048848651643,0.21503908289323292,0.428370674059694,0.9384844388049298,0.23825692897874984,0.9,0.6019761201154361,0.5200455851041494,3,75.26035335926268,0.37
0.6212531367567462,0.31426191794165237,0.46893687126568667,0.297890534128356,0.9215835588797517,0.9942096966091787,0.05190718807549677,0.5313791225913715,0.6,0.5188216914256409,0.27371044242286724,2,67.26906700909984,0.28
0.6145817303827055,0.3352636342818458,0.339264630170431,0.2600722921371645,0.1718192996936886,0.6217142559566773,0.9895426432148756,0.8968808954182058,0.5,0.5122202320484428,0.28173591984167345,3,57.24029794552727,0.25
0.5963335513301296,0.36271454692948285,0.4850540072610821,0.3827339565518716,0.9248484616063535,0.21334981331209935,0.5423195988893015,0.23483101639495063,0.1,0.5677542071461371,0.7368839059820436,1,21.046024905589263,0.13
0.6260856923522283,0.3245660110717007,0.7174589750255156,0.37673698618933926,0.8994247075776513,0.19115399307424652,0.1539589124091998,0.012162631714018768,0.25,0.4259145972049975,0.3347674216396055,3,30.238177940879883,0.175
0.25711839170991285,0.33216787804821285,0.2406675109869464,0.45780630204583367,0.18194786008662167,0.18976284685453282,0.07749018752561165,0.8677411034131589,0.1,0.6713936040557484,0.7287107451466779,2,17.74708357621392,0.13
0.33763817139790797,0.687325324444682,0.4844207411210805,0.3283526468011075,0.779997808696124,0.2544814973472568,0.7832577033112026,0.42216454679679827,0.75,0.5003821254822152,0.952706758814825,3,72.1653391593028,0.32499999999999996
0.44161909022831736,0.2535291035838031,0.5666005647311899,0.20523766743251712,0.12838447837388955,0.004506097560003308,0.6963805660651069,0.931283774049384,0.5,0.5263812319654495,0.6393319310674046,3,55.425201332274554,0.25
0.6328519366997633,0.4891092143712952,0.4693527122047602,0.5131931883177281,0.6215455608521572,0.09620205192790965,0.9896494493925041,0.9755851708765133,0.6,0.5111884204939415,0.522505873512717,1,70.16399589298278,0.28
0.4840246991640938,0.3780774994878125,0.3548299003235831,0.4284136033431424,0.46823453565748874,0.10786921840629593,0.7207393096472045,0.9614682044834372,0.6,0.4018876655023034,0.965840374572831,1,59.85555979251062,0.28
0.6922001050535618,0.27445375288331364,0.3786205281776208,0.30576523537217243,0.7786996041386927,0.624202854570981,0.6108319023710771,0.9779181142056288,0.75,0.4679552369023843,0.4722752881776897,1,71.0482388333255,0.32499999999999996
0.4349253372055601,0.27342413051774417,0.6184375876462278,0.25690706592151613,0.07311933681976945,0.14955601959062614,0.8308114447396812,0.145113080319759,0.25,0.5187497745093053,0.7837223941965653,3,28.998279921645153,0.175
0.565894151489499,0.34724067867796293,0.4597044982717145,0.3099933789446478,0.3832964869290296,0.28149925605475035,0.24344471644039323,0.025721951108426677,0.5,0.48773696472583866,0.6580951171766698,1,52.52144403516051,0.25
0.6016230237116456,0.7215517940975784,0.32195990806614777,0.7242342642420556,0.5662512635348111,0.4012395208334609,0.5515902126370112,0.30450820649750365,0.6,0.6975468141333928,0.5181849401446683,2,62.51902446613319,0.28
0.3789005905562887,0.506815941878546,0.5858744730970669,0.3095977388358565,0.9414608550542626,0.5913471922415274,0.9612070465322669,0.35000595425865866,0.4,0.6270725126703973,0.04209510721139831,4,140.0,0.8200000000000001
0.44462016558794526,0.23730511436522755,0.5833795768154111,0.42913886584846317,0.0022895373463220903,0.7812655649624406,0.8273788545606422,0.058703397200336016,0.9,0.5369134738353719,0.6574950238201316,1,80.72029690601626,0.37
0.690404492951775,0.35069553871522585,0.7079807283781598,0.2775719145755648,0.625369228462319,0.6610178670401202,0.1457338670475653,0.5525245528525812,0.4,0.40503544798978014,0.6425950842762254,0,83.9809591200059,0.22
0.5338315563076359,0.36929449892969846,0.2999798860243081,0.25166544444554106,0.24319888067994366,0.016451703204516166,0.8669110903761178,0.4916951712264641,0.4,0.397412123326893,0.12487399459254811,1,341.9572964901876,1.72
0.5606034073557795,0.32824236329258505,0.5150479266390762,0.7386802975594029,0.7816991009107112,0.7228930322291087,0.993705261014529,0.4379534039011932,0.4,0.7477715320456252,0.7959149753606658,1,50.61603803652908,0.22
0.3737790011537424,0.21921935274420085,0.2785524379180313,0.26562710517614396,0.4275506067571776,0.2817555670511702,0.6251472134032147,0.4861125005552842,0.6,0.3741374694167854,0.4669940834450421,1,52.64941699975611,0.28
0.4548059399628797,0.609557813313345,0.36304441218002215,0.2802135239641138,0.7287611221416688,0.35651169844142727,0.1308447416093259,0.8624354521194542,0.1,0.5148586969275581,0.3241460144048087,1,28.153668708117916,0.13
0.5524217214809098,0.3656491148670834,0.5163436921217279,0.7135826078200136,0.8280469419646846,0.3510001871157442,0.6903517175119992,0.4924029062756118,0.25,0.5458004846496696,0.8239593858459658,1,34.97018536887739,0.175
0.36024082520958944,0.48187038796744774,0.6437465524971691,0.5804449618736955,0.7609720971311001,0.3901323686645124,0.5356392353912296,0.05781610406474724,0.75,0.4616150262256642,0.3433709594978237,3,100.24764840216103,0.32499999999999996
0.6133129961285522,0.6249131561708552,0.4969538111837237,0.4948341593462458,0.17490998158808135,0.781765607775103,0.38156548217287745,0.035105424229590176,0.25,0.37509940845983225,0.6218507912838264,3,35.27093063263291,0.175
0.5953892692466461,0.5837065485624557,0.568531715216327,0.410174080678465,0.16763628571194666,0.4115980320856145,0.7179131070167719,0.36348504180723096,0.1,0.4023117422024911,0.6179148014564922,0,24.872100870227484,0.13
0.6556984550826823,0.3299115891539891,0.28565258149399175,0.38983922051363584,0.745185754378869,0.8580605872950834,0.3411366142057126,0.8003755708544253,0.25,0.4321643886003665,0.05280598257326696,2,332.6155375902714,1.675
0.3396071822227258,0.5647503817117361,0.32705981813247853,0.5610694110929779,0.12688066593018954,0.41528352507165955,0.09756239628159258,0.052527988794775715,0.4,0.41175419627214005,0.4228336305747159,0,42.188215309445674,0.22
0.4822725371624337,0.2838475374413928,0.3421179452665626,0.4869497313667726,0.0645273774854469,0.10475202708163645,0.8357259234163987,0.54367712363369,0.1,0.6668646858728073,0.22277874993195645,1,18.553033959282835,0.13
0.603207917158034,0.4190384042960718,0.328057953197922,0.36229301500158384,0.9473881877770107,0.5380003013125135,0.6287113323103868,0.18448396114049304,0.75,0.49945779601258683,0.19957066190105588,4,192.5,1.1
0.2523144541003683,0.2138322255996282,0.7352211215982698,0.25302546390125347,0.5405810206337084,0.3853025488033268,0.9314353421403702,0.933921215781792,0.1,0.43500748973617,0.6549618886272098,0,24.79601858482024,0.13
0.26868803981085754,0.6790302467938034,0.5649278796455919,0.43983989218492947,0.198498612502241,0.6201308639383659,0.638175802970978,0.5625350794580178,0.4,0.513994445733521,0.011409995285753705,4,140.0,0.8200000000000001
0.5569628731492173,0.7142416529417257,0.25465752128963826,0.3340410649464327,0.12432970799514931,0.6540153188408618,0.7990852849242002,0.3452260338531301,0.25,0.5842455292816756,0.9690789782144964,2,38.75709317088962,0.175
0.6731652219089075,0.6293516399156089,0.746841196856455,0.37264984828970593,0.5145517019441572,0.1163279463492779,0.9306887114870277,0.10953785317232001,0.4,0.45744552029248936,0.39539100600482113,3,43.52319079663982,0.22
0.7196875184261999,0.38902885721225233,0.5933012551520214,0.6855086211918726,0.20837710666824705,0.29847847580003495,0.8257902391820219,0.7006559205023549,0.1,0.613551411437945,0.2988035284449051,1,22.660869704191064,0.13
0.29393015239209896,0.3131012602693602,0.5195272564177906,0.6641036235195328,0.00701443800310253,0.18356154715941053,0.7501511791919018,0.40383449100081237,0.9,0.3414209594874821,0.9199743999374573,0,73.83828795449358,0.37
0.24342224437216142,0.667984445365747,0.3887162912498031,0.42342463768487604,0.026213532467259992,0.9639168783200247,0.15123291294056207,0.5104666400468276,0.9,0.647277361739503,0.48667214210684495,0,69.87155754510346,0.37
0.38692360262815584,0.7013139475342283,0.2719368796205615,0.5158509646469889,0.24831609764484341,0.7374693202253596,0.7767260990472881,0.3972204035248931,0.1,0.49947954183633164,0.6143252514852777,0,21.88033189587203,0.13
0.28145944434418546,0.7107270465521627,0.6388622224445908,0.3286006008435928,0.6584496214590319,0.9090735845464855,0.8148091184926063,0.4148977176449147,0.25,0.4945882430388978,0.6958507486369615,3,34.84129594996413,0.175
0.36377804744848447,0.4098334303794726,0.4229797214124901,0.6495385722476303,0.4414760538966379,0.8868782740270206,0.03437280042634294,0.022811572313826356,0.9,0.41381772573518216,0.8714112734844635,2,88.50245255513646,0.37
0.5104933454200548,0.4353721231904505,0.5956945613149941,0.4518256819890936,0.2057953415650221,0.8276216446853436,0.15321318761720082,0.28527928494835264,0.4,0.3468427914642363,0.1297419898170561,3,350.7639338944614,1.72
0.2705320092866348,0.2591190513482406,0.37927617388734447,0.5315786306883448,0.6290686901401757,0.18424281006138077,0.30311634124357345,0.4669127271231922,0.1,0.2918912320615562,0.08165317909202363,4,95.0,0.5800000000000001
0.2741627302065289,0.5025737938835741,0.34828530464480345,0.5824773785845605,0.22810928376793815,0.9924136839779331,0.16344601732126784,0.8499371049202531,0.1,0.40508172043481666,0.9937107843347391,2,20.1237590893778,0.13
0.21554448564700388,0.45796288731431517,0.22874528195782795,0.3817792764014263,0.47009983149871915,0.12912367972018846,0.1184861571625806,0.5002960560508554,0.4,0.5741921120093637,0.008883801626070498,0,342.54688839531167,1.72
0.20856632935778352,0.45800431831786226,0.6218587276629064,0.25512102076026955,0.3535201714692102,0.23460229911299368,0.9589391371657489,0.4633797406331909,0.5,0.3802242936633502,0.7081947536150259,0,46.89104670083989,0.25
0.604372480596715,0.5213073969007822,0.4775329002248111,0.529715794254133,0.9288109813723276,0.16399972606481883,0.18346606723001224,0.5960276909424516,0.6,0.3066958277936827,0.611065361958621,2,70.17187450524573,0.28
0.3847434224510576,0.5906867545725591,0.6288162130564248,0.6280231260727827,0.2698756426168226,0.18493785561126042,0.09468538541331106,0.07627067030716383,0.25,0.3867626923064995,0.5525510217091669,0,34.36486176762773,0.175
0.34820288416652867,0.559648855329419,0.28145264915990204,0.4724807874779469,0.7531683854134263,0.28216314636981654,0.9784191533076348,0.1831211274791248,0.4,0.4524097617419522,0.7858279591800934,3,50.66012798266071,0.22
0.20144609303273467,0.3064727174545876,0.5474537637079331,0.6808988278617212,0.3544466500238479,0.37490861948233345,0.5001527927368299,0.8706358689794534,0.25,0.45733513217711685,0.9924729476354587,0,30.969994901679804,0.175
0.2269655642223134,0.5072040356958816,0.5502262610577668,0.7128150396505104,0.8347702099641873,0.009956330863795326,0.40925506695826264,0.827936731040582,0.5,0.4844599571359662,0.04688582149392739,0,354.8616389761046,1.75
0.5603290870547262,0.25666798635890614,0.2807093333994643,0.5496702708878488,0.0001978078267101946,0.5336395722182439,0.2594756213332019,0.4127685492421006,0.4,0.629908962853944,0.6145304926431803,2,41.69730534289297,0.22
0.31859082221977797,0.7105680111825086,0.7063779604322373,0.7217607230864673,0.42030469987880803,0.3917544407175144,0.891950122211263,0.5364636089695346,0.25,0.6570387689742196,0.7167776685390507,0,34.64890809680437,0.175
0.36112393429670636,0.594322449378174,0.5646576488141672,0.21958207973577465,0.9037467238279847,0.726742407321351,0.35112007097400566,0.4935636815489549,0.75,0.751735094518723,0.30593930617301857,3,65.45463270939925,0.32499999999999996
0.3460607919904538,0.31372170132370764,0.403944730956087,0.7241795440998737,0.3898585382052917,0.8285742782003216,0.1875978119709637,0.9364122822615515,0.5,0.2971212158969061,0.8928613849209311,0,54.07773138940637,0.25
0.6650809014270861,0.36138352525255235,0.4915173421046277,0.30574636687266404,0.5804244942519161,0.611757953968084,0.5168014002519713,0.5544964770449176,0.5,0.3934223439098345,0.45699284144971186,1,58.32349593178182,0.25
0.3525886957627661,0.2357517869581865,0.5534335755042601,0.561306425972981,0.6676754164228271,0.6550352551008597,0.21414708886996425,0.582440160873074,0.1,0.5880685617098852,0.1644784619519467,4,95.0,0.5800000000000001
0.6611758914418939,0.6793534973849897,0.28803266955654755,0.608672520389643,0.3546264406884425,0.6370303058028788,0.5478345802679188,0.17967993371249258,0.1,0.44374443937719665,0.8544078160203,2,25.240312849482905,0.13
0.2740891980550328,0.405543256460196,0.4835451143575717,0.2272084527478918,0.734733917539036,0.45701344747949024,0.551441552286137,0.672642864924813,0.75,0.6083927801582973,0.9429256204246439,0,72.68024829985022,0.32499999999999996
0.2862200413499999,0.349113854994521,0.27014828129880414,0.7137529497134831,0.652871773917137,0.7489288200900446,0.20675172864311742,0.11039123373735693,0.9,0.5265364265338989,0.0995149183687436,4,215.0,1.2200000000000002
0.35857555344791403,0.47564441547990255,0.7480938308591274,0.5116534723121842,0.6691795746743444,0.23598494666568215,0.11460486854982666,0.131237492809408,0.6,0.6983568034790828,0.7516808671545532,0,66.80859572910407,0.28
0.42632267624564657,0.711385823258357,0.3223737654516347,0.2987254074612894,0.31280012389951406,0.9917870480492451,0.157260326687085,0.2985365622984678,0.1,0.6311749608137929,0.21501421916521968,2,19.73760387191926,0.13
0.494450402972431,0.4350159558072646,0.6383423425235057,0.223105522717402,0.9207341518821429,0.9633080631408026,0.22884336115151804,0.8804526970506575,0.5,0.6334666466291579,0.006722217669021702,3,355.38619284698854,1.75
0.539749203426171,0.5908735285938321,0.7345542184531819,0.28016976013190953,0.13891794452301365,0.7615364113005156,0.013008160647371536,0.40661962924096007,0.25,0.4490238856380568,0.26061382288538826,3,33.464499882457154,0.175
0.3354337702902072,0.7128437773630834,0.5468458650158153,0.2209269680045314,0.24733520671738818,0.7040080141591227,0.01605613135518469,0.464901706051533,0.1,0.48839604421358285,0.8549098352207469,0,21.233732701554988,0.13
0.24253920124067846,0.6319923083452177,0.5121109741510287,0.5109785148903807,0.6967290247449353,0.04670487325018291,0.8974001821299723,0.3611974073964489,0.1,0.4623751676259498,0.14118387678373234,4,95.0,0.5800000000000001
0.683926103821207,0.3326038556541756,0.28823704000211103,0.5375932711921443,0.16526583224224256,0.22546449603046081,0.3389059287804632,0.19837510182229212,0.5,0.31202491774714386,0.13066888299846058,4,155.0,0.9
0.685332703709636,0.34588785456719,0.5747119006352437,0.2838084675220508,0.5105787539152029,0.632931736499356,0.43343010888332467,0.4270321498951223,0.4,0.6849032370995909,0.7390477062001563,3,44.33097297686655,0.22
0.29454978270603194,0.6958305318245056,0.26488074719850646,0.2133900451603571,0.7816995193687025,0.3010167129578851,0.622768833907242,0.8929215850434725,0.5,0.5939418942305165,0.4063596385646381,2,53.349620182447346,0.25
0.6262172464609314,0.3993802516888492,0.41816220371117196,0.6399216496995075,0.2215143650960122,0.6199007300244572,0.9479717800547842,0.5297952549554544,0.6,0.45739450127875353,0.148486072534602,4,170.0,0.98
0.2989646853675415,0.5576798178365696,0.372440580860699,0.2573476533557643,0.9768977236971302,0.3100460441847964,0.5642938926661981,0.31103575120095284,0.25,0.6639684911744173,0.23000037648217175,3,31.497099591664668,0.175
0.5781228269335483,0.3752652740030149,0.6766322573540389,0.7054696076275455,0.003719425067400639,0.9973081004456583,0.24006006803727653,0.9731019852367316,0.4,0.42166267006199293,0.7946019249856044,1,56.97320930282176,0.22
0.6669784690565241,0.37729346108950407,0.3301204433978109,0.6910403533242899,0.653032826647127,0.9039336089485727,0.967202747053633,0.567829206341983,0.6,0.27041979779403913,0.6232687900580196,2,69.29221129179449,0.28
0.44912084113205375,0.5892568479569087,0.6549403107758489,0.3527276601773024,0.9996913443012582,0.7673299092753699,0.5238145560935734,0.6549432841908859,0.25,0.626748704791783,0.7609287725664985,3,39.13595857549981,0.175
0.2655035853641346,0.5436551598388073,0.5246057406697738,0.34861003996221673,0.19427135732659928,0.011032621440349888,0.2567893476071421,0.43497086171990695,0.1,0.3404926074446335,0.09777323898803769,4,95.0,0.5800000000000001
0.5215886967619383,0.6346964899630887,0.3925060402892701,0.33327474540906477,0.228052586861754,0.514035897986198,0.6579441422246665,0.6557938491000377,0.75,0.47608457382426406,0.4581042828497125,3,76.08196481478369,0.32499999999999996
0.5987506674852558,0.6322296091749872,0.7248591908279063,0.2811722026046091,0.8937644305331285,0.9663190964832098,0.8906950133598884,0.6201749593469261,0.25,0.5264124048068554,0.7971062507813321,3,36.692046509510696,0.175
0.6890952560385071,0.6208043461544464,0.5860449493619884,0.372179496054708,0.20576415459112907,0.9434511591699268,0.17486039476730653,0.15142738251046517,0.1,0.5488705852120312,0.265792750868431,3,20.235470478585253,0.13
0.21220612315348478,0.4791527717656933,0.3571731570671439,0.3594015604096802,0.317569327905435,0.5736055613382882,0.6814726319858042,0.013292677345635995,0.75,0.60684181394504,0.1691889683760286,4,192.5,1.1
0.7099262174559595,0.28413289062926506,0.7138278087748047,0.477093690505907,0.7780222717197501,0.17501954908724215,0.2964848515130212,0.32208672579565156,0.5,0.5733378512773432,0.38178389381719213,1,47.54797605376008,0.25
0.6610536018335152,0.3559731642930507,0.5486563652466043,0.5061236176478793,0.3324459988987425,0.7603676022094713,0.04094436220217956,0.19651781839231952,0.25,0.5694610160889987,0.3333799738387807,3,38.25774452255506,0.175
0.7082913491798086,0.2986141347633316,0.3125134393583638,0.7219304196994496,0.02231923115244816,0.7782994567117663,0.9837223383651236,0.6595471592665643,0.75,0.40157853059532833,0.1854727788822036,4,192.5,1.1
0.2538805414323578,0.549075357974198,0.23331026226838925,0.24234494446633184,0.5901391809188112,0.9080662133885028,0.25495398636348277,0.06646230513800522,0.25,0.5374473163305145,0.9539449253562585,3,27.495207648310124,0.175
0.528431808595947,0.5032523791847323,0.515164409314476,0.46050865310246863,0.5099699049722157,0.26034870317382874,0.451081614680902,0.45629985058180933,0.6,0.312067766513245,0.4830984045554402,3,72.45243321964209,0.28
0.6082976373198827,0.7457036950006943,0.35167968551469564,0.37789181702322167,0.3188318240680694,0.4863245815830535,0.3801518805499017,0.11305933678187674,0.6,0.6962196457221712,0.6080763561099246,3,59.919013972796755,0.28
0.37767724828876814,0.6197979204682189,0.3914085256180505,0.5722053871704579,0.8667257074057799,0.701273714430226,0.041308864999840544,0.11578642527130634,0.75,0.32496410464498526,0.12110690874959507,4,192.5,1.1
0.4452381563565609,0.5342925668626569,0.6559584550426947,0.4827322781548132,0.09651447071202401,0.06174354700882767,0.05905677584054769,0.1571123329362003,0.75,0.45721759376534676,0.6100350881315129,0,79.04429103144228,0.32499999999999996
0.4613452604656881,0.34683602098291666,0.4837475200008811,0.34432675010028213,0.8478694085299281,0.8282332961981758,0.7831464752783852,0.6147065065385727,0.6,0.3354442769747242,0.5553226932084637,1,68.35377264197182,0.28
0.6639636131448774,0.4138752147738711,0.27100919750922464,0.331982140359498,0.7234935532136345,0.7384812108403062,0.8893128703076673,0.7323430296357656,0.1,0.40916536300120826,0.9319293277730326,3,28.46997527033004,0.13
0.49401980710699095,0.7039581337063638,0.36530882421612887,0.3454124122546214,0.7364593080209655,0.8040811727134838,0.5563548559276319,0.21302879004260922,0.9,0.5022821769474972,0.4123168010720437,3,81.94100668653734,0.37
0.42360790914557445,0.7322649630606806,0.6648708209537447,0.2823173730910804,0.0845424775690583,0.4190435603818988,0.09168567168606256,0.16930403155433116,0.1,0.4343867486242725,0.782062100476217,3,19.50642829556552,0.13
0.5375643079051453,0.635525311839219,0.6224056877536308,0.4688650204650387,0.023840011762435,0.30020629103650986,0.9699978224020184,0.3789312726644106,0.25,0.6438890959900074,0.304180978462122,0,37.388385675225415,0.175
0.6025072621207233,0.5209726358261411,0.3107947405687115,0.23082950235007976,0.24089260605108131,0.40344947713823154,0.3013385202066774,0.6738768229283607,0.5,0.5290143314283743,0.5789403563278805,2,50.79374179201001,0.25
0.40322482402768545,0.23406645107114693,0.4172573721564907,0.655883450863918,0.6344667611590806,0.027342907770496194,0.5113231558067851,0.03619968767543713,0.4,0.4426326254990021,0.9269703972441979,1,36.52206942000307,0.22
0.6643617816219698,0.21874065673700982,0.23824450713022177,0.5684268981751845,0.6773632664142749,0.9358083306272584,0.907487878727419,0.20571211209092655,0.6,0.48387277333358053,0.6250713107588963,1,62.43666572483854,0.28
0.4749992822182099,0.282147116001715,0.6430412897526513,0.3190728894885321,0.7426451477213933,0.7930659710405652,0.8643675331093843,0.259598670800521,0.1,0.6533378650427404,0.7111586837665084,3,21.23690990400563,0.13
0.24298209008264093,0.6122289259550048,0.5344692860475803,0.416943506302228,0.45083484597216006,0.2215044290365904,0.024309457211191376,0.6590126278649572,0.5,0.6144141616605474,0.8759845252025904,0,49.786840440174544,0.25
0.5809994120809441,0.7012593787801615,0.21880034352165625,0.5452236907214345,0.4314636178931456,0.2481168805635673,0.8471039472996119,0.49568063997920286,0.4,0.3579977589175898,0.9254243633087995,3,61.412874205232264,0.22
0.3199920133585579,0.46077576796776115,0.43318962088585333,0.4144888173089914,0.9946576772125906,0.7933578269389671,0.8692111997359199,0.7733322487976717,0.6,0.415365836397533,0.2082748752030671,3,72.83726303057733,0.28
0.3046958551361041,0.6414574650447402,0.40873632171023516,0.687957943515064,0.10592489895062163,0.06502900065367068,0.9150787726144635,0.13819718803980208,0.5,0.560056262579995,0.19583803162918523,4,155.0,0.9
0.39506755012057,0.6618423395735344,0.4994564823385783,0.41209387917288576,0.39122615067426025,0.6099110115559309,0.21189834990199563,0.2252850437077768,0.75,0.5448510109229057,0.5504761269087858,3,77.16496978522011,0.32499999999999996
0.5872177180288979,0.6326600435318823,0.46547993465096504,0.43398123561094526,0.4662413422913765,0.36089509145992715,0.6765756670198043,0.0750761955206275,0.25,0.3690663355065214,0.9955163763063611,3,33.21021644138322,0.175
0.5175804337047772,0.521839858178145,0.4340135687200781,0.6167145831434508,0.48875866947781965,0.17425991771551697,0.6067250090007481,0.11621329176034312,0.9,0.5944101464687275,0.49015232331077996,2,98.60808151491858,0.37
0.41984679626459437,0.44914908858537106,0.5329250233537319,0.7427668960618656,0.19763186652941367,0.8038889828433134,0.23516699003801378,0.7370653387938256,0.4,0.38904068574843037,0.3309049631034272,0,47.43813059733551,0.22
0.3433773610577567,0.3275740399513387,0.2972879965821405,0.5791943178694734,0.27306269968819097,0.2350275052338311,0.2991547828812674,0.8809319844227486,0.4,0.6638726020114398,0.5372612749330885,1,43.26846413849284,0.22
0.44700205058012427,0.4137334870408511,0.3122497057818778,0.6901261075718361,0.397165659336728,0.24376052988397368,0.5366394736969131,0.38564141178513567,0.5,0.5669009904372649,0.06439577411570185,4,155.0,0.9
0.44374516937231223,0.534231321317481,0.26189126806089064,0.2593847191766956,0.7901975197716632,0.9904456183130277,0.5265744426658336,0.4517488976528493,0.25,0.3588551063305509,0.17720677030991405,4,117.5,0.7
0.2370449979151977,0.4020403444610615,0.4600876312055514,0.3345179821970803,0.34303539831388563,0.9733387322701378,0.483283276004682,0.1779968599360494,0.75,0.4343468514984257,0.14892041734650996,4,192.5,1.1
0.3923226282325203,0.20344301871307335,0.39309865589376713,0.26554423415696615,0.9692159053846761,0.960882125999357,0.4357250523350765,0.34818601303295715,0.25,0.43216994706953876,0.027915545071051873,4,117.5,0.7
0.5972167666749062,0.379011000224003,0.2926949711831494,0.48173407378909294,0.37619346860163005,0.7069259651130924,0.3328920843554545,0.00795581558463787,0.6,0.5435762858605222,0.8148083485866593,2,57.407896612667486,0.28
0.3778944232846357,0.41615977393894354,0.37354249938399614,0.2021909328973577,0.08433662333004166,0.4969984179702299,0.1884955042723706,0.4946224112792327,0.25,0.41614307615482893,0.16253973378633635,4,117.5,0.7
0.5785808754304088,0.26087976330373286,0.32052831838463325,0.3046743739601073,0.5742053720861224,0.9334379025693547,0.6555799243488198,0.031040722633432716,0.25,0.6998734403614144,0.6451808995438405,3,28.44279955781696,0.175
0.38225201252428914,0.2881087237229959,0.3908236683033748,0.3337953901942538,0.3807305182848445,0.7934569707815385,0.2605624559899281,0.924973071500241,0.5,0.6024706873397663,0.7377337005321614,2,54.94745739793949,0.25
0.23366831224482607,0.678809637443406,0.3680696089042913,0.25240518050700933,0.5290107085636377,0.0924476918222058,0.24167054018028034,0.9062991990886625,0.4,0.4222626593497121,0.5576249953811906,2,45.27411357117417,0.22
0.48683950842366763,0.26780153510284177,0.6252012608012658,0.23386786878191176,0.9914597511748098,0.8630158925673534,0.32067668465192123,0.7688190125100985,0.6,0.4101560160074268,0.3172289030961053,3,60.69002153308111,0.28
0.45554977246932726,0.7191044815636782,0.28743297951212743,0.3107527722980239,0.2222276435962557,0.38452228744812766,0.6971681286006974,0.9689013391845618,0.4,0.47207263960407697,0.8809459021857939,2,48.52505722738369,0.22
0.5302557012673688,0.7389197393774367,0.4122096615570766,0.5567548010274637,0.4391982767814071,0.4958364210333366,0.22016852895105443,0.4032227427493651,0.25,0.45904405723185454,0.6424406375414307,2,34.56861412600712,0.175
0.28377438452989867,0.5527684232953662,0.33896413572519124,0.5373081841202318,0.06301860769564438,0.8585858956268387,0.023334589214200396,0.6835245845933516,0.4,0.6579032056715169,0.7202175120138504,0,38.869440954958954,0.22
0.24876366444598522,0.48873296193793103,0.3305727470702822,0.5749397868311774,0.273221701454167,0.4761094320331617,0.2815584400997575,0.4000706680269044,0.75,0.6238877116332937,0.652114529502332,0,64.01603879688307,0.32499999999999996
0.6112183828875735,0.6664783918076687,0.7458174529054951,0.45264512880927765,0.5467778864190459,0.6408934114321947,0.9402861430991164,0.33220090177564787,0.75,0.5049921883273515,0.7212886715850879,3,83.49432487830325,0.32499999999999996
0.5688269294640285,0.21013304393866694,0.6977978683184162,0.5386587300407185,0.5848575129737519,0.9017221472082442,0.29023180795034254,0.8650499811254809,0.4,0.5854914771443853,0.14506714493444406,4,140.0,0.8200000000000001
0.4317397386002805,0.4388720085183579,0.6168976054982176,0.6584085019447418,0.9575550963898491,0.8474937056269137,0.5698605013415969,0.7221155399932949,0.75,0.6036578586743776,0.9225943983113134,0,90.354215739481,0.32499999999999996
0.6443470219731686,0.48082155917586306,0.4041306506624175,0.7200466487785446,0.4810658685510437,0.597255804449735,0.9744740669782722,0.25112055615554496,0.1,0.5078963134195631,0.2858107979585016,1,28.589437274379968,0.13
0.5488097386236155,0.4990093749468164,0.529075412615561,0.5464265795024554,0.7925471225406441,0.5062331497548033,0.17687325343187266,0.643535380704444,0.9,0.5510186154044777,0.8365512230299579,1,107.4155373198722,0.37
0.5921900862587972,0.5042515822726412,0.6814454449516133,0.6728428178505439,0.7924269065350766,0.5687558193233694,0.8374328009916592,0.36586861408698734,0.75,0.5750078708878325,0.8933842040969141,1,94.17454392258145,0.32499999999999996
0.44324175955906064,0.2926948616690451,0.5171606425741055,0.5414067371721503,0.9137682989874425,0.6483200999863272,0.8031593249315631,0.27298512485830795,0.1,0.5616611371656411,0.6512236066600412,2,32.40280088822034,0.13
0.48785876567455444,0.6898177973006815,0.2511611413634013,0.3580801776593603,0.4461283119029167,0.9096174117401453,0.05089555050188155,0.4039817135631806,0.6,0.40307471577345205,0.5983007620887452,3,62.79453425104895,0.28
0.6761844154774402,0.7166773221622131,0.43425879108641274,0.3059541900125159,0.7803186580538358,0.743814690178002,0.8516228307693663,0.7393903346787433,0.5,0.4157342435996073,0.10904821117158103,4,155.0,0.9
0.43118122308046414,0.45089154498327483,0.48576315798940267,0.35089419410062317,0.9470921491690063,0.49825955535004585,0.624289836853291,0.8477057585602266,0.9,0.4644612690921674,0.4362212260796283,3,92.04172641754491,0.37
0.37194507391425236,0.5605731972403507,0.5419867830481517,0.564156383313434,0.7016909498563472,0.10205671887366918,0.36699645259479163,0.5525907983318721,0.25,0.41210840709833263,0.6116443846481417,1,39.9769990869832,0.175
0.40750674075866966,0.3850512611749407,0.39334627013511647,0.7231470670193176,0.7547175438615689,0.5435675688185733,0.7775492413837919,0.837609476462908,0.9,0.31613124961289285,0.08186927248277276,4,215.0,1.2200000000000002
0.4173848067293776,0.5333728179858591,0.48756375294159626,0.6819219987969707,0.26512827029518105,0.6160981731621135,0.557110377480783,0.2273172526548678,0.9,0.585246837151877,0.11146201147754398,4,215.0,1.2200000000000002
0.4030142404287135,0.4387794443958938,0.6635368588302157,0.28852668771644824,0.4898780892368314,0.5485682845687174,0.8173398752058646,0.4609893746422803,0.25,0.5439796363076198,0.9934812551072089,3,34.48401684056634,0.175
0.526862001331415,0.4199495142040922,0.7421853574088753,0.5967612642403409,0.08091598247594944,0.48729595823220717,0.8379509443764327,0.5712554523275456,0.5,0.33287811942522777,0.33223415096259457,1,60.40913605884424,0.25
0.20580594454337053,0.6617106452456541,0.5867488108997214,0.5085285035704539,0.3188652277022179,0.9209709479842584,0.15565138462606176,0.32687765249330225,0.6,0.47043175111399926,0.3497324872911639,0,52.55712164146212,0.28
0.3298706617363744,0.28212415772422966,0.5456197595721299,0.44196715004757015,0.43713469062958,0.7379778879258764,0.835746792125761,0.058560476245199444,0.25,0.4775233676293258,0.251529150599892,0,35.21013593917461,0.175
0.6738911717271214,0.3443054636527192,0.5506359894654369,0.3368636701624597,0.7920358204635946,0.7205284152506632,0.8946523048118163,0.9004429908255421,0.9,0.5233846326392327,0.646019769494277,4,215.0,1.2200000000000002
0.5499743935013086,0.22658955321864235,0.4154390847479115,0.2949770887261633,0.7775255586604485,0.19020268426368703,0.3138715066560507,0.936319698848498,0.25,0.3651166182924704,0.4730758868067968,2,36.09164388190201,0.175
0.5332636979229111,0.37420042924775254,0.6243429397222122,0.26302689823651004,0.5981732998538578,0.5387607343892877,0.9157094400439985,0.8741985740996646,0.25,0.33104636744454363,0.7904309573735042,1,38.055857442790796,0.175
0.5059171868055834,0.5265228246179101,0.21215725484603631,0.21979214096777425,0.7274961533163808,0.8822523041595435,0.11383497719548397,0.7575439665999081,0.5,0.5656832176715137,0.5124948318557868,2,43.43974552786538,0.25
0.36953209478041016,0.5349914916765517,0.7294464973392136,0.2499309304937647,0.965640202196868,0.04897679228140439,0.22304565179063418,0.7939683888654189,0.5,0.3085098621273227,0.015415980283715713,4,155.0,0.9
0.5867395252659431,0.5809938671675273,0.5682108339269123,0.483881037842711,0.5200471644306524,0.08661835454126132,0.2679580291560212,0.32405959992264766,0.1,0.4714652622811429,0.48268739032679564,1,23.232274881156588,0.13
0.731754272835579,0.4759763261687748,0.6610633935595643,0.34438633158106513,0.32106272184594875,0.8776727494688318,0.6620364573580414,0.7349172783690119,0.9,0.45976751157321916,0.05518729059477456,4,215.0,1.2200000000000002
0.6434696746187704,0.7481001536664134,0.7005472932755681,0.36723944531357,0.013570088888551601,0.4275120029604318,0.3178206280655269,0.8519254022401738,0.25,0.4851622940839131,0.8267863804814273,3,42.53358904664315,0.175
0.6653866117166197,0.2523914176657959,0.572739157787179,0.3881804281426776,0.9538696539198517,0.42334084958700524,0.9730606145712987,0.014359204043768115,0.1,0.5322472216309803,0.11365808498470065,4,95.0,0.5800000000000001
0.562268549277579,0.42673695416870594,0.20496823240392736,0.32720210472637307,0.3257194042086058,0.7749311779299499,0.360099630475033,0.9209623303779163,0.5,0.7007819662544615,0.2169540149658158,2,46.84677880795361,0.25
0.2233124280720738,0.4349984575399183,0.6620392077005007,0.6058982174362931,0.2184648924981305,0.7956667273281107,0.20170225240252437,0.19710491767283767,0.9,0.3003038295356141,0.45996524279482887,0,71.2153280444148,0.37
0.6339017024342362,0.6439598068426011,0.40456688342391156,0.4783141512213692,0.44574935838327434,0.9449405883303325,0.5854549619023482,0.6350328948735802,0.1,0.6103707267265936,0.1951840554004145,4,95.0,0.5800000000000001
0.4796481435469706,0.26226468431483985,0.5289781671705509,0.5960988784501846,0.0097326724686162,0.05661520463176517,0.06693402566102347,0.8196421746612321,0.5,0.18601506100396872,0.5392199601970316,1,44.73672060029241,0.25
0.5360323005123119,0.6102812640902375,0.2653901974686712,0.6187749204837976,0.2368521217583356,0.32883818463874226,0.6099527786289806,0.5839543176533192,0.9,0.6751283931101567,0.4606984244467053,2,80.40630165253658,0.37
0.31447705685266203,0.6822547525617431,0.3347122217929376,0.47059581102974213,0.41052949756844037,0.004300206034838494,0.4496025750508157,0.7388826157200231,0.9,0.2447818273261279,0.9525226109172888,0,81.8012596563813,0.37
0.46799646316114885,0.34786767621560744,0.398940271430777,0.3020782119915756,0.2352393153254554,0.7083580102738181,0.015152819817278229,0.9080078043145318,0.25,0.8056986678860386,0.08837356332461366,0,337.0246741248741,1.675
0.5135553836022022,0.7021654139334141,0.3741341647989077,0.47943443537430175,0.9500392076557908,0.0024614834245593187,0.45781841380651234,0.41382194023866903,0.6,0.4517918363687768,0.5767320482685504,3,73.83695741288027,0.28
0.6740343365497572,0.44887447582000994,0.6571931806518558,0.44551486584342836,0.8418833559195065,0.5407215913232687,0.6113654699360509,0.20250600308642241,0.75,0.6621891100127195,0.7203996096439838,3,80.66789731691652,0.32499999999999996
0.44213335669098036,0.2864819791986381,0.2687383534346377,0.5363232093619683,0.0770646679970809,0.6923310971826252,0.6206759919694284,0.832328733983278,0.6,0.6363642828115107,0.12762700905585633,4,170.0,0.98
0.6550334385732963,0.2744735677676065,0.7005516703588432,0.39738389102538507,0.8446834474420555,0.6310352739729366,0.5383613829502881,0.9140082690118511,0.6,0.44594115583365224,0.6364621277574015,1,60.81481518273148,0.28
0.43389146358645203,0.691949371109971,0.6929630476767736,0.4886723823013646,0.8012641358523173,0.8824249949675781,0.9958408982739928,0.40350578776651247,0.75,0.4555509237284596,0.8642390541698262,0,88.26067645808432,0.32499999999999996
0.3522207194493375,0.29456670978599675,0.34936902608680065,0.6293450686938187,0.7169346622907508,0.6880678152315783,0.17414271333279996,0.6365485996930432,0.5,0.3957671808930454,0.7875556434281561,0,59.34741239166256,0.25
0.3785249412175073,0.5820088035681548,0.30736045225377845,0.46317699797889483,0.4280892758789038,0.4506355901137111,0.18013798985405693,0.7447393461359687,0.1,0.5991992070292099,0.935170690429058,2,19.920831780001258,0.13
0.3936584188323522,0.4769867778261269,0.5134699100060971,0.7450142305489449,0.6979409896782558,0.5322901390021636,0.15671919122582145,0.5568647853571268,0.6,0.4475717118741439,0.7205856967409449,0,69.94617683757129,0.28
0.6949422759540613,0.5827265626383049,0.2845589087917303,0.7054657059865701,0.10013342214702037,0.3393720261422565,0.3723578427927129,0.8834253925406446,0.6,0.39804320384469793,0.39398682967231746,0,109.8440449366554,0.28
0.6909223388893999,0.6876868865408314,0.4634592753941808,0.2938886910835813,0.41556207544438517,0.598469868625797,0.8747789879039839,0.4257594387556296,0.75,0.5678811102059207,0.9204513845908109,3,69.49416584648053,0.32499999999999996
0.6149217682329069,0.41368327144473294,0.38951255933072926,0.41493010690760257,0.883703520070732,0.13646131252663973,0.36484315715995985,0.09472724906646457,0.9,0.3882514786587997,0.22535676761480072,1,88.79724559260936,0.37
0.5074888066061969,0.3834353569092875,0.5794563360489652,0.5562480876590145,0.5609296292812848,0.9572820604078024,0.6569518353212652,0.6260756173487486,0.4,0.4594037190208454,0.5837022785250142,1,56.797029965991904,0.22
0.4798744376047952,0.2296852774270224,0.7150984753041449,0.42643295571621465,0.2781586322431383,0.9311067586231218,0.47153478477569455,0.26700205304581914,0.9,0.5140129566521636,0.7656579450946693,1,82.38428272612495,0.37
0.44719925685723805,0.45081788173374115,0.40076537703115805,0.5710233508399054,0.9876999804330076,0.423123933794739,0.37149898240954415,0.03496126729883442,0.1,0.420152223116532,0.8722811669954791,3,22.180065091360493,0.13
0.2076547327031171,0.6804295811208734,0.2563414638982582,0.7498425213076496,0.17829497314468257,0.8091913550722803,0.48269510460215026,0.9548747269251936,0.9,0.4390463063232394,0.9165421310939101,0,69.46784768849415,0.37
0.5454454460471966,0.2364355607575762,0.5093403826847626,0.3822192858560881,0.0838858032235813,0.6159434423984318,0.7199841475433153,0.6211831264646035,0.1,0.6928192176802265,0.08497564948236314,0,322.25806684710403,1.63
0.7241737727194286,0.6155090526300366,0.47885806775664,0.436377569729111,0.5298775601258555,0.5782983203387109,0.6895495913764201,0.8632635436375291,0.6,0.4750252016459742,0.7260591694541951,3,76.17607540656657,0.28
0.747727876184245,0.5670612467284185,0.48266135831518253,0.41886926458116247,0.3363446442846858,0.45965408044166767,0.6359095866171709,0.3142159523264475,0.6,0.4555662335646348,0.20410429344101544,3,66.33673494870486,0.28
0.378520571592309,0.5879806830908962,0.523337033198315,0.6665016594171629,0.17878286594669535,0.9661687567781331,0.1947288887962373,0.23273309540225073,0.6,0.47867051574334635,0.7791194414868503,0,60.95365454203139,0.28
0.504458397816856,0.5202822645724958,0.46254607216374927,0.6194415204600867,0.6186861004825924,0.07736830992150279,0.03404765381520658,0.0640136038053486,0.9,0.5575098288901235,0.7006897319336088,2,94.23882184919658,0.37
0.42824569685418507,0.6685667826014532,0.37987461863514005,0.580943775509531,0.12326364578576832,0.4291968621341872,0.8292606434644912,0.34197189309552734,0.5,0.37113478808558537,0.1813523586003103,4,155.0,0.9
0.6911339945048087,0.6229906250328666,0.3884344783837732,0.5884864516229251,0.4275314146474197,0.600251092835867,0.3021444256237612,0.43253787876798044,0.1,0.5540987453426869,0.8328301724195284,2,22.707905243516027,0.13
0.31384164803548553,0.23199079369849518,0.635259956804668,0.6444050133774161,0.3863116868643608,0.3418835416500199,0.3883931694820375,0.01111771041206333,0.6,0.532635741517929,0.4617888040185616,1,54.19028487365438,0.28
0.21261201640357863,0.7212872576284857,0.44524490479784307,0.6978996810894641,0.8862606681215847,0.9773467974486908,0.8624961914161383,0.005742274054241658,0.4,0.2766158272796076,0.5438561519010436,2,58.98938754551649,0.22
0.6334959891046988,0.6953594402947918,0.6583565982143877,0.7356974532727534,0.7508855466946219,0.5731001725867135,0.09417491100775033,0.9328591348795976,0.6,0.7252866626490854,0.9714037535434668,2,99.22348096019017,0.28
0.5460055507016828,0.32499236587887614,0.4142597219031432,0.6135335867404947,0.7762171292226369,0.14529628644809367,0.964041429693496,0.12619875281064008,0.4,0.6835313077592365,0.6566255875192989,1,41.808738824686976,0.22
0.2863331033416839,0.7114132848984609,0.3129034024959123,0.6817861059987858,0.4546798785092835,0.15897573265917297,0.15019079505790445,0.9678057383746101,0.1,0.4003499270406616,0.5885631450247774,2,19.52985910233945,0.13
0.4660481696612233,0.6623410816042374,0.7270626336127786,0.43218109864164866,0.5721227813923402,0.2591749176930025,0.7763993708665334,0.8752443993025074,0.6,0.36004448461868865,0.016762772363767664,4,170.0,0.98
0.5831324975048471,0.3246946818751435,0.6404321441731962,0.6509591071057091,0.9176039367877787,0.932984970966872,0.9055818297552952,0.6389323959265706,0.1,0.5291584006785365,0.19921483509393956,1,331.39883294491636,1.63
0.36238513721803783,0.21327741935887942,0.43716288847890356,0.29350029383486664,0.3424666498070571,0.9255676774388821,0.12249652800038602,0.16879981505081754,0.4,0.3220465492415475,0.026565421049937754,4,140.0,0.8200000000000001
0.6502030941478802,0.343603502909436,0.71903103590059,0.734494928592289,0.43382754049569383,0.2836649422131816,0.6157328142238714,0.9053019229646232,0.6,0.6714432407489012,0.3333124257161495,1,59.95905715767013,0.28
0.6998597582387538,0.5297879627383959,0.3470854021922538,0.6439921281581698,0.4910313263724476,0.5538705934185323,0.42313372898109247,0.7075691599759386,0.9,0.44193837603340913,0.34450835302732385,2,85.26873038550048,0.37
0.5858774596644079,0.7374425908776443,0.40748860402393117,0.2323223995422461,0.10068877984621383,0.04858988592656155,0.6413384744331628,0.5348785451541519,0.4,0.703691738469903,0.530330070391844,3,44.07578149421812,0.22
0.7491124808614205,0.6610450016913816,0.32181932856420203,0.5990953262448097,0.4073580290193777,0.333992641879172,0.05180744404312554,0.6805561624139979,0.4,0.3973645028675456,0.6897684469925173,2,40.26777814876333,0.22
0.20037959628562801,0.5067949818359694,0.3995610325508957,0.4097331726806948,0.4214675358207173,0.4452680395196167,0.8934448514118918,0.7375478825234788,0.4,0.4865500691647682,0.17934517189631316,4,140.0,0.8200000000000001
0.33448589339464174,0.3511648685983393,0.45006776512088315,0.3364797695127766,0.2194431486932915,0.6571664965217826,0.13225531850365768,0.19406386785214313,0.6,0.659287584667496,0.6016544208097424,0,58.36957976743218,0.28
0.45654197077819086,0.5175412463137505,0.5911112825688806,0.5724301078755499,0.7141492407324346,0.12589041824989755,0.2801939513709779,0.8980602679835393,0.25,0.46012286396114355,0.916976274528907,1,37.79730684101073,0.175
0.33309410020748786,0.22155427473546221,0.6579750263512218,0.6797720636305263,0.7383154782815458,0.9294595176410199,0.8818333419612034,0.3125794219753125,0.5,0.534673350421707,0.1850078561592079,4,155.0,0.9
0.7383892358532993,0.7278413564799033,0.5485977146811413,0.6918494371678681,0.6323774344810366,0.3786956781217733,0.6971043316261096,0.34845702165091297,0.75,0.6374290393696852,0.6590880302653639,2,103.53102254722157,0.32499999999999996
0.44640463062676383,0.6330346018487737,0.7254339982411948,0.6379532064642153,0.0013173718800592038,0.09393821517178547,0.7710123262227739,0.08400524477226101,0.1,0.43096943333397986,0.045589141251907384,4,95.0,0.5800000000000001
0.4286709512734902,0.4077675858867208,0.3603485148030274,0.40188493837260514,0.5994226832402424,0.8577785123591923,0.7411012368421127,0.4134387948195407,0.9,0.3425990388112953,0.5311476342911242,0,97.75505811014914,0.37
0.6513171639857117,0.5858251766702173,0.3374335487479485,0.5913443207205127,0.20860421529315298,0.9225374877418276,0.5663996817850598,0.4054200592670558,0.5,0.3179332376395616,0.7415392571057796,2,56.22805961481956,0.25
0.40866750632199567,0.5067748788701549,0.4037031000231404,0.4868961440872121,0.9420576990232783,0.21501774387191086,0.4422818724536215,0.10864570916350635,0.6,0.5736610980527309,0.034041781190143006,4,170.0,0.98
0.6013921423008997,0.6021218578412745,0.6142504186156023,0.41507133751960784,0.12488026089953819,0.3985962559968351,0.6996603559850991,0.3388939441541834,0.6,0.5492854616750773,0.33366539114253435,3,66.37171477001692,0.28
0.5797724936023447,0.33129139729589546,0.4625856312309261,0.5207088042418021,0.6895979726030022,0.8051904692523926,0.8775779146533363,0.044719504053736925,0.9,0.6335476105630076,0.8779569853919893,1,89.37174232458946,0.37
0.5775652029996141,0.7015977954648378,0.36762275009688505,0.6649072530547278,0.7737316549730915,0.14714212222401812,0.6982622932993342,0.3716624656000017,0.6,0.4662832889442223,0.22547979580003863,2,67.91397118860004,0.28
0.3711183386051319,0.5035501804694299,0.6554549160836396,0.5977322828983298,0.7077932976948618,0.21382424450799686,0.6449907189009952,0.12551408706194056,0.9,0.32143620527945166,0.7228745543956964,0,92.17249213478044,0.37
0.6745783178825313,0.6481846558840054,0.3519909940639954,0.7461151694414963,0.16974554765680694,0.6144619251645597,0.3367714916503607,0.7037780731138085,0.4,0.2059766631473222,0.6122382739274947,2,45.91534095943946,0.22
0.7153491377138901,0.43659604168105937,0.22596521162888195,0.36692317025402155,0.6851594354026874,0.6216339902550784,0.7305405412343178,0.7939352406636638,0.25,0.8597418549023003,0.1636876659594949,4,117.5,0.7
0.6598838918280348,0.7229787307243585,0.6574195748429356,0.4182087801325279,0.911423282471824,0.08051582948176017,0.5715490147784498,0.7487768336204009,0.6,0.5665846542733151,0.7417075139818313,3,72.79654206526189,0.28
0.2310950748274822,0.4846705642052474,0.4070103798747366,0.26763481294794667,0.2169414566698773,0.26362114297694594,0.2669643443354208,0.5723329714745182,0.25,0.51773037906496,0.5320809930321977,2,35.08409215303743,0.175
0.258219340514008,0.2841702860108527,0.31320302036155184,0.6145825251510095,0.36617056846565976,0.6660947401215991,0.6102396819679363,0.6571118331030485,0.1,0.5354933273426011,0.11202580072628321,4,95.0,0.5800000000000001
0.40993690877538935,0.4403159716073483,0.529109734240715,0.7280734125876089,0.2523176168092264,0.7673713758229969,0.6640355507686939,0.13064961263145092,0.25,0.32136085843455686,0.9493714032652699,0,34.968939615585775,0.175
0.6160579768951862,0.5551419376346607,0.6091076734843,0.5956108866152232,0.20017285240906635,0.3009651463064651,0.9360415078387312,0.32634986360423335,0.25,0.40106257650703003,0.49196202914353415,0,45.559591623920355,0.175
0.5796370935468522,0.47302391572492125,0.5117658940769882,0.45382030654692074,0.019879082665319237,0.1416257376588499,0.032171823650812836,0.4028392441432166,0.1,0.7189095085202247,0.7450808348030031,2,20.723566133183247,0.13
0.4172271733758489,0.34892243946593915,0.3953672606943146,0.4356912895203099,0.797153400969704,0.45043578058900335,0.8389941347931467,0.0475293213607374,0.75,0.5830422877478605,0.21770026552573551,3,77.16592788101208,0.32499999999999996
0.5186586727414673,0.4749313034616577,0.25937192485249255,0.38698551050149327,0.46972286414476394,0.7870753721294209,0.6747222176539506,0.8528255371404669,0.6,0.404978911942688,0.13718320940435214,4,170.0,0.98
0.6077187268714553,0.5706032982071102,0.3507592282371409,0.6104558895336436,0.5007565935918098,0.5617634499482246,0.5643859382791732,0.05616738895772022,0.9,0.42740130558842776,0.28078748415970567,2,87.77751741468167,0.37
0.47774574356017646,0.39172849115607344,0.6327904996138133,0.5392305111482144,0.2497707977181448,0.7552974515146977,0.41226811948928366,0.5605169822518542,0.9,0.6223012329529423,0.9467829267912032,1,95.30958306021337,0.37
0.4789976012845981,0.6252089032130297,0.49965559789330516,0.7161939381134739,0.9448686220265471,0.04627176831736124,0.44968036567381975,0.3612741328478981,0.9,0.5006434137374295,0.3018610265161712,2,106.6832557771221,0.37
0.6499306310331125,0.39700316500710836,0.4557055878004422,0.7265331877824637,0.10644942619474118,0.950794348759798,0.9614595897485434,0.3114881541894069,0.75,0.33574449634573955,0.25513915039492163,1,86.45129637539928,0.32499999999999996
0.6923624171366543,0.30515204569887133,0.3508671080528418,0.4004312856490847,0.9467166106890788,0.0351736067242856,0.980895990336202,0.8359320164086644,0.5,0.5540001622434056,0.9733705553784043,1,46.506698297298605,0.25
0.6839169698791472,0.7100795215423954,0.6412871324414297,0.3516396453331442,0.2143302208112139,0.5995471539345885,0.7982993623693029,0.319298964007779,0.1,0.5089912343936339,0.08593220209566887,4,95.0,0.5800000000000001
0.6878856436493774,0.21808461926738418,0.43254191448978496,0.4076957477824557,0.3537517920928296,0.6289727755929266,0.14709405093343786,0.1182106097224086,0.6,0.4735459050209296,0.16069038791734747,4,170.0,0.98
0.4943817832475156,0.508352306479156,0.3239724677639024,0.3125056365321659,0.24980527811942432,0.7412597453470313,0.3665992264115566,0.5073582216517943,0.5,0.4224697912142726,0.43831751488178516,2,52.47973075929494,0.25
0.6419616254856855,0.24190823881191398,0.471307324124125,0.3054055236287234,0.19545055680753265,0.1941056673495719,0.65045125923481,0.10837525186845376,0.75,0.4962670565152372,0.7876731278415507,1,62.37789228316496,0.32499999999999996
0.37576197381653775,0.3525119305446045,0.5896872242709622,0.4508113318120022,0.6678407272164062,0.4007018523489062,0.6712709136176256,0.38172947701548865,0.1,0.42772933568044086,0.8843589389432764,1,23.732677792114053,0.13
0.36469300894535706,0.6572435988891128,0.24718732770994112,0.6214983550105022,0.8460521836494983,0.055556169215654205,0.8932973118121769,0.26866117723809524,0.1,0.8054655023754052,0.7556357226827659,1,25.42096215319984,0.13
0.3365720168451638,0.7049105724447304,0.20305749695325187,0.5061648355476367,0.04254220996548164,0.5624044218821825,0.22435423038109636,0.4592031231841197,0.6,0.4705443987064282,0.9761750316028538,2,51.00918347809399,0.28
0.5422457412151767,0.5175151829557952,0.6482584107094569,0.2616902044460962,0.8023142060621036,0.7915467607481518,0.6003856162834147,0.9778719086576473,0.75,0.4537968018791085,0.016846142606958603,4,192.5,1.1
0.42855580236092133,0.6750552251609856,0.6888044086909451,0.4740894217813211,0.4637510952459968,0.03938839035481334,0.8194251498104737,0.22129387005686074,0.9,0.43277409229176944,0.6195065549914396,0,95.7041130004418,0.37
0.506881791628544,0.6201496422694454,0.6287857168642529,0.6884447147282236,0.1762388089970245,0.07000992196649158,0.32789994363863884,0.3261589670541879,0.5,0.7231196701091672,0.11634620188493383,0,363.3413652944205,1.75
0.6641215695506737,0.42793282207536193,0.5573643295594112,0.4657793918239538,0.30277153196645235,0.5931929397686775,0.7515421693281058,0.9377667186473392,0.4,0.2953480816569216,0.9103627406048701,1,53.85882311286804,0.22
0.26487880653107243,0.6519245060027845,0.5309699413352788,0.23190286209325192,0.09405007868014759,0.15038183248814696,0.5898425105245673,0.09813559387726034,0.5,0.5456106065862034,0.9353072073593923,3,44.02000052099006,0.25
0.5722775534549349,0.355705569743406,0.2380958647941744,0.5336239030760046,0.3707642846192629,0.6245522305460369,0.7805450320388616,0.2175992874580316,0.5,0.4706354599782401,0.3030282177037976,2,54.52070247027611,0.25
0.602714759771084,0.48450636187682067,0.20310655046355086,0.517285505318432,0.6679855640970118,0.6458696658472133,0.8596161262583144,0.3137474957639904,0.6,0.3223550019111956,0.8277085351829984,1,77.88468948796752,0.28
0.20363499142487798,0.7095245657134148,0.3470178367487786,0.6790536319233633,0.7500918648881766,0.7519998644414946,0.23919454199125745,0.6211578377584276,0.25,0.3980315829672915,0.6302755753872982,2,32.73086062275727,0.175
0.2066601087392788,0.2534690807706937,0.4482745675314614,0.617234058478968,0.6751620876684642,0.2744284126222738,0.4517999953646392,0.435777727256493,0.4,0.5402912358734933,0.10048878448505816,4,140.0,0.8200000000000001
0.7184089352753502,0.48660214834263643,0.3955033925166279,0.2245049969544496,0.7735095683710361,0.000691255913743638,0.5010266114566932,0.1843408135638115,0.5,0.3923567649860095,0.6027681593284442,3,45.00258620628008,0.25
0.5210402094562915,0.40902407047419354,0.7000234165712724,0.4640325725620004,0.6468419680554339,0.6803688629709497,0.5011265086935832,0.5420295417844102,0.75,0.5331045519722998,0.9760570393576685,1,83.65989398781291,0.32499999999999996
0.6209958407213767,0.6665157905181927,0.25405268642276485,0.44246546926593466,0.3150581890551687,0.3133226793003714,0.7451170598503605,0.13173136742631975,0.75,0.7171342031117746,0.3080940490057231,2,71.4484028592097,0.32499999999999996
0.6915445870567717,0.4334504140758304,0.510834852332062,0.6802071710143662,0.771503314693293,0.6550131816019255,0.8844746846554981,0.2601446921997975,0.75,0.5219641088287175,0.0011407761460023869,4,192.5,1.1
0.327926472679386,0.6920199145529049,0.4183656316542885,0.5261683307624858,0.506179051816204,0.03898951152923191,0.9125065750547853,0.6753914606791583,0.25,0.3185841731096954,0.976791677203179,0,36.19184121464634,0.175
0.38042171513621925,0.48991547956777454,0.2271071916623764,0.23589298638131986,0.6228752490714417,0.7326892009866032,0.2843288567593645,0.6038602687522343,0.4,0.39456034799094514,0.41398341745050315,2,40.14174239632206,0.22
0.42809751906567206,0.3842235578884682,0.5386854956513096,0.22085059187409345,0.8009219104052452,0.09029444470406423,0.9588168892902992,0.8918868025013179,0.5,0.46486060268565343,0.43093276784338286,1,51.953566443607826,0.25
0.29221776835529023,0.3152755417691857,0.4422704726913903,0.33575911930842406,0.9630188339062141,0.8083485090316044,0.2943110924393203,0.5815554676346544,0.9,0.4564918784922605,0.7126121170937385,1,87.84509415852868,0.37
0.2757144771942519,0.5286655205803409,0.6091295877917721,0.576897436738472,0.12016242223839868,0.7541667316660561,0.15363966599281376,0.866823934924232,0.4,0.5196365685925941,0.6043853871444242,0,39.415855862553585,0.22
0.35189905237513663,0.6699446600018302,0.5365021986850713,0.5380666855540832,0.24055695251281128,0.16041190728292753,0.07090436369097253,0.7113651280508115,0.9,0.5397263383923586,0.301986612311989,2,108.15140464756013,0.37
0.3170666484440515,0.3332170880348845,0.4611126195909576,0.3308015670723215,0.18620377690502332,0.1976678120617199,0.1696966038627783,0.3057951224684943,0.75,0.7173063535389083,0.0999778786559673,4,192.5,1.1
0.5784427550669571,0.36970498174066707,0.28355388467874204,0.28338761957540987,0.9412114341283937,0.4866216779243221,0.26087793930576675,0.17039075970445883,0.6,0.5001348047022068,0.8273625199471958,3,54.4194976088083,0.28
0.2699752782911384,0.441862543431506,0.20167201999119239,0.498304758566392,0.018901419705438016,0.36499264706834744,0.11006147422608215,0.02701199566916257,0.6,0.3563167914873111,0.48337717634640254,2,49.22946220122458,0.28
0.3640666076057527,0.5038633570281181,0.7144839773928708,0.6779761856009161,0.10297970593583294,0.31852151639240633,0.7508637014382885,0.0669862511685263,0.75,0.6450862331272231,0.6724742936467212,0,70.51313544217207,0.32499999999999996
0.5170364119661506,0.4299386719512988,0.5840994690953787,0.7077266329434868,0.6786739237565822,0.6205425288012464,0.8819902054667879,0.18398700847205907,0.6,0.6587631376929992,0.8605047001191455,1,71.93405469555164,0.28
0.46925088736675236,0.2546192482469253,0.6213485102331946,0.2057635346419113,0.7942677056789741,0.8648652170480753,0.9764841316517369,0.8085493580191582,0.6,0.5297083393995464,0.017722379285222356,3,359.9003665675833,1.78
0.6205511638023706,0.2467041321376135,0.25863911590145783,0.6299387785063394,0.1237682008191836,0.9471290101634308,0.8149920528037838,0.21232518445467696,0.4,0.4697458069663253,0.8593852769426914,2,49.20229547494632,0.22
0.579236937692473,0.5090467211351508,0.6513218559906065,0.6682526809090699,0.16519740054629517,0.9364141504003813,0.15569862610587848,0.7771033854090867,0.4,0.5785591140729607,0.751795259756768,0,60.01065052308918,0.22
0.45163174061095773,0.7479642778799955,0.39666896680150904,0.29432927164143907,0.40525925426315823,0.7238052654927587,0.09185138016664873,0.7250582877384693,0.6,0.47416808339208294,0.9468217499864638,2,61.10171717506623,0.28
0.6652870437159404,0.42856365375763167,0.6809748081757379,0.23364148946972224,0.5119113773190804,0.9003783853388477,0.18839841724395645,0.10935607797500146,0.75,0.2431739869969337,0.23359080526878373,3,60.57305279835356,0.32499999999999996
0.26107866132865293,0.22214996367317935,0.5311060281663256,0.6575252996140748,0.19622029848486577,0.07857536724937997,0.9801505408617438,0.1228566259112791,0.6,0.5711617945944502,0.32242233719791746,2,88.68260719414994,0.28
0.42146343098476946,0.24988249731906306,0.4054078550870244,0.3914253727868515,0.20085094559469385,0.8096857472763892,0.2467543957017866,0.2222933401905378,0.9,0.612332992762282,0.6614787426125196,1,82.13588746717406,0.37
0.5539095586202631,0.5586833958379837,0.2566630444882442,0.4310972276390401,0.6723097804076843,0.3987652304398289,0.8354791538003123,0.6382693456625962,0.6,0.6810610735940483,0.9257929886612333,3,72.3071282581422,0.28
0.5533829897503211,0.34237366505451916,0.42389415759066273,0.5375322124047603,0.2882147170844769,0.5979232756196964,0.8664616215478925,0.3644829605524619,0.4,0.40909120999663084,0.9926693614493907,1,49.381256510983086,0.22
0.42157888568469604,0.21697353436106234,0.3224387974862282,0.6268445029560381,0.7364707215242334,0.41583298037715377,0.5430733977784997,0.7337000277982368,0.6,0.5289222032174629,0.416737650585681,1,54.55037596379008,0.28
0.3366772433125169,0.6497412953355378,0.45679930413600317,0.46010662545850295,0.06052737130984387,0.45494952234169117,0.09521351599261951,0.7250055444720932,0.6,0.5316313560434517,0.5392296757207439,0,56.13476235114647,0.28
0.6237839184322578,0.41081143215874233,0.33116432568380405,0.25776780719458825,0.607806265185139,0.3269296603892784,0.07628151339283551,0.9258024620299178,0.9,0.5112926508698171,0.17055100761373154,4,215.0,1.2200000000000002
0.5695504318928225,0.45846839688608587,0.6451737843850698,0.45172108971586855,0.315003720547662,0.27537677739674027,0.10100497091758365,0.5773532090965804,0.25,0.5149834738634691,0.6939753672385983,1,37.213330359890406,0.175
0.4281458713131625,0.36436864624110554,0.3096853301171968,0.6567403195566556,0.2656534553896135,0.8428530822117779,0.6827667836268154,0.003914905809406677,0.25,0.5052509664901487,0.8373704228929144,0,35.84352309023959,0.175
0.2523662540207215,0.6961702478434053,0.21480003318054278,0.48723878437771473,0.5656746116660285,0.23183467681972914,0.015367120027799941,0.6193671629874459,0.25,0.5271169671051156,0.7986493124444201,0,35.204535690395346,0.175
0.23208070918309637,0.6287839167202982,0.3163230882325124,0.5112574169300945,0.20491436020542675,0.8996358099532292,0.5733807409533367,0.20918510972003623,0.1,0.5933525499027216,0.3458430447561033,0,19.584816321878556,0.13
0.7040453564250195,0.5570924145868345,0.2980759807356535,0.6381727728151954,0.9791274396872415,0.5464415666111155,0.16547217212637522,0.517242170169074,0.6,0.6534113807062042,0.9632640157139396,2,55.22175123070691,0.28
0.4428137837445921,0.20724720608851618,0.4677207335593093,0.6468665724948373,0.9593490582230992,0.42421023084221876,0.425345511894738,0.46112672222479856,0.9,0.40588870287410006,0.12034658703803136,4,215.0,1.2200000000000002
0.43647669695848723,0.6171354277639959,0.5880392364939229,0.45130177453605663,0.2801035511544888,0.16178361304365152,0.5789277033684264,0.8942001967175515,0.6,0.4790241246406391,0.4939700150961598,0,67.43803849886065,0.28
0.3778054217639961,0.599597000859186,0.40290512975610104,0.2935479087007584,0.7357297419014195,0.0961874076375514,0.400848976055428,0.0052958799055020656,0.1,0.44767940360565983,0.5545971301931053,3,17.1570589765244,0.13
0.3764746838403887,0.6822615561104266,0.35586401167556214,0.32922829416460486,0.3079403858870764,0.6693765926140859,0.2902342834910102,0.8405583190951664,0.4,0.4297641522665393,0.5365138570536546,2,45.40285843203924,0.22
0.2733810389018092,0.23034781451224823,0.7371807948097975,0.4952272549933358,0.4773842135407116,0.6691681628399424,0.8838652232814834,0.6828103086494227,0.9,0.29823270264786406,0.757890779678944,1,78.50549128424174,0.37
0.6013044533413837,0.6251353957777879,0.3937743470962599,0.6393982505886716,0.8973262042854727,0.8080653559253039,0.5670642453943905,0.2972331000174744,0.1,0.503633863090296,0.6096072324772517,2,26.75371759243489,0.13
0.7288163344310268,0.6079690176322938,0.5914532196645285,0.43772858262011105,0.2981424046513561,0.8753310898583561,0.05388422973850182,0.9414368480968239,0.6,0.5606236018319475,0.07712943329417465,4,170.0,0.98
0.6627260691948371,0.24886055631784232,0.6123260417330717,0.3990964481785715,0.3270598001921776,0.7388710598134054,0.33002975263744827,0.9533013892331607,0.5,0.48117819923668786,0.17985165343674625,4,155.0,0.9
0.5112856536887853,0.691130073443365,0.5327607579749614,0.2140698416993564,0.03647403015672579,0.35331887664031647,0.8674610470272441,0.2740565391369737,0.9,0.4994788460067315,0.5322390206551036,3,71.36784417599468,0.37
0.597432665037703,0.7109634784120016,0.5531065699208076,0.6737810426027656,0.2756194765932758,0.8987518160686162,0.8305822531725856,0.10577119529638923,0.5,0.552999459140573,0.6945476010634188,0,76.23570433213405,0.25
0.6539126654380639,0.6737107556411794,0.3892552214807512,0.4607899399097747,0.5801799098693466,0.22339518833992555,0.215138271764858,0.6154039869035625,0.5,0.6773083822472177,0.5141745322105782,2,54.16070278569003,0.25
0.6664184277663524,0.7007192162123004,0.28076282459286056,0.2998428087753162,0.12386616416501262,0.469779001002976,0.25582173426288,0.8539224725773574,0.75,0.4480354928495178,0.35550778344046474,2,65.97589904970478,0.32499999999999996
0.3907562800302139,0.623663805498647,0.6812396364918423,0.51913207777184,0.554494232368132,0.21510883126161517,0.9264656527218054,0.8228965304067517,0.75,0.35388520970653703,0.051134561745864504,4,192.5,1.1
0.26229749646627704,0.36706152648194135,0.6713626535626974,0.39115523804850827,0.26529223036591365,0.9610509078041118,0.2677389171420461,0.2926431220469764,0.5,0.48927521282392294,0.7858808993351112,0,47.86838326265442,0.25
0.25654398369916764,0.3661376563621931,0.6436884937648946,0.47141374316052825,0.3859633543047778,0.16480522045456747,0.6870161387127679,0.5573373258277937,0.75,0.7364699840316119,0.49719423989808864,0,66.22955595335095,0.32499999999999996
0.29436502655246777,0.37194780491896595,0.7244697038204835,0.43757661845424456,0.8944624815519232,0.2408752256465332,0.17023088659919938,0.3586233926795297,0.75,0.3552265667073161,0.5387891305470927,3,82.05509949960458,0.32499999999999996
0.4428795901433512,0.2841882811243173,0.36750486753785666,0.6480773731170255,0.1461086835080887,0.9461510281666101,0.7174466968694084,0.7961916546491633,0.5,0.5820139895066002,0.46895814026791616,1,59.11765060516592,0.25
0.6324094359217949,0.4395243394186765,0.6915087441864185,0.4091424043845523,0.7480436233720882,0.24281917477268689,0.14065663802023654,0.4294335830094489,0.75,0.645600545529097,0.26534541574574666,3,79.90857310038855,0.32499999999999996
0.6753812689020637,0.2173610528215865,0.3909766596263409,0.6702876629109095,0.8290191217744813,0.3305153286007685,0.00956294222831433,0.6600607021214705,0.4,0.2043760451989771,0.2763734647440481,1,40.51229767970222,0.22
0.6957202588108806,0.6160332226712104,0.5684261992926354,0.6485277002042646,0.2000630708531641,0.54283516239164,0.014880050025618874,0.5088498556215773,0.4,0.5519708085119335,0.06350078724999064,4,140.0,0.8200000000000001
0.5891570035221712,0.3398215249558481,0.4564302953821752,0.5633877488373877,0.39360848576720964,0.8804119869827003,0.72181379944403,0.03602815490289557,0.1,0.5761628335313757,0.7075990162019328,3,21.99223107761753,0.13
0.5232915164150674,0.6868036839176832,0.4606145522133056,0.2978930579127635,0.7895223966388268,0.7912274543756607,0.6634095483331148,0.9292967359036619,0.6,0.4671234897971775,0.27187287313352193,3,66.66798454488296,0.28
0.3180201205770849,0.66533110737261,0.20479652482271163,0.6780216990982586,0.8032535276661361,0.21889866460195428,0.3815458850243225,0.3499232224363732,0.25,0.41965018619387034,0.2985613481742777,2,31.442435474596657,0.175
0.23057344708219163,0.41541215744917304,0.640096925095096,0.42418845725231946,0.5049078164394036,0.9537136201976354,0.6155983684478118,0.3129390594201288,0.75,0.42663477447372383,0.9935001210028401,0,66.3112126126374,0.32499999999999996
0.6522915028797289,0.2551643589891808,0.48134822453935255,0.5203607098994552,0.9415177383854386,0.7002714728296972,0.2660805234820034,0.9065127688022294,0.9,0.45945553670266254,0.3858125558241988,1,80.92008540100616,0.37
0.6899777284804827,0.2514917734865564,0.3862303769056487,0.5626414521932612,0.34421289780276565,0.5162112755844842,0.4792228456897505,0.923630873299187,0.9,0.4627705569928521,0.5106972077540088,2,90.50575414851085,0.37
0.7389615450230429,0.6665508781768212,0.6655722839327393,0.48445039118363353,0.2656633594009844,0.3333067468663127,0.66016018333731,0.8866157029136872,0.25,0.4391429348860145,0.3864731007611816,3,47.54520486700349,0.175
0.5103645171475741,0.6722190517443587,0.6782940724412179,0.6412510110096614,0.11488409066885352,0.20988351890545454,0.9480344824842295,0.7772971044044306,0.6,0.45746360949892506,0.2901911132443754,1,104.6727912280876,0.28
0.6502142013515166,0.6837964224504852,0.2625800621005614,0.36095165729773404,0.346069767487883,0.3576348080796282,0.46953387066633545,0.6737994997526939,0.75,0.6497177749381514,0.005850738246765408,4,192.5,1.1
0.7368624436744842,0.4996268879801974,0.29705512302293063,0.47668059825973996,0.561041104651366,0.7761199524984544,0.0541667917801415,0.8190407425151698,0.5,0.34852348324095767,0.854886347775255,2,46.377168209444335,0.25
0.5551812964169753,0.6555220911657116,0.6466971993129074,0.2270828213328292,0.058051351752465674,0.8809739250217695,0.04325443534749884,0.12783243137880262,0.5,0.28157436561433846,0.4731536754400616,0,67.07344295759385,0.25
0.4494387428348246,0.21131298090285447,0.688485868016438,0.2956483415352437,0.18018437181704794,0.2230507821396488,0.40176207259025354,0.6554820068772782,0.5,0.6517205374524654,0.719890303709417,3,55.32586414171796,0.25
0.5436810823422011,0.5138401042042202,0.5440411890535761,0.5098791425572744,0.892603381907778,0.5245028101364752,0.5324897408472081,0.3193050979496842,0.4,0.4765551334399332,0.9586566916295705,3,55.59583822344362,0.22
0.5935737725516342,0.5443604813127416,0.24966513572394786,0.40172237305409214,0.8006804243058488,0.11048622811819742,0.3011031806581871,0.09698141373914315,0.6,0.4519841243347696,0.0028313399537372996,4,170.0,0.98
0.5006263897640586,0.37885858424399743,0.6181819866437862,0.37484374328024556,0.21418081882621387,0.5865979115557839,0.12596038798091225,0.10061779526352166,0.9,0.4866734112322755,0.6750396068442571,3,83.49127065409932,0.37
0.6557762958666717,0.2807035465398161,0.6231659107422312,0.3009059924318539,0.8259108114395968,0.11829912809413734,0.6080533499121532,0.3520111828941702,0.25,0.5268073225900589,0.11864070403393867,4,117.5,0.7
0.49040840422668935,0.3762884051301575,0.5505339397873719,0.31700722541287857,0.8963671217762462,0.7075500368082185,0.05943023151306037,0.8954681105093145,0.1,0.43497616765514774,0.4579650576825216,2,22.015763943734935,0.13
0.6374753533435409,0.5154711265015421,0.7265002347509708,0.5914736809036871,0.4138988945360358,0.29822744898409836,0.6727820215628657,0.7179739212327281,0.1,0.5639559400086864,0.846782080891449,1,24.79271420253467,0.13
0.5340675467267881,0.6560372797454878,0.3208254122689772,0.5480083534754516,0.30325077687086066,0.35165654599704543,0.15633050950669047,0.5934435648091743,0.6,0.38010105306957676,0.07149584898446826,4,170.0,0.98
0.41472211727716846,0.6090850385305411,0.21345817522019622,0.4352416530898028,0.9569090533316218,0.41662446234339334,0.9962061815944345,0.17641460449583923,0.25,0.4628043495005675,0.9896134848786343,3,34.779579412420034,0.175
0.5584360460081056,0.45335163504318815,0.33088437764256307,0.4553920884236898,0.7960994590417848,0.9281082536142568,0.6880543526632508,0.10932628931086574,0.5,0.22326476322710465,0.5808358281183631,2,57.68356570955438,0.25
0.6673594890192394,0.3137614595139727,0.40194468999630384,0.7446845368250703,0.3265413538384552,0.0856658131772916,0.6017481209158007,0.9981488091589312,0.9,0.6473942598312896,0.3949934589171552,1,76.8598527074409,0.37
0.7020494428897472,0.21868258816966063,0.49168258218110794,0.23597716476633596,0.37475461323525905,0.1629450425262613,0.26864019466702516,0.5708019692101889,0.1,0.47854997913952996,0.019510265335404342,4,95.0,0.5800000000000001
0.7081477080117411,0.442849701976767,0.4301403521604009,0.35012031751162087,0.5689617868342696,0.22982083293630606,0.750704740537825,0.08801229149336043,0.25,0.5845145364127313,0.5868230781613851,3,30.55451395189687,0.175
0.5128504392156846,0.279749297646366,0.639425250294551,0.47016568966562106,0.6230402827640222,0.42569894895038185,0.12717501984324675,0.6343847520956541,0.25,0.5602797602519599,0.49489046400750536,1,33.74055235033326,0.175
0.5115545902227883,0.6624426112099864,0.30183182563672195,0.29635069033816364,0.6730494181949296,0.4400202956311914,0.7979928194654149,0.5093165844104856,0.5,0.569451155079532,0.21531700217248884,3,53.16881083830603,0.25
0.4314409200784154,0.6323705326570304,0.23220005443608038,0.6373436121443101,0.28575445209854233,0.9536012779381571,0.9440440377498708,0.09562139471834497,0.6,0.499626908283633,0.4904475335875007,2,63.23333851228015,0.28
0.20703409521264254,0.7497126877158367,0.3826629426410957,0.4641221814336544,0.1381343329238678,0.5957646936930576,0.7980993792046939,0.9484657602736191,0.75,0.551190054235739,0.9658698775644909,0,59.36282506980453,0.32499999999999996
0.6316279924277237,0.5920280889763796,0.6887074723861556,0.7177291552766032,0.17536207927614678,0.2755278807961583,0.05410028705441505,0.9890471668808795,0.1,0.6354801351122515,0.8462303108531916,0,26.203666660947093,0.13
0.3040478070315016,0.4147199154241761,0.5777493455793152,0.22476335148672807,0.7809150792110731,0.48071412919002743,0.5755653553024455,0.5621744113330919,0.4,0.6313393265199099,0.8171313982161558,3,44.23119011300522,0.22
0.5943196983986139,0.20268589200068626,0.7027486619471437,0.5949931973578817,0.2543607531431503,0.1853906942934196,0.29697571662213196,0.2471535497961499,0.75,0.5267165849975438,0.7256322903000096,1,59.81376704902499,0.32499999999999996
0.5110245448557404,0.4358955347656739,0.7434136227005264,0.6050814533477098,0.557528089864361,0.30820280583985693,0.7289447916156762,0.5679397328570356,0.1,0.5477243518067851,0.6460792421452668,3,31.179934645243,0.13
0.6440111266326407,0.6539617446291387,0.21203121330829092,0.2300764117842429,0.5322637654140473,0.9512937670892465,0.32240953538032124,0.6352698632399278,0.9,0.6394424006018066,0.8868620911123618,2,71.9450041429993,0.37
0.30910074214606414,0.5603696778478858,0.5431720579096777,0.3788399551419673,5.0627027428640226e-05,0.7369236472772692,0.5025439290167611,0.20838495728445972,0.25,0.36144908709398355,0.6134097726630633,0,28.09312216004424,0.175
0.7351493197459529,0.25120865317046864,0.6271960675243671,0.46448241582688393,0.0015105564286171935,0.7069439640037537,0.6627007035505739,0.665407116479567,0.75,0.8134396610610727,0.07528840092519162,1,370.68486640035326,1.825
0.4303588099848905,0.21406074625719418,0.6002898028911215,0.624366530921836,0.43745482312046113,0.6392973257699487,0.5713347901060603,0.23889504461126865,0.75,0.43641201218317965,0.5825635189933015,1,67.30307111212069,0.32499999999999996
0.3754266232337735,0.48432957882771516,0.5335431677791743,0.40220488357499096,0.5187680414684286,0.5145927946188952,0.8236228882333737,0.43348902267073597,0.5,0.45665093925097217,0.1028351515867747,0,357.80884315927466,1.75
0.5385701033876489,0.43876988267921124,0.682938420522471,0.5951822746798379,0.436085435766277,0.9844044712748163,0.8944638728589331,0.24228599004374174,0.75,0.34884002809640846,0.9493010701224266,1,91.58357889300338,0.32499999999999996
0.2607749907289625,0.6397817510123104,0.3856280972672549,0.7145626321176048,0.9102930946686671,0.13796665634603278,0.8533910587400004,0.1833233767300173,0.9,0.35256549942432924,0.6466689761012863,0,84.52896023433503,0.37
0.5318542038779295,0.21516787835243806,0.6038994878055829,0.2719039029340755,0.42560334889836404,0.9839216312683395,0.09704893655223035,0.8397878199680053,0.75,0.6225742362543606,0.5556462834133568,1,72.53974342692652,0.32499999999999996
0.6824971156265033,0.7215816691565713,0.5823907191661382,0.4930800271937692,0.4947339495276596,0.11099136577511037,0.9524913791050028,0.5492313681392259,0.6,0.7848860650981441,0.19782113273308777,4,170.0,0.98
0.531134654308139,0.4358703441577628,0.24597053010802458,0.7108639243588741,0.8806410219243355,0.8691069419867508,0.01463458294069786,0.2648407035658359,0.4,0.42956782996784365,0.5157670498747804,2,36.743680993187105,0.22
0.3810525941149433,0.37206627553522165,0.305228626708053,0.7458245368589542,0.3369215796131525,0.5348640455415051,0.07186600984108071,0.3889668983296899,0.4,0.5440933910598124,0.3425310038293422,2,39.86443813443602,0.22
0.7184104405041605,0.3921878034195669,0.34300295951970017,0.6429532413252981,0.8146381236230967,0.17319111500726658,0.7012764745763828,0.46032940938727374,0.9,0.5281710121357275,0.6753861680086409,1,86.63389340106441,0.37
0.43243552760787674,0.7322834275484786,0.6956692012851344,0.617698238243106,0.07070511889648479,0.17737406562895475,0.1410307317338546,0.6197178463187532,0.25,0.6258564512095461,0.6044097974593572,0,33.08450641265054,0.175
0.2494583595629018,0.5861702551055252,0.7429899127734816,0.4053108931410717,0.08732439888282173,0.8230467807774929,0.806659130936897,0.08006199712078244,0.4,0.7784396191302568,0.49930709000705864,0,37.95728822133755,0.22
0.6848629516771229,0.4244780116404063,0.7342282003901599,0.5594752543731563,0.8881971977301835,0.9591608256761988,0.043468098181245085,0.9503295681368317,0.5,0.6910648394289255,0.25274100144435085,1,67.82623923389177,0.25
0.25307526560258603,0.4634751563370428,0.22735081436874477,0.4172916480273595,0.2794621693896858,0.6647619408031905,0.17481574623696672,0.8174558496046032,0.4,0.4707144383876963,0.5257431304011215,2,38.50720491148563,0.22
0.7034596677775946,0.3277112069647494,0.722812277944948,0.2549576745493273,0.841913341560424,0.9783414051964953,0.9925334621708327,0.07585770777602807,0.4,0.5668156468741496,0.4616968857452247,3,37.98197811441307,0.22
0.5656463508907943,0.7311270558827758,0.559784465553288,0.6944521745654058,0.6579636012780745,0.2730461771522924,0.1255777856311452,0.14879541871509805,0.6,0.5792492854124651,0.8512658774623256,2,80.03210238591798,0.28
0.7450667610551889,0.5530138898233553,0.6302451160098339,0.2175918565788554,0.9364372389284052,0.6836492383453451,0.05046095096904113,0.9842300781460926,0.4,0.4980847467877186,0.894337341362785,1,64.99885823495258,0.22
0.4350207081854743,0.3585459444277017,0.6533019336984363,0.5726679069197183,0.8078122363607148,0.30917930565072504,0.47086669360570055,0.7265759792020422,0.9,0.36336175145101,0.7592491541084093,1,84.79080438555748,0.37
0.537927822309104,0.7123572783004046,0.2488772927947933,0.7246126997180149,0.6760320858394464,0.46308089881423575,0.5123899006990669,0.043207680416432526,0.25,0.40057366872649264,0.3196399566123109,0,47.19253203530388,0.175
0.25542058894307157,0.39085965078538465,0.5466505156384504,0.38781191212711186,0.5006332444869486,0.34024689172403644,0.28505120047495636,0.269622424768186,0.4,0.6443782749061511,0.03808951041815367,4,140.0,0.8200000000000001
0.5753949530619011,0.6264802405575616,0.6556782064677367,0.29863903549719995,0.6489468973564484,0.42925762072131857,0.4258024084279245,0.15918699135147873,0.75,0.657295926203542,0.9253359592438786,3,65.85528010477432,0.32499999999999996
0.30014218290386563,0.2287727153609003,0.46996851139875445,0.27564349036529123,0.961863568243617,0.2239262024505514,0.40610920660078464,0.19020476417973897,0.5,0.4746079305892071,0.9920122516586692,1,45.774758629089966,0.25
0.37522834526291127,0.6622388756058135,0.721762418494726,0.6521417710408564,0.7031428523891479,0.4361287464608543,0.41364993901810154,0.8750948853890671,0.6,0.5332913211180351,0.12702076232250803,0,368.5646861115253,1.78
0.20035661073935054,0.5124133327363247,0.29166307126181584,0.4066608011637168,0.7594798497934533,0.5198750528891809,0.46859040404113705,0.9599013977970557,0.6,0.6505282322806192,0.6856160237832024,0,58.908921330070555,0.28
0.4353554192798465,0.7186174167966208,0.5485563025398433,0.3472102785890967,0.9564621646912369,0.7047708679098876,0.7601479264864329,0.8990929081538158,0.4,0.28718314725589034,0.42514653548972037,0,59.76744420979196,0.22
0.5535371623483918,0.7235260126546574,0.2325375182506477,0.6487932173134434,0.9643087558707376,0.08227476627082331,0.9973388324705817,0.7030222149693987,0.75,0.44470601691897815,0.14852040483907947,4,192.5,1.1
0.31929365564277656,0.2842093736351764,0.6943768052703976,0.20101720134884352,0.5927448541916276,0.4131671253268977,0.33638989368603744,0.8042102085239773,0.25,0.7532889988223013,0.998101310965567,1,33.660714051925034,0.175
0.6075971572050909,0.24797562543916346,0.539897412272339,0.5414932957648126,0.6544350565466125,0.20070516882149403,0.609911037134006,0.14116610172146538,0.75,0.5380814767738089,0.9332288544617742,3,93.90473619120134,0.32499999999999996
0.674526827220304,0.6524335734762517,0.5768403886973209,0.4093011747315126,0.4968748265061286,0.5834576378346484,0.6356840707440323,0.1452621897234352,0.1,0.3591942620656661,0.9826088762827137,3,20.643483283593426,0.13
0.2915231608761636,0.5496256093546066,0.4733333892893519,0.2428682442547631,0.09559852865077034,0.25870816597535784,0.6070298321546135,0.9316828139709228,0.6,0.5152873022283001,0.14389625437014508,4,170.0,0.98
0.7255590397578691,0.3729307359514968,0.20117742074576794,0.695929667110593,0.7791235309003536,0.7457105251724274,0.3302323445577159,0.11170737977515854,0.1,0.6285101026954569,0.4919245253229946,2,21.212697326174197,0.13
0.5173779839288666,0.6031833704526746,0.28396643216246165,0.42253312071432303,0.891939406120252,0.5008535050166287,0.10051084620425199,0.5349687301171792,0.9,0.18171043998017467,0.8957741633213641,3,95.95107810830582,0.37
0.5547836763975607,0.33803058948974735,0.5858244198512867,0.3284882074706317,0.6754102426652563,0.31990002960233843,0.00924893168363583,0.6216069621477621,0.6,0.5226760317623682,0.6751584457790407,1,60.117815088613135,0.28
0.31502030492693006,0.20639355764321057,0.3550487099443187,0.3357052356164001,0.040095518429485,0.43279329087118723,0.8247752281268471,0.9988476323424802,0.1,0.4539649041246045,0.4346018032915837,1,22.792251443314782,0.13
0.6203961061741916,0.5133404483923565,0.2978034660526311,0.5124701090218605,0.3703029139841675,0.020126926500197095,0.49290310193877207,0.27627539743199225,0.1,0.2949810153981361,0.5166942408795777,1,20.576026707756807,0.13
0.323993974816124,0.43402625402980743,0.6885144339457505,0.5955909207340715,0.8927750135891924,0.711503150327694,0.4043232688059525,0.7620282309181695,0.25,0.5108599595763781,0.038601604701056225,4,117.5,0.7
0.5581050091856727,0.3548158971271764,0.26851991569311817,0.6141219413649639,0.3412058689229325,0.5217635851137898,0.9227852797991704,0.20015726623702945,0.9,0.4835098328396077,0.6115171768142922,2,85.36088404403203,0.37
0.5123397115012844,0.5425180934033305,0.7363123256585331,0.3915765060919625,0.3130580019067061,0.8855934125269594,0.46187836031041174,0.3178888286735788,0.6,0.4975838933434189,0.859715516700262,3,64.07609306127758,0.28
0.6404111410622846,0.5074262624797264,0.3293929702598184,0.22908858259262546,0.03729867018394051,0.41895303758690106,0.5006011113688091,0.4063328673210873,0.25,0.45698958599337364,0.0027936265412819017,4,117.5,0.7
0.5388059905939284,0.36368887500766534,0.5825130905644811,0.5853999389561211,0.2774592337705588,0.3691301735538661,0.6424447985537197,0.8912797199630025,0.25,0.3727033756261633,0.15996467764772404,4,117.5,0.7
0.4505032573006302,0.4950184142617789,0.5446007717173492,0.45773271909004104,0.6496758225775019,0.6461624359737661,0.8168748619808778,0.16514277773326635,0.1,0.3184225881049644,0.5179901220053216,3,21.697686913740448,0.13
0.6825538332719896,0.2417640163873688,0.7388999876869211,0.21839800127455472,0.30109762945813845,0.05059098297487097,0.3496377968732406,0.9988237822665057,0.25,0.4141087972689135,0.5609643260208658,1,27.24449754253314,0.175
0.31445299574301133,0.5895693200598984,0.246728142637886,0.34419501423265075,0.3293123953655759,0.8597729960259071,0.08577771393043243,0.4597123633359994,0.75,0.6082006401110268,0.343352345166426,2,61.06948931174102,0.32499999999999996
0.28468717347688255,0.5979643600989171,0.5184133652205798,0.2354632364856345,0.3514628653816366,0.2015828632314156,0.372506257056864,0.6512781114139471,0.6,0.5297868806258418,0.027934479994540795,0,357.21163550073624,1.78
0.45307382947088387,0.31467661040882505,0.732234228890321,0.25935487101997856,0.4903080748890929,0.8443340312084617,0.9049466068483374,0.4818928311694448,0.4,0.49193835484107273,0.7436000955498389,3,44.23187796611368,0.22
0.5289303464502194,0.46501597971575,0.5179464733491095,0.7260710678883808,0.9817263141511197,0.07202076353658393,0.2763392213362481,0.4167112704085759,0.1,0.3703953999511079,0.24292511824514296,1,20.42638499996214,0.13
0.38770503279906743,0.6118215052660934,0.44610656244653246,0.5634188880990445,0.5827015103583273,0.5459297413132106,0.5679767637820737,0.8962507226086311,0.4,0.4537770189188572,0.6445773019008013,0,51.404518068286315,0.22
0.40111165046751773,0.3249172128887736,0.2459889976576346,0.2559631882264828,0.277565191953306,0.8168537455886287,0.5580005541276593,0.49049048292269126,0.4,0.5929113218723597,0.5591467410776473,3,44.23774768087689,0.22
0.7276866753199343,0.6336511408211372,0.334727587484054,0.49103098026060465,0.29941342562546913,0.3040688027600028,0.38847987144488705,0.7635104880996915,0.1,0.563812260947883,0.4308380824599254,1,28.209225217726672,0.13
0.5928279983925371,0.393895846101371,0.4419934319878815,0.5951100557649885,0.47673288759227106,0.15383368525624996,0.7598631773427998,0.6633799879158684,0.6,0.44084326465608953,0.590289503278365,1,61.803948764722755,0.28
0.32509987311422356,0.4894893971566619,0.3155484944274278,0.2016926805585393,0.949238768401167,0.5294141016195433,0.6544221424578042,0.47933027276121143,0.6,0.17358717802940749,0.6950387439706619,2,63.64704878479634,0.28
0.5796450545607522,0.5889956727916834,0.7476474842283061,0.2995584944171398,0.6807802082779644,0.4361170632001834,0.1378564787358244,0.9866832362991309,0.9,0.4160926541209071,0.572244317945962,3,89.0454419565393,0.37
0.6067691787861571,0.7213820833994509,0.5545191852461082,0.7297273082585469,0.7203637027958554,0.6086258252298514,0.48142075018551944,0.7114290021886652,0.4,0.44015507091782713,0.5575254321026822,2,62.11662287478632,0.22
0.7469425419027813,0.6408934209743467,0.7496072497882322,0.5442034526192688,0.12677492213518093,0.32611339814169416,0.12469935076288585,0.12602509609820411,0.25,0.38700805524863324,0.43607774685708667,1,49.70030858359176,0.175
0.4733806309375226,0.7046999399036205,0.6570257127886918,0.2605616403390546,0.021347544877200808,0.7558934151415505,0.2273086246251792,0.8320077190696871,0.75,0.44886057009932234,0.43003452247211527,0,81.5291397775098,0.32499999999999996
0.36649745573932074,0.3433548162364921,0.6703939126577398,0.32828494486874205,0.9044345141637322,0.16856605965189264,0.708864042335941,0.4603057284900609,0.4,0.6028532743115333,0.4909659850294138,1,42.98634011765952,0.22
0.36722462486075225,0.48533375986265614,0.24186571769256826,0.7286763034508548,0.9189611574060509,0.4844171938016525,0.378873886442777,0.29456511903016,0.6,0.4959301438790192,0.45207791215603976,0,71.19460615580839,0.28
0.47008452709474824,0.3047385482160827,0.34895140580305783,0.6389460608979389,0.9036214402281574,0.2261793034085282,0.8277147916094866,0.1941874475779376,0.75,0.6245355111040123,0.4390245843070142,1,67.32923371560256,0.32499999999999996
0.5487035640981324,0.4555443133228675,0.38238075206340827,0.6953763996548734,0.6433968542534914,0.4510656397241962,0.10460867501667936,0.12593300431705234,0.9,0.3117143664522122,0.2103700712104135,2,84.42955367963391,0.37
0.6249104971606988,0.5949616205424241,0.4453002775394782,0.7396380829178968,0.28150914991566967,0.7666516849540702,0.7289400022656518,0.20512025140736734,0.4,0.46239888523507167,0.7248379210555691,2,56.989643583356944,0.22
0.5905386632324684,0.4329935987426624,0.7283036240523013,0.6926487480920593,0.47620219456689983,0.09698696267699525,0.7159462861832028,0.7933020350174008,0.6,0.2577861200533439,0.1329524689095044,4,170.0,0.98
0.6069808564493835,0.621847866891045,0.4329951248316478,0.479042776996595,0.893512000037027,0.8857459663901738,0.33789230714600593,0.2545338334400228,0.1,0.44718233335076113,0.908710422668323,3,23.415724510252545,0.13
0.3053510364702636,0.5274679350436167,0.4034541015974896,0.3910910790636942,0.8965893747463688,0.14600697481950986,0.059344071692626676,0.3142429780247745,0.75,0.36965791025251366,0.6248462107721586,2,73.75204664097825,0.32499999999999996
0.7215255106259364,0.29063088825119854,0.6564854712514507,0.3548077140544518,0.7603000439146628,0.6941997921554635,0.9870552790268564,0.3595335711079356,0.1,0.6610457752371278,0.04890067912327478,3,323.14263124958546,1.63
0.21576059596101405,0.22225469390585512,0.4360476209222294,0.44995349838166054,0.2758473148568794,0.3782076092449266,0.7822562614304541,0.2142999511211381,0.6,0.5519068788098325,0.6589986997482541,0,52.39133463062261,0.28
0.3761381206443917,0.5678287830604014,0.4669385281710124,0.2407621864821363,0.9477479842464528,0.512549332529695,0.7831449957744697,0.8272618244839166,0.25,0.6276828527514376,0.3615142615058172,3,38.87280703373942,0.175
0.3914391572023016,0.2560795036174472,0.2346036316396331,0.31456864374859317,0.47881511733775006,0.7413713804025869,0.36469432393546086,0.8109280142732043,0.5,0.4468354224808374,0.9297648443806453,2,48.133229883298405,0.25
0.5853165036388619,0.5828009051491503,0.6737640199069588,0.6160306108697235,0.8239030086174305,0.5662058194384189,0.21814781587303733,0.9702231751803647,0.1,0.372906172222931,0.936075486489708,2,28.598546352909995,0.13
0.49452262799363034,0.37193664840509355,0.2031963223422629,0.5559256147082869,0.9469798701752478,0.6198205445793368,0.9838810007810211,0.5027962963912317,0.6,0.36891838777101243,0.8459283818528465,2,62.40864364450878,0.28
0.3593422531881658,0.3375550559503549,0.7361540474258137,0.2958321058234381,0.3754843749260325,0.4605030157696628,0.04590701818551002,0.5491218481913619,0.5,0.5338402943187531,0.5678489019739521,3,53.73972441377173,0.25
0.21783910691716832,0.722164717355664,0.36830369713103894,0.4163810278413578,0.6662324405631974,0.10951997373064903,0.2555975716961697,0.721184109850814,0.6,0.7272784814050025,0.9191776913052113,2,61.32513910353993,0.28
0.24451419716888195,0.42223586794932655,0.7347217099227026,0.581710844810942,0.7935901783588653,0.9858670493444452,0.25322368589075106,0.841439471664581,0.4,0.5522412659977609,0.6498081890728588,0,48.37688489524962,0.22
0.46060366465825986,0.36910940530679415,0.40132417760457306,0.5361754824781092,0.17210296511416656,0.13087839539864243,0.7292035811756206,0.445872371441154,0.1,0.4536702272934169,0.8751290554711104,1,19.888480321404792,0.13
0.33994753443292036,0.2835711390223601,0.5829257706690065,0.6782083774153671,0.793923498347001,0.2825647953343958,0.21319387709969861,0.5487987438230502,0.6,0.4769617277514159,0.16005319927114237,4,170.0,0.98
0.6958463996314475,0.6627801925329057,0.4918298249349556,0.6338570329522463,0.11531047467093081,0.2787492139914963,0.16623701145828862,0.32004729377244145,0.6,0.49668100950735755,0.9041803134312038,2,71.52889701609035,0.28
0.7094956524720626,0.21284942428392384,0.4266540197395056,0.3122690137636072,0.7654987058515481,0.12074233720784622,0.6118689191713708,0.5847660704832264,0.6,0.7543873716499379,0.6615906945654674,1,49.923284023655576,0.28
0.7482228319834878,0.7112613052982459,0.6412022730917928,0.3627338928193911,0.5381306291672862,0.48424760347356155,0.6638606041882662,0.8518106554557561,0.25,0.655079511097041,0.30327392313872303,3,42.39219954468482,0.175
0.7236562454998219,0.21608774203417935,0.3034218385846666,0.5392805648270096,0.16203663834884097,0.8141313223715929,0.06147564434405195,0.48212444984270586,0.75,0.5331540254446554,0.9978135271809002,2,64.7567250631803,0.32499999999999996
0.6361536916320696,0.6859969692135637,0.36527973588569235,0.41494253058826314,0.5114655208908595,0.19758583161416254,0.0896731053565375,0.07491097546197312,0.5,0.5143418109835275,0.6868839673544731,2,50.7325266238573,0.25
0.45015507107456054,0.2148356001936532,0.6751830891786562,0.38587162846239986,0.03723398504328801,0.5735930241189825,0.15547461055460587,0.8087047494299412,0.25,0.5380871963316032,0.9084160580207288,0,33.292192205764145,0.175
0.3096031495654509,0.42505838470497415,0.5908098561944636,0.6790035686665961,0.8989527210333922,0.2924081602001163,0.16446642997870864,0.40961187562008283,0.1,0.5624963826099229,0.005585520977017477,4,95.0,0.5800000000000001
0.31845705641859245,0.2949371318694677,0.7190806323011889,0.5029911605399623,0.8815702012845593,0.39981918334123223,0.10833629601362293,0.9846680927625059,0.4,0.4488577938766297,0.5523384095491858,3,65.01075437664662,0.22
0.4011746104455579,0.3096257002852676,0.7473863022091414,0.5955513579003533,0.4996754712192716,0.3423714711909117,0.8936207898442049,0.9274034938726929,0.1,0.39490062430749034,0.712532623572703,1,22.378020116793124,0.13
0.31983691949744086,0.2501926946549341,0.3096052891825352,0.33625843214916795,0.49680446650865606,0.30671639379340787,0.4826338195621567,0.21928195117018712,0.75,0.6298606152106244,0.013736889118711404,4,192.5,1.1
0.2610971070938816,0.3263082538925552,0.264228837713112,0.4077524354876094,0.47823809793893135,0.22943110567610459,0.6222027610785109,0.75988918106968,0.1,0.5033533929875428,0.7625592251228497,1,20.863258567735592,0.13
0.4674073925434131,0.45040673491950495,0.6560655375919856,0.3396974624840913,0.9694277882755549,0.8425704693043837,0.08613484480655365,0.21152287994165886,0.1,0.6194052700404931,0.6514481931676469,1,31.73619399708503,0.13
0.6879016031385905,0.6994675501908412,0.7278898416020043,0.29954077863668666,0.5316918578787055,0.257590994188999,0.01436520708330058,0.7547909499110205,0.25,0.7067412006726057,0.2747596535926964,3,39.16729995535938,0.175
0.3351631304294542,0.543107752546574,0.2774903982627989,0.24709173168503348,0.3577720075875708,0.06610003241986184,0.5088364165226363,0.9772087131483904,0.4,0.5657946979337889,0.6889449463477486,2,45.3138392741357,0.22
0.24053346661729627,0.533382299066437,0.6425729781054926,0.34238711446255377,0.678538626422761,0.15876611324267864,0.5142955859296973,0.9017224548934856,0.1,0.5454999147089248,0.13090103899694383,4,95.0,0.5800000000000001
0.7134436379191837,0.635564529344478,0.2426032229507892,0.42401672068864815,0.054243666952088376,0.6378932007649366,0.7212729897808976,0.7040116993145091,0.6,0.9013517486112962,0.8240371987688065,2,60.428452727636675,0.28
0.23740817631884234,0.7033567867864223,0.608541179459955,0.5775998216950944,0.1501704185470848,0.9072785317152614,0.3222713327130726,0.05174202339100509,0.1,0.5265247427905959,0.866225117258504,3,22.61324656626307,0.13
0.5754860156378092,0.356850376042659,0.7134465353603898,0.7075271620212171,0.08322093448254864,0.45757738179969853,0.03998200207904712,0.7795525177682635,0.75,0.36403663096939126,0.48547693027849725,1,75.17046617805069,0.32499999999999996
0.606718845155827,0.4579116138894862,0.22591365193489338,0.21557124257536964,0.865823505970318,0.013373175021304862,0.8100135033272438,0.9812064690993978,0.5,0.4653841075628473,0.5074421679483215,2,54.44634116866816,0.25
0.42112989847649335,0.3899336918620899,0.6800940533693962,0.3676802466831468,0.5183421704228265,0.30977492581795596,0.00993800001827383,0.23104898077634883,0.5,0.5550946954769899,0.29960793152933296,3,53.00269345579598,0.25
0.4215675065199155,0.3649539630444818,0.5611920184359995,0.6478200821113704,0.6056901775793923,0.11230658633195623,0.6554187066117123,0.8196720888220118,0.25,0.4918920624455572,0.13988672024277682,1,331.36821112004225,1.675
0.2903847048192777,0.3401083837423775,0.2572592396908093,0.2881011763647907,0.3181783407362515,0.08198553945496423,0.13969879042621847,0.35790893253490497,0.4,0.4764474146323818,0.6852655459207373,2,39.02277744694943,0.22
0.4237848934506434,0.6267319593400265,0.4978898642329032,0.22930195283793986,0.8134342527584275,0.6342787197127552,0.867887648096185,0.9944271126311246,0.9,0.64781541773041,0.512321730993041,3,83.30503264447404,0.37
0.5437977123261881,0.6374172928885761,0.4164072908671097,0.3347569307546916,0.2025662028991594,0.6948214362367935,0.46651670006293666,0.49347806094682034,0.1,0.6285540414581009,0.9393395728478708,0,23.998543299910125,0.13
0.6201657505083983,0.21314843142850903,0.6485750634286536,0.64234276984931,0.32558140356080445,0.34251221499941054,0.6762819483977675,0.6208029171960167,0.9,0.6777693226543214,0.3661807610806491,1,72.3276308560245,0.37
0.6883922618818142,0.24921396734299356,0.2592671650475437,0.680014053159929,0.31850357062743295,0.11858091881908583,0.5782412873082025,0.7393963449648854,0.6,0.5472588121843178,0.040749093500493494,4,170.0,0.98
0.4613945219392094,0.41578617907597576,0.5153114608217012,0.23222068858604203,0.5586217902145098,0.0036506734566412735,0.2823155124738027,0.7785793396350118,0.75,0.669988266507901,0.7616590631951334,3,70.52085012999063,0.32499999999999996
0.5540438934428444,0.719795734474169,0.5716459417918786,0.45549431177005095,0.7425482052767383,0.010410252541492748,0.4702962327601784,0.43731817265034,0.25,0.4484965583293056,0.5795006496757173,3,39.51637390761158,0.175
0.7284845437363188,0.5786840276468774,0.2313282396405366,0.5685255924972223,0.652281376290942,0.12498004006499774,0.62141523288227,0.9469180201610508,0.9,0.4754488904441637,0.8274353052444139,2,77.86377203477913,0.37
0.23283272451411843,0.36897643553448245,0.5386259142214946,0.3185888089027749,0.37174953461524995,0.3373564176597581,0.028273514371877972,0.05739505895543151,0.25,0.6502573616472608,0.42613857207360817,3,29.205209282248948,0.175
0.22100405152686453,0.5398745288289378,0.35722150558565613,0.49313032338655904,0.9315724469297185,0.9755018465386892,0.0056417004365867385,0.9006796863431648,0.5,0.6062182526890451,0.7381811613564506,2,48.97827272288622,0.25
0.3436300683975416,0.5775358658108467,0.6926357651378372,0.2476106415376031,0.1739600306808209,0.5613587186564296,0.6781409235287493,0.35905871056057914,0.1,0.4642288829779244,0.17106570614946814,4,95.0,0.5800000000000001
0.6324752770001172,0.285852280316192,0.3811753829486212,0.3965509127037263,0.5289880917707172,0.6275421881553053,0.19392629938479378,0.9942566215856822,0.9,0.3695826773512856,0.999526554831841,1,82.42530629804122,0.37
0.3134704939600435,0.24137888747467062,0.6226675641445472,0.6364951466003016,0.203881835585486,0.010338464686618698,0.944284592104748,0.4291277008641431,0.6,0.47505913684208384,0.17364697486910896,4,170.0,0.98
0.7482583097079132,0.71403233694743,0.4390533328616524,0.2733634079979753,0.3986197189264785,0.2756713184663234,0.025831926791167636,0.26456819338015114,0.25,0.41483779579203506,0.829800627658866,3,31.171069727528145,0.175
0.20588500441073887,0.49233464617343264,0.6733115259580664,0.34734705676928623,0.3933003425659819,0.5203292488667223,0.45764422012198236,0.8790362077040228,0.6,0.7165519375969303,0.21243816896272616,0,53.67740905244233,0.28
0.30941775239343805,0.4414243544739523,0.6914430405237288,0.44842060747374457,0.9113298619301491,0.31715492181571503,0.9595545938754595,0.8649341721203545,0.25,0.5957768613656866,0.7825079845941679,1,37.13567150515483,0.175
0.5974920982987431,0.45438941559608137,0.4051273847936193,0.4425016299728784,0.9276348165347496,0.7063308823877971,0.19827184332554149,0.19522779265777446,0.5,0.4046877733422579,0.861252417027473,2,54.99988176481399,0.25
0.6226202929703587,0.6149233307329054,0.43746699823847024,0.34718958398576605,0.9086515630839432,0.5070454599344433,0.8904673071537378,0.720547879189317,0.5,0.369741372193,0.876640906209768,2,67.79884665813576,0.25
0.2765198714960599,0.20075333190637745,0.26229167069030934,0.29056039585554394,0.21251230433506763,0.38475982006295373,0.9678252150225083,0.01958276144350435,0.9,0.4031361455951474,0.47571844691317644,1,72.07441587634207,0.37
0.5794657850395988,0.6498537323108158,0.6053201164271649,0.5977780219612955,0.7145838630927439,0.978779697075206,0.10414694592362794,0.27199285494687864,0.4,0.43062158425211383,0.42881297311662603,2,62.23618285467906,0.22
0.7468763380982655,0.7294287566265449,0.34786595732108017,0.2798054122515962,0.547013120681191,0.8437649277466992,0.5065118698377282,0.05959604699457166,0.1,0.47972550624221333,0.8337911301307364,2,25.264813441173594,0.13
0.28431403086462853,0.6925836688912055,0.2562907663756813,0.38707929288478127,0.12718432333115348,0.3759433688325644,0.32254067376054896,0.21967863117921138,0.5,0.6401699359451443,0.5794892229508141,0,46.83928660412827,0.25
0.4916905906315899,0.5373977770257532,0.5276529507981811,0.6325242471769588,0.8401287361857906,0.026881683748735674,0.8293442477770777,0.9216801736457632,0.9,0.3795683051969363,0.6212768314885283,1,107.67902239935277,0.37
0.5144312949485219,0.6680755966322851,0.24654662323970164,0.6724309994580793,0.6301110245510642,0.6253503985877641,0.14901771298548183,0.5683177382108319,0.75,0.7873084177480516,0.2360671212086215,2,62.006095790789814,0.32499999999999996
0.524501738427352,0.32261291121769275,0.7377587537838266,0.7168538505508564,0.3751743939380624,0.22904976152019574,0.5833295558555314,0.0011904670623462676,0.1,0.38247561598872415,0.44615701420260667,1,20.817050381501293,0.13
0.6651492019205414,0.7013778745874093,0.41017794657491863,0.3252926798472742,0.2764127915421585,0.6560420242884377,0.4550406105073418,0.14564054050444886,0.1,0.32415228112118694,0.369448888066787,2,25.302742169109326,0.13
0.30059712391257754,0.6805679826810045,0.6546472418955978,0.7395161108342156,0.0013181117499577732,0.2704393140699658,0.5490593059551276,0.5345455651136255,0.75,0.7120189526005668,0.6653215590880341,0,63.636937521750774,0.32499999999999996
0.6665386557997535,0.5478012526595697,0.27825496297935254,0.2906661460948267,0.13107189937191988,0.613697143016687,0.998924378225075,0.5848669062611033,0.75,0.6660551306702736,0.19648328001919602,4,192.5,1.1
0.4605347397380067,0.6222875421294012,0.29530146459776374,0.7035346293608689,0.5276381757092544,0.6226331235929163,0.8796708902607329,0.9459993446956352,0.5,0.47776593133202083,0.40575192672228866,0,64.25675968927533,0.25
0.5760849017677707,0.37176999974553077,0.6871677756883027,0.5292467024995174,0.04103351575265879,0.2049938029151538,0.11576406400596428,0.7723537857026399,0.1,0.5483530256477261,0.8487320589981576,1,21.03377560774799,0.13
0.6032371651138195,0.4119932134405567,0.41645279662233015,0.2069396637648087,0.045562858951945895,0.9026349469911306,0.020555364903130813,0.6025468129491236,0.25,0.5515133101097718,0.5464456770885323,2,31.729048330899182,0.175
0.4958461125152552,0.6184382432086268,0.732853482472632,0.6907247601895308,0.2755761939802671,0.4705635249410609,0.44188591400488253,0.7488932707239829,0.75,0.5177204452811004,0.8960439773248119,0,88.51569357104044,0.32499999999999996
0.24784510024401524,0.7392860661962448,0.2822143789504678,0.22261286411564568,0.49664210105991824,0.42122083012655087,0.7302771025843543,0.9258069193048556,0.1,0.33824865839573964,0.23252744395668068,0,24.097198395569578,0.13
0.611911409507524,0.6982375476810332,0.7223805983138543,0.6537368592714167,0.7939224015235666,0.736717031502554,0.4877220811356515,0.9002157982813312,0.25,0.18979570114960154,0.4399033365982695,3,59.60294996619004,0.175
0.31269841864125925,0.2847016029719261,0.23243266266429907,0.5200829939417677,0.4863134574216883,0.9302857853155366,0.80292226242161,0.15026023561012958,0.5,0.39481957416550617,0.5004162231951051,0,53.6688361250309,0.25
0.46797164688967263,0.26010598464000434,0.45565491526935964,0.512027974793968,0.04699217272735212,0.7408556868660656,0.6858391616003384,0.6020888795819757,0.75,0.7280289458083139,0.40056740730618634,1,71.79576991458445,0.32499999999999996
0.5976250539307741,0.4278086635183814,0.3750938458931419,0.5661235589847714,0.9762392800173462,0.545403047771961,0.347899867101363,0.5649658508225792,0.75,0.7329451743654704,0.6844935623475303,1,83.7185636919231,0.32499999999999996
0.57632300367505,0.34873570616840033,0.21090269523041968,0.7201298133583858,0.028411752505456245,0.5792642345702999,0.9024302050410231,0.004330068518140329,0.6,0.467812007749762,0.14871981159347036,2,361.5545781137691,1.78
0.6154075235525447,0.3106073839548447,0.5111161080466258,0.5272211418718382,0.8453038121781166,0.8019288940991132,0.10610312979608527,0.8468304931217174,0.5,0.38063931507736615,0.5194003901718577,1,58.29273928660285,0.25
0.2692937475976236,0.30541139803675704,0.7261885840550835,0.47940597301149374,0.7635452657334095,0.49104645755984544,0.24521393839977312,0.2881004158478522,0.4,0.5354283929811268,0.13877235047600922,1,346.1597196035785,1.72
0.30529322066641185,0.6386661147517048,0.45881531639341006,0.5511266457999816,0.6122749254719903,0.24630399937549663,0.3253556756739683,0.9308384311503073,0.1,0.5555721196725976,0.6291974887875548,2,24.119325356855548,0.13
0.3636258435012184,0.2318472540409543,0.29071932296022435,0.7351702967302918,0.7293286165062528,0.736074049716981,0.9559364221216793,0.005794019803126438,0.25,0.5758258377013882,0.830248133274467,2,41.96253503614106,0.175
0.5429736397055185,0.6570968592159231,0.21183575685810058,0.621004375634902,0.2444858433726511,0.6579739629603952,0.43827153393714136,0.11280494813237074,0.25,0.18415286464165825,0.019997046693564058,4,117.5,0.7
0.4667236365980251,0.5659193322791586,0.39701277218742614,0.5414778547503898,0.7812336860716613,0.04707253407992673,0.5438511121894881,0.5624643315425171,0.1,0.8960313299264544,0.45693622170393444,1,22.224684373144036,0.13
0.2195908722832669,0.22507379189519097,0.6393600254478313,0.2684558972902421,0.6359613196106538,0.315626302721813,0.023600941231812222,0.8889832860806823,0.75,0.6424149959682268,0.4927035918102952,1,63.12609894802684,0.32499999999999996
0.2076911640223751,0.7018510693001594,0.34604246950894557,0.5203101898130411,0.9292047948284559,0.4819887269040657,0.020640353481528262,0.580871160223449,0.4,0.4758230737359037,0.7202542106531372,2,40.892631060764266,0.22
0.6614043337961777,0.6102488936839858,0.22564530144601333,0.5085217854723638,0.3159298516629212,0.18248557683369682,0.16895265638120538,0.17925544033316754,0.5,0.4106290775444218,0.07471993197503579,4,155.0,0.9
0.49798882690249185,0.3925440980157542,0.6144596397525934,0.7302031118865357,0.33084100057931176,0.28062021569267404,0.8364248324531895,0.49531470739002426,0.25,0.6242361785078666,0.406020781270096,1,34.786928638598695,0.175
0.2809526596647527,0.2798732020593992,0.6041048107034781,0.44992902559145304,0.4276474924650482,0.14583355711446833,0.8758907931211639,0.05482220579378905,0.6,0.5626365028436648,0.7854812311725559,1,53.84683347162622,0.28
0.6373704118188439,0.2775926853058889,0.22192164927821556,0.5838637411684027,0.2395313588744803,0.6214722757353176,0.7023124280103686,0.801156574819147,0.1,0.5121397905436611,0.5321445615108743,1,26.243387254502686,0.13
0.7470910791247607,0.2521390156626353,0.6753858391977585,0.41190935742537815,0.4102913014701073,0.34674008664141776,0.2885516179629274,0.5680946710777264,0.6,0.5579956583267924,0.7498461881132613,1,55.31550842647683,0.28
0.20923424991120895,0.48051198613416596,0.35336981391865097,0.5813717278360993,0.34863561514536223,0.32809424067593307,0.016890853435396536,0.9483159875416077,0.75,0.48648526277427506,0.3640097802716581,2,68.24632509618377,0.32499999999999996
0.3583068423393006,0.4649350678881754,0.3103108882393041,0.6554559669239582,0.06059424432054006,0.2708715183109395,0.9214196273406962,0.7353481952623454,0.4,0.5509238933345691,0.9200876818858551,0,42.076458091976775,0.22
0.7089873040274595,0.4218346648190551,0.4468840179123904,0.7404760202663425,0.57813980418744,0.6608139131953729,0.0970600528127955,0.8086473436552222,0.25,0.5915595522064898,0.07734525821951488,4,117.5,0.7
0.2781635121985649,0.6447407330245214,0.5120032332176327,0.6844039314973034,0.25010676178260305,0.9562139778788705,0.23137460379401875,0.6253644162318255,0.75,0.5435925334811428,0.0911644058027975,4,192.5,1.1
0.36083569965480156,0.36288688142118886,0.37920097143047393,0.20914709527762548,0.5453244920121695,0.14310309396866872,0.3629271678168121,0.7812927547389327,0.25,0.5370313608409131,0.5284859049090463,1,31.766296239643985,0.175
0.2934410944929321,0.7470226526159038,0.3369217155811629,0.2109544037683515,0.21258807399910806,0.962857314841953,0.29548363864760685,0.6267216594800857,0.25,0.6750218244892081,0.47082384903565255,2,33.28372399701794,0.175
0.3531971727211726,0.4246145923915227,0.5012830036053111,0.23771131092598455,0.618867039589865,0.4707782421651653,0.6553604641657592,0.7435769438267714,0.4,0.30060250186261384,0.6384675274649015,3,47.39043332868228,0.22
0.6347359058376214,0.6540256975083818,0.3172383183794358,0.6391300035292382,0.6190029713408884,0.5599946193339791,0.6066274080727636,0.40195592040195993,0.9,0.4006856125649053,0.22905613473921804,2,85.00820654908115,0.37
0.39878479909269116,0.43271059783544896,0.7150135398727091,0.6905474150280095,0.07087316713155012,0.15969837918278196,0.6067040430396946,0.9271738924174422,0.5,0.5039266684847107,0.2260282909768756,1,56.464693100600016,0.25
0.406310892254769,0.4684606681474315,0.3575880834181459,0.483488842091764,0.025740548571182242,0.5440351970621957,0.2520614330091897,0.5617399054845131,0.25,0.40920276814369577,0.7491095677697037,3,42.626931049512805,0.175
0.5750493465592188,0.25096723350159733,0.7059126193966294,0.595380682479574,0.7496573577337017,0.7354531321695928,0.7248857978181339,0.778923465939437,0.5,0.45100733680248556,0.29176520070467316,1,54.40817398253901,0.25
0.2532139757388647,0.6779439455883634,0.6090255764335577,0.3722197492580118,0.07261068682095762,0.5095778339179522,0.2617784853721482,0.921270561002413,0.4,0.6618583553949395,0.7272917351600022,0,37.87059347092227,0.22
0.4867881985638329,0.6730718625543163,0.7324690926996533,0.35459256777119785,0.7828792220194712,0.10754484735838976,0.24324612903017995,0.4552202554981446,0.6,0.4819456768347234,0.6407069850795798,1,103.37645816629424,0.28
0.5578070002800286,0.6731358081960184,0.7434917668636198,0.23889516875547168,0.9629086218064256,0.10967318412105187,0.5679723685421296,0.3412875131745584,0.5,0.2715372376706526,0.08332715332917362,4,155.0,0.9
0.47699208120145564,0.6805161690117152,0.20173696836474053,0.4404793707829937,0.6463403417325573,0.6487067270227045,0.24059148668401853,0.7858094003060662,0.6,0.4475875371974793,0.711129639736074,2,51.19046985782766,0.28
0.5213092982657981,0.4895696697061379,0.6030249774838365,0.23603714782468954,0.09126247133480792,0.818138871087333,0.21196685857949404,0.5895792984916527,0.5,0.5078778359200675,0.8795153746059255,0,63.594726936902624,0.25
0.6319791979722138,0.3557437948734159,0.6533261625881757,0.43071835972859246,0.34730972690277007,0.6097798266218947,0.2674178482743774,0.5689636719505107,0.5,0.5055707312415281,0.8166462573476223,1,57.95113544907599,0.25
0.22360522549164802,0.7301531211192598,0.6293021097733758,0.3912988177552922,0.008198260213564179,0.374454457617202,0.8263893790621891,0.46300658650550774,0.5,0.5702305144268635,0.008861865889775111,4,155.0,0.9
0.34851505252009973,0.5239300506475298,0.7430120315531512,0.3595917532988613,0.49926109898996573,0.621576837913993,0.43420959883398236,0.8670767277238136,0.4,0.5600060167186285,0.5397139061386238,0,48.18801410385785,0.22
0.721549114210384,0.381712915790224,0.58725377089179,0.4099538967856219,0.4033246698481886,0.9425524342432506,0.8769380233242583,0.42108778265898517,0.9,0.4832160711455448,0.9133372117734216,3,92.58154373630883,0.37
0.24677872320475683,0.7149041510873089,0.2901603970941278,0.7195803073986793,0.3658008745986372,0.6766280189001683,0.7553067486740624,0.18586157732458808,0.25,0.351201928171668,0.5987256741991663,0,32.082401997509635,0.175
0.25681875426087025,0.34682109472607436,0.7065079242820056,0.5621974745991652,0.24104520318648237,0.14625251664849293,0.7606918781883185,0.7144018649790849,0.75,0.44535883845859964,0.29032607065310156,0,64.07443251045113,0.32499999999999996
0.30421588971293256,0.5256513213004048,0.2992151644195547,0.680943137218688,0.1890538143183762,0.536874786154343,0.7642393592033998,0.9470286627433728,0.6,0.42261326603264576,0.19454464199979737,4,170.0,0.98
0.2274057340361874,0.49137773377762417,0.23491016420620442,0.5822625130871939,0.1785226541310314,0.30432977988968923,0.3483397836390738,0.6249773591332093,0.5,0.4648984126966461,0.684947529354962,2,47.90099810682667,0.25
0.7146884793565171,0.6570865473194094,0.40445030383394937,0.33029769801386755,0.13641885020898714,0.1934290692513928,0.7804368373919862,0.5420536658560705,0.4,0.5871523360968587,0.771253934712873,3,47.99482059699473,0.22
0.2665651208127857,0.6804931930603932,0.24461002097607684,0.5458560553677717,0.1603862315284582,0.38843274800822536,0.1344941953317328,0.3626900012368419,0.5,0.5512044584288543,0.9125847649174004,0,46.49198259404526,0.25
0.40199710822318885,0.7476780751040304,0.47985282243508975,0.5018350223368762,0.40019929521163566,0.11211041162539626,0.05983342618604204,0.8816018902575307,0.75,0.6037869016907758,0.9057165835331052,0,78.71171628496018,0.32499999999999996
0.7048388317581682,0.7333002967879525,0.5210000536019967,0.6379001411082925,0.8876480896402189,0.002578875212649878,0.6412040964241364,0.09367900753897984,0.25,0.45250369492421477,0.339280166115716,2,45.714097769534604,0.175
0.5491217120096457,0.4350702551964903,0.23152344650108328,0.5947591304479809,0.8101416455313178,0.8795623921537515,0.6166151553702259,0.6131554572029421,0.6,0.6894854175299502,0.603876931505784,2,58.2875035972896,0.28
0.5851445247983571,0.2641862686787989,0.3265378812260012,0.6026705027810881,0.37148150905372423,0.24946896936286167,0.4992708291532464,0.13371722347655401,0.75,0.5848569548807305,0.10151918585899378,4,192.5,1.1
0.2823415876769969,0.5800142689380052,0.5948874551626826,0.39433912076695943,0.6722248948609137,0.4700868953797185,0.17760150603093072,0.5883142527892828,0.6,0.5146552139123413,0.09446255016379745,4,170.0,0.98
0.3420000173786849,0.40517167610698723,0.3975581417660917,0.5338608931375204,0.795327836585729,0.5887994616671309,0.5296614116565442,0.84771747813081,0.25,0.5761548125182022,0.07146856680054658,2,338.6938114273357,1.675
0.6091165648453749,0.6739639491677001,0.21649575620116274,0.5996033565531533,0.010755385000829953,0.6167476278346294,0.40969218319456746,0.1935661486576693,0.5,0.41597835048013815,0.9271442460879121,0,74.11901675398092,0.25
0.3728023100590382,0.6612531058907596,0.24164432785755618,0.5031459805951866,0.9795778500860997,0.40381382914718933,0.33526281244222256,0.16900843974064672,0.25,0.2365313789623137,0.15243242622749353,2,331.5119731168116,1.675
0.5017704743647073,0.3795813041963756,0.733668628544351,0.25880773314277816,0.9977659512454841,0.8560513560296767,0.06997241867495119,0.5657538761271833,0.9,0.4246269111405113,0.48232619848862857,3,79.19929991502414,0.37
0.27501847844420724,0.5543427790035513,0.4828645735540093,0.34545692070362577,0.14740121087546587,0.715781415012947,0.484083429260437,0.11038896419927591,0.4,0.5942010664174128,0.43307236479440725,0,39.797928181308016,0.22
0.36734948805159306,0.2863628197898506,0.6772702764015304,0.5132353802268297,0.5570388912642898,0.9106756511028123,0.34119468233315253,0.05080561476197898,0.4,0.5106456722373268,0.32477110962665445,1,51.68558040561395,0.22
0.3346590168846074,0.41638141674013857,0.6986767798676858,0.6877626389091847,0.9452071112646443,0.14179918800945057,0.47505200088123367,0.5446771278482843,0.9,0.4834654729409391,0.5377306523514364,1,89.23214055302405,0.37
0.23800868011226428,0.5597550760538367,0.28413414403334813,0.3159858510515414,0.23708746318125673,0.177418032038139,0.11313888061485966,0.06995528235397341,0.4,0.39442963678248877,0.002790890473588603,4,140.0,0.8200000000000001
0.675314175735529,0.692354674611777,0.24548055374167171,0.6806578312132816,0.5081265476803448,0.8420207768343164,0.1267587713666013,0.7006190284454984,0.25,0.25568187104889034,0.3801493383195974,2,28.468217669936433,0.175
0.6006714540637736,0.6266406997966845,0.6354984302051958,0.47897829945589754,0.4126207704235999,0.03522423897058613,0.5359723100047215,0.2520082661331764,0.9,0.6790272143783087,0.47934406046965405,3,100.1488874293104,0.37
0.7207992036435109,0.3101977821893274,0.47773080913464866,0.37520391893862254,0.6052540930405024,0.3493230108388712,0.666452318262959,0.918503362931029,0.6,0.47456693473410216,0.8033043862053005,1,58.73057225130632,0.28
0.6523371835413792,0.24548539167082759,0.4385231678083474,0.6254127109349312,0.24454456208145914,0.9398404689876976,0.2043088602503319,0.07069488222336306,0.6,0.44681161007473624,0.7009634293016453,1,63.85826861621706,0.28
0.37178750135675676,0.33226195634874683,0.3444020351371929,0.5924745590735999,0.19270098738807973,0.8149166995155483,0.6775562452645418,0.9708341532614312,0.1,0.4164935455323392,0.8497618040179573,0,20.849605103991976,0.13
0.35773047171135697,0.421475950004639,0.5001174480915478,0.7174180434206805,0.7098273104249307,0.41263126503663394,0.8924309741328762,0.9581285182084599,0.5,0.6576984604115029,0.3762982352651212,0,59.57187812152699,0.25
0.6368911579378109,0.3019049153232095,0.6856963278939396,0.664622088251862,0.7916549209601059,0.556639585835101,0.8257657813055628,0.17904470733428157,0.5,0.6109679545832444,0.14090552779738852,4,155.0,0.9
0.6098734857551779,0.48429828612456965,0.23839822539152117,0.5913278827640414,0.9003500229293864,0.999558982486536,0.6651401664553453,0.19588903958000847,0.25,0.37947782084805787,0.40105646393305305,2,36.38987937937611,0.175
0.7296827986587542,0.3178801767314977,0.2961154496357348,0.7193855018874917,0.9068349509589009,0.33985935177353543,0.9776973550861962,0.9363564992829547,0.25,0.6286186424638741,0.4169031665543206,1,33.423116393187584,0.175
0.7224576966456171,0.28208026993645363,0.6231990738531595,0.43635837730217375,0.267923212216742,0.3406027198236815,0.8121675460170514,0.19561008226472643,0.6,0.4011631685736073,0.12279385027416034,4,170.0,0.98
0.47071864380270695,0.4742784805519804,0.732604358615089,0.30156361283754873,0.7319515640715224,0.12915114700852326,0.205605526745966,0.5005058095886677,0.75,0.43556672944423513,0.3018496052983596,3,71.19894785937328,0.32499999999999996
0.62518505438905,0.2031207595977846,0.5457355587998431,0.5589728871844828,0.745881726816423,0.7394286435511823,0.6089222722467452,0.2721126738959059,0.5,0.4201256281331317,0.4442737205850066,1,52.46381173136221,0.25
0.6145384151978783,0.709279299543369,0.6146093081106017,0.6026791922117298,0.4153778641434195,0.24621426658416035,0.27701742504079685,0.32322402069856615,0.5,0.4569967955738951,0.8635621386302259,0,81.08797407433846,0.25
0.3395831339765363,0.7460618400443138,0.4576248460081592,0.4295975562535727,0.5988477110335224,0.2075948885511658,0.04256951918409757,0.6924546517991628,0.5,0.668342555382337,0.8979799023390764,2,56.73209964780909,0.25
0.47603266530240146,0.41673105066452587,0.526500664174275,0.39229352438176457,0.021806400605820286,0.9707848178590684,0.35028551024667065,0.0065813723191826545,0.6,0.287582462512396,0.9535801020075854,3,59.46465825968289,0.28
0.3319696669195278,0.7103971959876567,0.7103056639839467,0.4729349770293788,0.8845853114145206,0.5998045333368279,0.8173922948410067,0.43502471563596545,0.75,0.35105428103618613,0.10026369712668037,4,192.5,1.1
0.7291810391693669,0.4286444379143966,0.4130583776566402,0.704298374642796,0.3541818830139334,0.6551894430479303,0.40600087489112846,0.5562085980209214,0.6,0.32958263091253587,0.2962108112688876,3,119.79674784630194,0.28
0.5481043516627456,0.6193845534982854,0.4270091073602117,0.42385091546180836,0.27782287811474393,0.33264540673077503,0.08219076322172136,0.7813719867183654,0.25,0.6761280412720868,0.46291291875334795,2,33.04821691132817,0.175
0.24581703768295526,0.7317091365375754,0.32537743176315836,0.4718468849986621,0.34885082697389713,0.9749991454311245,0.2597588241187918,0.47505268026952574,0.25,0.4236622303994592,0.6417438243900523,0,31.806989912475743,0.175
0.2630356495153388,0.5558244873449015,0.4149814976362719,0.6222140307508353,0.30553220053839114,0.6939253749156737,0.8083659196204206,0.4870107305178776,0.6,0.45969281969446124,0.7027984895994934,0,55.2905151706162,0.28
0.49060825996838076,0.2712136233517157,0.2059072797272203,0.31684677526516747,0.36692755740621197,0.7447513190638463,0.19145504406402525,0.599466338212132,0.6,0.29840767201410506,0.7860162886189165,2,50.650789293437285,0.28
0.5983905721512506,0.655682770180475,0.38773426961278795,0.49475878917807,0.7336244602729196,0.2692696113790727,0.6556993401140194,0.7352261450869261,0.4,0.4677432501257694,0.49587381006015385,2,52.50104528042575,0.22
0.3320073097522058,0.6842437825059784,0.7308639302500501,0.614117013049817,0.1174166294840725,0.3239074843391698,0.40630604793418834,0.7759573970598979,0.75,0.6091109782555857,0.5565842666268949,0,67.89958830056393,0.32499999999999996
0.2488876963255071,0.44041521934040545,0.7447781249624872,0.32616165612229564,0.56750513291254,0.4495614731369105,0.31877244867089605,0.004061367224883705,0.4,0.5322772039428907,0.9605706890515447,3,39.74162980862914,0.22
0.5687594185965135,0.7162099147852112,0.625261863544863,0.5348730856153534,0.020220090963587012,0.24044622573625862,0.11669060583509261,0.11958659702777541,0.4,0.48709330048302507,0.24002827978969588,3,54.79281574303812,0.22
0.47868783739255943,0.7108478992853684,0.4171033519092325,0.6956979499365042,0.6027396240664463,0.6054553232201946,0.044772109437343,0.5939352518004133,0.5,0.3046374582242115,0.8037597428841746,2,53.560831531545865,0.25
0.43707911095416396,0.6160997630673555,0.7036426445971122,0.5028535997455208,0.14581859403370157,0.3772257348072394,0.9896838596675823,0.5220053632204489,0.25,0.45953272660437716,0.7118180343574544,0,34.392885849675594,0.175
0.3704339165838419,0.22804269581227088,0.6450929799276264,0.5421054563813794,0.034188013362345115,0.34765820167920825,0.6708981588367661,0.22459788463509,0.6,0.51899803500213,0.14008983672810615,4,170.0,0.98
0.3446751063040227,0.6825764092388744,0.7061665200766909,0.6879413437320818,0.9644492369585763,0.42529369789091553,0.021087306742710532,0.5405661646129588,0.9,0.3763991094946283,0.9264916927181045,0,93.13496775318687,0.37
0.530834844095901,0.7371198839431115,0.6811430971609724,0.2573432227201127,0.676189624352537,0.45599117705173564,0.9281708397738662,0.9019321674656063,0.9,0.5826094933563895,0.8553561561264484,3,84.12224898000248,0.37
0.7396082867776395,0.501843504968418,0.7060197469568845,0.618187789157975,0.13896007315275782,0.07994816734445687,0.3123089974307902,0.6081326622676865,0.5,0.6114335086939923,0.7795046528967262,1,61.384255224464916,0.25
0.5561616714454802,0.37966980991099997,0.2148665129713838,0.35220493884314596,0.6015953143153395,0.2716430997250232,0.9511005467770005,0.30733171671553405,0.25,0.43440044699436714,0.1267735837535593,4,117.5,0.7
0.5772011775804775,0.6747131987793691,0.20129062841351378,0.31438557558275226,0.8041994361011563,0.8319801805847017,0.09843501892734252,0.23255291218085195,0.5,0.5914931005413817,0.13967053109285044,4,155.0,0.9
0.5701872434711478,0.3559993073762235,0.27793656972948855,0.2450648540229378,0.21519150795024367,0.9196513167747996,0.3511049239389352,0.8364713333915073,0.1,0.4868584347895371,0.6831984581985744,2,22.19117326460553,0.13
0.5508334482535058,0.5271728993655896,0.6722374646823182,0.3731607169848956,0.47801800217727497,0.4572190441940204,0.9034213575932442,0.44090140719442705,0.6,0.6442512127082178,0.10727001517909873,3,364.47267865097854,1.78
0.27519524008455404,0.6395352987796015,0.7435022586687832,0.3982142473400203,0.7448519172309263,0.42437750179036715,0.1018697365763126,0.05309479449744814,0.5,0.7553275751484144,0.11331560590282908,4,155.0,0.9
0.6759422878319616,0.6194000089184744,0.7013719121173116,0.4334048621195112,0.2082401769786979,0.7222680362271039,0.3736497201004947,0.4541075813875254,0.1,0.3636460943044554,0.4002794669541091,0,28.552953082876037,0.13
0.25571582765310336,0.2650959135007108,0.6197591312519233,0.6748325117241024,0.10187639851754826,0.6230375997880595,0.8034482104019519,0.6246832440043619,0.5,0.59695945834203,0.005377888775621842,0,345.11746700439386,1.75
0.4513592075153781,0.23276398908043028,0.23668832219788433,0.529230192534333,0.9846140818253062,0.01634139151247116,0.01566982725052124,0.5000056031150403,0.75,0.6640150823092666,0.7214834028159948,2,59.36307871043754,0.32499999999999996
0.7052433926182335,0.4197709325382541,0.5578408983595358,0.49810427292622433,0.26640805887705676,0.6865104053510038,0.7932101535531324,0.10243590878299969,0.25,0.37904693635834413,0.5402069931748266,3,36.442110298751,0.175
0.6893668144486339,0.6578131864032295,0.30964170809317204,0.5726487042078452,0.9173382027462357,0.029922937806101113,0.6884039277944968,0.38450076625728913,0.4,0.42858098539123696,0.07817414921465082,4,140.0,0.8200000000000001
0.6661267521952461,0.7116371599968965,0.5244599272888721,0.2967511793382842,0.6674392128098823,0.09763632161089653,0.9370803194387888,0.9374083398400184,0.9,0.4271713964079346,0.5435827484623426,3,88.04985665019305,0.37
0.5070276462464451,0.5662004564120929,0.34986898383603715,0.7351508151691295,0.5194008141761117,0.5095845340651446,0.6348081878137043,0.5800689505475377,0.6,0.4839730400992305,0.054087872876927956,4,170.0,0.98
0.3261294382194407,0.7012438869520712,0.4338494166385535,0.20030479065809717,0.5435465668275113,0.5891911488859332,0.8586301721786694,0.6110667795807843,0.75,0.45597464982162195,0.0706961059982324,0,373.8018677378134,1.825
0.49880899034248827,0.5455572262545407,0.6781498442645637,0.49730978115864494,0.19583435479674471,0.9139120403792083,0.21596061858284576,0.16516169479102483,0.5,0.47577036840271203,0.485466190151454,0,62.81869738282596,0.25
0.25177116018400236,0.7097474576184528,0.5109451350090104,0.3493421555846985,0.9970578290638613,0.21341669445302824,0.10009335865940738,0.5620072108693006,0.5,0.6055378777453443,0.49982325051564513,3,56.852760275173296,0.25
0.6943722390686717,0.2665024098018689,0.2536155614573489,0.49425500159032,0.8271937436749931,0.06075071986330216,0.4901041752182733,0.06850234045698911,0.5,0.2631971507427847,0.33899477289320334,2,50.846365988340956,0.25
0.5436863252934153,0.4810275420653103,0.7109456259118379,0.3445514590993537,0.42869111788928294,0.343960128770325,0.13712941813305646,0.9310210234302159,0.5,0.37864457753019415,0.6217714583118317,1,63.33151514829543,0.25
0.744629291731834,0.21064213394529308,0.265193697063084,0.30212196831507665,0.6348869794523638,0.8430563005782071,0.9059445291815099,0.9301853309884875,0.25,0.5844924948286832,0.38735840265479105,1,38.48150098027617,0.175
0.24376664987998967,0.441019826535958,0.6759546966416659,0.6514176297840718,0.7481146163693787,0.3069483152341973,0.8289326188553535,0.5201829114820699,0.1,0.5698221183107822,0.5869605790129874,1,23.549085811893832,0.13
0.6096162708261894,0.20407517106450174,0.6761383147159254,0.4180745005753682,0.2716539218267705,0.38577380999391975,0.3012235307731086,0.4662040400030274,0.75,0.3680444159423653,0.34978493739963423,1,62.90160926657099,0.32499999999999996
0.6024007649881334,0.5998052764550508,0.29763656497019486,0.4834671661713793,0.7813351381209122,0.48486734184253344,0.26785857809098146,0.08740307467903075,0.5,0.5706894033863755,0.7149669646589756,3,59.71067991441333,0.25
0.7093995274203408,0.344676746545034,0.5932653164008442,0.7269280716116289,0.8557560871295988,0.4173686067763447,0.4419225453746177,0.7637215702325718,0.5,0.6667578141122663,0.5792861174595676,1,54.40964080826647,0.25
0.3983471465961659,0.4131985199804087,0.4489093800647155,0.6449715829181941,0.8497264958648096,0.5111449079746705,0.6323678338085871,0.23915670053898352,0.6,0.4944612442846495,0.16004354684222755,1,368.7917890500351,1.78
0.4416065969548886,0.46743527580405647,0.3222746193736525,0.7435897859437048,0.9350679455660263,0.5679212680617419,0.7196048904951929,0.11421305435257079,0.4,0.37437845459440233,0.6862688551777198,2,50.30455145331415,0.22
0.6907947846834441,0.5301398721656516,0.7283080393029553,0.577848771711059,0.6369209523577165,0.36894978240353316,0.45006297517849003,0.6821620323424028,0.9,0.6101669444093217,0.7839359225334585,1,111.30742972012817,0.37
0.7275080978855395,0.2888447267067964,0.3240015737966945,0.6868503550011168,0.7963275432084448,0.34936523833503175,0.8732368522346308,0.21899030419169507,0.5,0.7163693527672236,0.06587406795608264,4,155.0,0.9
0.43093091539464135,0.40413673725641247,0.614884446011206,0.5466791130931479,0.5628982332626181,0.1512654803347392,0.289249772394387,0.8954114693972594,0.5,0.3896334815212318,0.6099605953006095,1,54.224916667048866,0.25
0.3892393798719835,0.41882332315399984,0.4246110670650848,0.26948223043797437,0.011556776074954644,0.9156111886454469,0.32840203391386014,0.6957954198770839,0.5,0.5055159504015508,0.7904296560130725,0,51.105918633999465,0.25
0.32625466120859814,0.49564165488137707,0.6300049337531748,0.4304765564360715,0.09171829443416779,0.6412714623366417,0.9094612797651885,0.555201925399983,0.25,0.6371155855098762,0.11465289777860344,0,329.9287784676027,1.675
0.41084403977227757,0.5577838844417845,0.28648962513411713,0.40941267842940676,0.36212149828347584,0.7935776200961938,0.7127254243715928,0.11769256092193647,0.25,0.5150464216635583,0.9016524197350311,3,32.930759805070245,0.175
0.31447492990834663,0.5584054288803532,0.2618002082038426,0.4463025507813436,0.6657015368766365,0.6646558460848796,0.7519211673596979,0.3163068651402565,0.25,0.28179502376445303,0.414798786252756,3,37.320108819941346,0.175
0.5279001314008247,0.6585214935830321,0.5985032020343577,0.7185747165576246,0.401277981640796,0.9600380565358119,0.5734569207777928,0.5085049770981446,0.25,0.5561276843044078,0.7378398210987182,0,42.49661831422978,0.175
0.57393312398912,0.39205429919509893,0.32744813538293216,0.23112032201236216,0.9868496922020976,0.2295576318960557,0.3979369100588197,0.759883561595789,0.25,0.37802906866467006,0.8990498468292674,1,34.00441126839328,0.175
0.35267318919048163,0.2752667788656854,0.40307362775792505,0.586417976588933,0.7131005812860445,0.9667006430758821,0.6543003408030842,0.31309497324868596,0.25,0.34147407694279175,0.9896371508702831,2,40.75511115873438,0.175
0.5806187133172303,0.3749915361501681,0.4797038038388484,0.31922436339098953,0.39765196705467487,0.08971292401678987,0.9237202583220797,0.12866802274619238,0.9,0.28424296929697407,0.5839250640312897,3,78.03109326464244,0.37
0.47663719519371006,0.48054503192656284,0.36571326140512106,0.34270728793232436,0.5457037240764476,0.40139512461746796,0.13422361303273744,0.2929922536247981,0.4,0.6496696219970238,0.7042739285031542,2,43.544834806776656,0.22
0.738765955189925,0.49541793110431454,0.5091421473675238,0.20428674970243405,0.6335690159041251,0.03125149111086578,0.9659895333512928,0.9090956179700506,0.75,0.3960736876785987,0.2516996741174199,3,70.76396417555202,0.32499999999999996
0.3000124298994976,0.3961420790010126,0.7312894083853227,0.2963829538578817,0.08460144632650302,0.86835354835389,0.3285712185482469,0.0675044485257742,0.4,0.5423426988478567,0.29004637218538676,3,39.437119699788816,0.22
0.36680934122977726,0.7445863465817386,0.4646097532847429,0.37512427650862457,0.3061128342918956,0.808887494217285,0.6658314521679224,0.23855960067038873,0.75,0.5731002995650485,0.8507694269025948,3,73.59032692765393,0.32499999999999996
0.5488974062677511,0.47296625648404417,0.726597000402802,0.2457572763956249,0.7191764765702419,0.7078211145105391,0.7428613635069439,0.5406566676637397,0.75,0.5208644200459276,0.3982439036523395,3,67.82859283662364,0.32499999999999996
0.6348013562847138,0.35349750815464176,0.6436681320446275,0.6662461873205765,0.818945652120703,0.6413622179569134,0.12539920974439245,0.810255987755335,0.75,0.537738743318062,0.8224339544280378,1,77.62485007053427,0.32499999999999996
0.6670725719128692,0.6766826343886321,0.5949701287306999,0.27832228069317316,0.3237681050444665,0.7050347181972936,0.6751317060918057,0.33591252103671,0.4,0.548317433166844,0.05059681453845277,2,369.50604962688743,1.72
0.22854642642432732,0.38742088407947184,0.47228842223609263,0.36644149540675397,0.16168365848868216,0.6949580879403576,0.84902335307941,0.8382313169345351,0.1,0.5178939145138527,0.2182534217929124,0,18.906526299569027,0.13
0.6082138136590778,0.5973439127723587,0.7345584756125594,0.42031519977467524,0.626504841866366,0.22740726973478476,0.31620996730295114,0.7546276809393766,0.4,0.4054094542132788,0.17009408897015288,3,355.82092360662733,1.72
0.6321502134453699,0.6076599839071688,0.7438122344832616,0.6254883881651507,0.4108539297069278,0.7324974184681805,0.30944999259312567,0.006318246536731964,0.6,0.3942421631780143,0.5270674697024573,3,90.19909904332036,0.28
0.3559659918861342,0.20839981952025366,0.7324913849633279,0.5938379741146109,0.6034900646563243,0.6009163551054006,0.6275546827799966,0.26818563576848187,0.6,0.4874542630866784,0.08053054755662958,4,170.0,0.98
0.6469336453647165,0.6362842849358138,0.6046685994962431,0.6133109577212965,0.8110709503115889,0.48746683883036535,0.7623879089848471,0.6110934643762647,0.6,0.4848016792683365,0.3438704374213081,3,96.74811936630852,0.28
0.7112020016256277,0.7027612050606606,0.40857471021199065,0.21702883799806635,0.41607081480232067,0.679626846640612,0.5749773560120556,0.5107111333978873,0.9,0.554362260787352,0.9862451098505963,3,75.13404812134331,0.37
0.2212748764228367,0.4456511004879078,0.6592387414452241,0.666186174638537,0.6485605259193069,0.08593897636692938,0.9102610893554288,0.33508204608236036,0.25,0.6385549783807424,0.7942171367003721,1,33.838060590079316,0.175
0.42241426967645845,0.365886393941382,0.47863079443735024,0.6578987637784657,0.2246929635870294,0.771796357676178,0.23122188709251823,0.99576962320106,0.5,0.5436662268340775,0.7605914129199614,0,56.654012257167636,0.25
0.5500728658224425,0.27689319751274416,0.39922866901220677,0.5054842533553459,0.42049254156344296,0.2966244086631433,0.062065072626073525,0.04180417736382014,0.5,0.39905750424268593,0.13511469944054277,1,349.0224055675627,1.75
0.4960443372079446,0.6568487110487892,0.7126944701123614,0.2552547017963907,0.09514056114036795,0.005032828812111867,0.3270899794059403,0.31045440010080594,0.25,0.22746487244964964,0.3645591065820133,3,31.441077721795644,0.175
0.3234241746902386,0.4156863008516819,0.36301894479806535,0.4245597722271436,0.4300917454385892,0.2329229232410981,0.06274115794411983,0.07116252795294875,0.6,0.404310265810307,0.6805879712872539,2,58.038279451147815,0.28
0.2223966757383776,0.23630729858954827,0.661098812865391,0.25641998126153787,0.18214637530518296,0.3165895268691147,0.14799205021551232,0.36511782361442935,0.1,0.33223649226529706,0.021625237243396267,1,321.2959789313968,1.63
0.6532413115971123,0.3685816009916693,0.3700728534388707,0.25541086546974395,0.9222201533621982,0.2616030095296168,0.16839931701264688,0.6647762530022318,0.9,0.4091395770617259,0.43397649097612745,3,80.40765865628909,0.37
0.2072948598159243,0.3954087346449619,0.6594462984616908,0.705975505495934,0.4908810379606986,0.047254015809257144,0.7878073311663888,0.715342971853776,0.1,0.530939791098136,0.9285897892227744,1,18.978860246981156,0.13
0.23387205587168128,0.2169994350930848,0.28734034107168344,0.6214593947771327,0.9772983617403412,0.9383066195622957,0.584248293625244,0.6860212935806126,0.1,0.5111684209515701,0.08233980689960785,2,325.7796961061008,1.63
0.31268552131291116,0.32694570591695626,0.6889184838402092,0.6812219713171941,0.40950682398682714,0.8884671865290465,0.5528088251993479,0.32555132633504547,0.25,0.7332913111901603,0.9062593387060004,0,34.32932821472337,0.175
0.5686590706810928,0.29020757926481344,0.4096320543083646,0.3298975733875079,0.009491491909582539,0.5864497649769997,0.5254338905148945,0.8118771778631032,0.9,0.5610945967622438,0.19452162452103605,1,382.19556377026663,1.87
0.5695150700137208,0.6289620797993454,0.2781735471096556,0.6938757080988605,0.1870046263066364,0.8154012678473412,0.015283610255563573,0.5873133776997324,0.9,0.7396765036463157,0.18910722334413121,4,215.0,1.2200000000000002
0.4545542489511102,0.6372532199722216,0.22840068469807928,0.3983196528606907,0.3968524012448811,0.33152052134239174,0.4332959671667206,0.22359148619907265,0.9,0.5901540935326726,0.19543595876354314,4,215.0,1.2200000000000002
0.20812952123352887,0.5951666022896073,0.24369803362715187,0.3860571850645445,0.18342565309997516,0.8051068840014496,0.22775830023064736,0.736971994496366,0.75,0.6365584720595194,0.9312560823032116,2,62.99974419882942,0.32499999999999996
0.6299617743513437,0.6119315631381027,0.5521592912050635,0.5817113513627639,0.7113605444426323,0.03340041570700247,0.8810724201875452,0.7893551300933803,0.9,0.4556569828030212,0.6037449943936627,2,123.69824238256612,0.37
0.5581772288069651,0.5527017774537567,0.39231005202276986,0.2154911372422706,0.7960672494233842,0.8091910522190269,0.5825532290750638,0.9933808668877622,0.5,0.3660449335890948,0.750788945296873,1,78.02898884138209,0.25
0.443004217398679,0.2250028083746896,0.45787706731800304,0.4552434372013662,0.1791521404774551,0.07233593094167479,0.704167472379422,0.2939372373956862,0.1,0.444379497157968,0.3664076060846715,1,17.536675246205174,0.13
0.2982968454951006,0.6313438967030524,0.5873151380507372,0.5077467473855194,0.6082332239300527,0.39170161293884265,0.3335241585010035,0.8932486245948724,0.5,0.4991142359481306,0.8732509359731118,0,54.75109934592262,0.25
0.709249719066928,0.357952912265616,0.34411772180574646,0.300889698553814,0.1420434586119319,0.18898565439364912,0.6678408528700807,0.7826010127651298,0.25,0.42193926287384576,0.5819371359149375,1,32.30376184079745,0.175
0.499441883279935,0.3129464504842193,0.67789256812089,0.36737037376609216,0.8322144919849215,0.2311497163422519,0.8821134182894539,0.6095506564245553,0.25,0.37523231501371035,0.5998349332065411,1,31.660878554118913,0.175
0.4700120556298333,0.49123092071158936,0.36920560108952416,0.6061307915883285,0.8232184189140432,0.06852194020321967,0.35689433598542153,0.5248639844906688,0.6,0.5527991945163534,0.7523210520781373,2,62.91249300847725,0.28
0.5806401149285662,0.6184460655216846,0.5332562583850468,0.4531002607429328,0.5769570325822859,0.09907155407370616,0.5386582446021755,0.6654864330930246,0.25,0.37469951402274654,0.7736426233391618,3,42.838405400342836,0.175
0.446904403098384,0.5940940088901561,0.4073693825805338,0.44049287961170236,0.3615950857646727,0.5007392442806308,0.2925664216440599,0.8705002718719854,0.4,0.3085687260163883,0.68186357158629,2,48.13633083089587,0.22
0.2900191155721189,0.5737967509767591,0.2423086120791363,0.7447816884842651,0.5992066066900263,0.5512738961358957,0.9443574258777101,0.6649315236601092,0.4,0.3600871142656765,0.11890993359587532,0,347.15787160924896,1.72
0.27905566744328864,0.4106381178651345,0.33077934809405474,0.3598619692911129,0.27982344153942806,0.6417530811939492,0.9616234566532215,0.023558255927298544,0.1,0.4712533818000678,0.8667265927332248,0,21.132699852084798,0.13
0.3773492871172356,0.5950851514799085,0.29721210023494693,0.345121098198637,0.6265910070109942,0.15683496088644933,0.8164595110663893,0.640684529641257,0.6,0.37651253215080904,0.2608991160852637,3,65.42026414006746,0.28
0.25566334964874426,0.38230299929274225,0.7176829588482871,0.4090599404758355,0.9369894929695665,0.6695778620974299,0.017218893157644688,0.5103538444008343,0.75,0.4720379910859404,0.9961941583429196,0,74.43527171010062,0.32499999999999996
0.627536067225593,0.4539371659000518,0.4472798263716174,0.6531840192018781,0.9036680636161553,0.2323030041713291,0.08289640417988486,0.7198878692218418,0.5,0.5757913739643937,0.3855079317685932,2,56.47429015489992,0.25
0.21475069946557596,0.675687574565214,0.46686464838010233,0.3931199518512326,0.5025085669391199,0.047595261394701605,0.27991523243942407,0.3267486476430953,0.1,0.5725353605231284,0.11999729759892763,4,95.0,0.5800000000000001
0.37384757642405775,0.5154438339803835,0.41529543101133093,0.6557749289330717,0.3952232795361881,0.8656535908598395,0.6474585746480768,0.43490031391469874,0.6,0.5470824423626027,0.7110724209237201,0,63.840005956536096,0.28
0.5752134624812619,0.31739781108224613,0.4963693177298125,0.633142600109029,0.7847917181143582,0.054103754038348106,0.8131192509329653,0.8107021727444602,0.1,0.45766491480642635,0.8333277484441021,1,18.136466897116637,0.13
0.6901785633539105,0.4172193841994229,0.7084555960832915,0.2197832027907093,0.22852941332232024,0.037671589911896564,0.7137079555297965,0.19987162842971606,0.6,0.30231443294075827,0.6728892305717257,1,62.042420875378056,0.28
0.5721801611988726,0.6300916096632053,0.4338277593531305,0.20603596175535427,0.9960217907210658,0.009182445242662762,0.2297919812489907,0.04206239727249772,0.25,0.5275142638577943,0.5272714050833063,2,35.52496674348613,0.175
0.5778693381482125,0.3884103333958951,0.2834971250808827,0.2864098270836957,0.7826557354502195,0.5786954921738933,0.8484345345459142,0.9626133706729274,0.5,0.6732784010146488,0.059939367140902866,2,357.6182133276069,1.75
0.6230402307072267,0.30306418331684243,0.46625406397819164,0.7337141478111073,0.6101148603754043,0.23175350361801195,0.09264944079761006,0.8662610449795003,0.25,0.5736486023183613,0.2900343745958267,1,31.41195703030176,0.175
0.6173502838275879,0.5009565067931034,0.49055144394330985,0.2920300928506394,0.24511325501859726,0.8935182246980773,0.8782875996142749,0.6278092122702602,0.1,0.3669322910999472,0.31981515744572664,3,26.47958525914568,0.13
0.44553296625840066,0.2796948096484845,0.24597016337707395,0.260025479777579,0.6039958205751598,0.950826468526888,0.7560151017849487,0.6832817711805739,0.6,0.6380379783345123,0.3950112509340792,3,60.791163053552225,0.28
0.533636136158478,0.306454140519021,0.2821400332450961,0.6769220291533431,0.4357407520184782,0.48399844573688366,0.38892109833166844,0.9463210203599299,0.5,0.4618471687014734,0.9508927033043129,2,50.659550124690654,0.25
0.2671071297789491,0.5880993126498395,0.4293501441810681,0.5184938557707277,0.6381192131932713,0.7803635877237778,0.03719973508255059,0.8524263021418429,0.6,0.23862618954041542,0.20887534235284289,0,60.50546516347192,0.28
0.21284547797335457,0.20001058173411834,0.6494866992104085,0.4614926371803715,0.4176382974445806,0.7371603748161634,0.04002531482077565,0.8938731832859649,0.5,0.628067835114448,0.5415549110072938,0,48.0245393738105,0.25
0.239218815047056,0.38890085675480157,0.47849493993793213,0.27452141226584986,0.6598455895991945,0.4575007908713272,0.3035580990101162,0.3110241424487178,0.4,0.38221509902497663,0.9912181066942203,3,42.23337081148017,0.22
0.5004858723776457,0.4908128959104953,0.5315593414893243,0.6456439928904912,0.30339812447639936,0.13102585274515222,0.463809538029077,0.45348635413406857,0.1,0.7235927121892398,0.6187945607806581,1,21.784960910454675,0.13
0.42702834736277406,0.6887080156530392,0.461070564100466,0.45143193031787204,0.4119366592900674,0.7030942374846186,0.4198148626784175,0.08900371683362063,0.25,0.6443307831979351,0.20891072367818164,0,37.995137897311,0.175
0.5606271341221887,0.5396366684286311,0.20628921631740937,0.7403368246233073,0.852059622313688,0.42510086514726597,0.6552856542859299,0.9298963546902862,0.9,0.47207438524998874,0.9601909317781077,1,114.12539285954117,0.37
0.7184814723794575,0.35470726837310573,0.5072208370911636,0.6237668454743073,0.7674151028658048,0.5387988711782038,0.5450222571757909,0.8495310370914068,0.75,0.5581240407446281,0.33629266905381683,2,94.27433077674453,0.32499999999999996
0.706257303253877,0.5222486520684747,0.21041707311600033,0.574372871145485,0.8236322930908063,0.17865273212742383,0.6265010815184369,0.8657156584351113,0.5,0.8041363489123659,0.047870709598631045,4,155.0,0.9
0.2511929378944714,0.56914777544568,0.5230851811168487,0.5523682953531455,0.8033074270090629,0.12471601631229279,0.43569282233667683,0.5182331046094028,0.1,0.6258267071405476,0.43136176745968036,1,23.475647252352914,0.13
0.30409173444197046,0.471485424546576,0.5398762369567008,0.36516110127778956,0.2578095545528367,0.6794993855504149,0.4762264925613292,0.29750870865296564,0.9,0.5304292523529051,0.24065569617504812,0,78.53083855967002,0.37
0.29989279378292377,0.32247440638746455,0.6719091680103787,0.4554989361622504,0.33686452563411295,0.8566683550066461,0.8661998054842552,0.8123756574128377,0.75,0.86239556023544,0.8188637730953452,1,78.19848795667603,0.32499999999999996
0.5635903573371046,0.48318887528194737,0.6587699885307452,0.47967217693100744,0.9138688211829366,0.9523065086814588,0.49182791077990895,0.09670362234966712,0.1,0.5153247091798366,0.2199558342472554,2,32.03029159767281,0.13
0.2513289221068969,0.3088915814432342,0.20729597834461166,0.6573383556828503,0.8000710073097888,0.6334319284066284,0.3805171902296016,0.9755331526238872,0.25,0.5734584923340766,0.8198540222378127,2,31.476568984106002,0.175
0.5648000583192265,0.617561054966916,0.5932611290829379,0.6534638288051835,0.33868520270363645,0.907633978666102,0.5925844480586421,0.036641984075884704,0.25,0.38336309314182854,0.0361710165348097,4,117.5,0.7
0.742833226714489,0.5594092314508151,0.33874608162824127,0.2557645232154143,0.860335108080148,0.7622119752553009,0.6424875463293921,0.6145871400769716,0.9,0.29088355346754696,0.9291573179187896,3,79.6835409168807,0.37
0.524361360617059,0.623916383704447,0.5088644428107039,0.36695512243022227,0.21883549265590296,0.21448612919934473,0.029172428396792793,0.15413746305369103,0.9,0.46456049377103203,0.042193526785013535,3,383.39706965134496,1.87
0.5958541663481548,0.44638487283831557,0.35762400571077835,0.6625964684134261,0.3364812642965028,0.54072489634183,0.13080855749772202,0.557572180273368,0.4,0.5054102616161179,0.9385398439869916,1,54.23705392458345,0.22
0.5170853296150139,0.3558963988374595,0.38073238387540537,0.5144158134616187,0.26332012121179527,0.2539611249423619,0.9479442074063794,0.9923445438384673,0.25,0.5418327071167902,0.07369127583149615,4,117.5,0.7
0.4326079766955737,0.28828551497392063,0.535758462815644,0.579010536328735,0.8114385966009274,0.05439198073340168,0.7286317105437284,0.17842573179831767,0.6,0.3228094515000418,0.872583602558423,1,52.96761419326425,0.28
0.200059837955889,0.4952781238513605,0.5174388139354118,0.38263522982593245,0.5692213137208905,0.8937136292090883,0.3801956317441467,0.9288416850672329,0.25,0.5833336913883437,0.831332037649718,2,41.60638539798363,0.175
0.38630219247097364,0.3747123852811265,0.4449304375803923,0.646566933372615,0.7083722173393127,0.30101181335766736,0.09491719887943995,0.8153512847683572,0.1,0.39661538632846455,0.5944238376074102,2,20.431637965304947,0.13
0.4579643369011108,0.7465067886745835,0.40688727112175815,0.584594240892018,0.4580594084929953,0.07269348815996746,0.10312235713505202,0.96696138189548,0.25,0.5768294978580994,0.035986084065680934,4,117.5,0.7
0.50193111926492,0.6192587416174047,0.6886005129553698,0.4814258112161746,0.24300195449556616,0.9665911778573795,0.681159579697904,0.3004911018286692,0.25,0.6176769799837245,0.6211428067696148,3,38.6119214211384,0.175
0.4719635650482555,0.718495466441436,0.7135127649465076,0.748348201276275,0.38372787424347876,0.7770384441080013,0.4354149789253958,0.07475077766428628,0.1,0.4510728857201363,0.61784642082686,0,25.22496166640803,0.13
0.2860617534082872,0.20196279799940264,0.44052066614020735,0.6033370898480264,0.22981412956968694,0.8603449729972243,0.6961741369781531,0.5010161111747662,0.6,0.3799061577310544,0.5571974749771695,1,60.49740704326163,0.28
0.24007080557083993,0.4054808976953622,0.5198027122331812,0.3169010837781412,0.24549566861561667,0.4745906150899969,0.7888490577775146,0.08154319714217184,0.4,0.6939044340387307,0.6315255714467207,0,40.00067644779628,0.22
0.6021280987780299,0.32624571023666327,0.6623696083676003,0.39155033572287634,0.9947678187352218,0.8597625438589355,0.3179657828482293,0.8705767138822167,0.5,0.6099112142110406,0.9681074032452934,1,60.001953298695256,0.25
0.5292566460684107,0.4992847039050033,0.3630456940626821,0.4414893930951459,0.6817145299032963,0.666354427099329,0.13970976894422993,0.9058946407051388,0.5,0.5196318712355462,0.9955072476569667,2,51.34492982962833,0.25
0.6652852005407062,0.5015893570942435,0.23057282845503582,0.5921677600067282,0.4503417969213752,0.8032277583398165,0.29952379035940946,0.3080036656024979,0.75,0.6844847980343841,0.5204958066458399,2,63.23041303592245,0.32499999999999996
0.30034887378790653,0.4673345199287663,0.4576963843889121,0.4675678107026533,0.9646891799819122,0.496659924663433,0.059890713383002225,0.8357066470320501,0.75,0.511027068738075,0.09180062428923552,4,192.5,1.1
0.21705770347929668,0.34981368556078374,0.22790450999539202,0.42822618644149035,0.22723002234973866,0.8787537528090251,0.9164398779738245,0.07276601323800314,0.5,0.42289744545009933,0.13396904364517792,4,155.0,0.9
0.5417352000074185,0.5597407691401064,0.23550140201273906,0.26538900773071644,0.5824292275743849,0.9815241055768463,0.9309196146458651,0.5252432860575666,0.75,0.3751622339809488,0.7203508793400153,3,68.92607492787843,0.32499999999999996
0.5638287282645787,0.4921532072543687,0.6583766045257158,0.312828191967888,0.6804931952692356,0.6042620351590746,0.20325334623970293,0.6529975745215713,0.5,0.48710142959685626,0.9819635872230656,3,56.17596718604873,0.25
0.26618825816701075,0.3991132803755409,0.5503869242462994,0.4672819827454444,0.33314118350081323,0.33797192919582497,0.4199881609405217,0.8521768833377191,0.1,0.5972394712667641,0.4360552237319477,0,21.810854457665613,0.13
0.25422629635384447,0.23921064890953336,0.5727314949373712,0.36333251627919794,0.23834582576190755,0.2507916667454335,0.007339913606552173,0.15500686891893622,0.9,0.6746335113213094,0.09803874591164885,4,215.0,1.2200000000000002
0.5682153590594576,0.3622031856921608,0.37313681651394837,0.31539810227734183,0.9786792874049365,0.43386994550647584,0.19516469231417843,0.9656818107569426,0.75,0.5035446726986115,0.3530445525049485,1,75.30420362983499,0.32499999999999996
0.7410443288376853,0.20883865955145842,0.2699888386238992,0.6599595995179548,0.027117868036942494,0.4841663866400632,0.8046021356275161,0.7728252046136382,0.4,0.652514442927681,0.3850102771205224,1,42.54178963954159,0.22
0.27598895373328663,0.35438329056759027,0.3445317325527125,0.5833420702418348,0.1892172654958194,0.7077896733777648,0.62228860864585,0.6752762161492667,0.4,0.4737686627818779,0.9965953338852648,0,40.46214690946257,0.22
0.4261606479219032,0.6623233024470442,0.6110849576564907,0.492105732164299,0.2661048156277367,0.8107343880317858,0.5592375093087347,0.7250780475053348,0.9,0.40272481267883153,0.6865833532943872,0,92.41073229556801,0.37
0.33698397659049084,0.6358303452448173,0.6762948047519788,0.6599553811097327,0.9395735098863645,0.8554972728905285,0.7823374705269401,0.28964874943126273,0.4,0.3370172316832547,0.11786608607074645,4,140.0,0.8200000000000001
0.22844257218632613,0.583877275570492,0.5871662499551424,0.718691546942894,0.054083112658117494,0.5746444629894164,0.03451305321939124,0.7141897742187122,0.4,0.43720658729833095,0.3370767169424158,0,36.73284277465454,0.22
0.34491310170096845,0.6324907562304591,0.5790030750892723,0.6832998341538765,0.7368216712962707,0.5629112612386605,0.16815191254134287,0.8757214345683765,0.75,0.34173268851456284,0.04855871249892585,0,378.2966389114256,1.825
0.5813194166727678,0.668849995203395,0.39776644087034707,0.28669343140265635,0.595921232004772,0.5148919500741098,0.5675917595420547,0.08288708681363088,0.4,0.7522421472091032,0.6530605081114493,3,39.28174150031051,0.22
0.39984361905525834,0.6482784288648846,0.2724074877232425,0.5508698486122929,0.7404370547389264,0.06077558388904403,0.5783881585159083,0.1692570870704544,0.4,0.555611594525825,0.6727392688770667,0,54.431203587915626,0.22
0.7431558303515469,0.6922581816875493,0.5691508305809226,0.6359466797554891,0.20770193896633393,0.23325425070783934,0.014305638488458672,0.8918388311136772,0.75,0.4886272095791238,0.057496745073913336,4,192.5,1.1
0.26406204973609193,0.4743585693824634,0.49255183280014536,0.6304826677942579,0.8042352714898573,0.03128644766643218,0.056986087999466806,0.7828768474766945,0.25,0.71623865912856,0.3355199412987626,1,34.24976619837547,0.175
0.35542634014136126,0.25856690754294986,0.5839626134229419,0.47092677126423177,0.006803287569701055,0.46899891370814817,0.10729725429430803,0.5916322270185582,0.1,0.33752387601768247,0.9028383669370125,0,17.859114659803303,0.13
0.6632617328452941,0.4648193314462767,0.665448928553581,0.4793092510001305,0.9983404178844073,0.1720215155414816,0.9566838473593954,0.865478543935945,0.4,0.4834268580875301,0.8268160300748043,1,49.95088033201339,0.22
0.6304841804026029,0.5964098484058717,0.34634539720907187,0.3701690787978724,0.9858549681437812,0.7661886336025185,0.856994251453125,0.5945976395753259,0.25,0.7510102015935365,0.5742125698112162,3,38.76556084543324,0.175
0.6945575373855761,0.32705392019650237,0.5836253059435179,0.2798160725985176,0.8672840811745124,0.1115122558794126,0.7416543043684255,0.6287235870011575,0.4,0.48256309570444866,0.48462336047460364,1,41.39274700557016,0.22
0.615337104187083,0.32280941726862955,0.5267359550132238,0.5103339182553708,0.05984648273786475,0.2915903713486512,0.21610680037251984,0.4051754507988504,0.1,0.807003407085492,0.9928519120669927,1,21.757301423586256,0.13
0.31193283916843395,0.4702718266191295,0.6835864139936064,0.5742911414836145,0.1983533415237314,0.2748296441519851,0.29603013524284605,0.5998108951245305,0.6,0.5989781435576942,0.7221955595191272,3,89.4678604768456,0.28
0.7459599195045414,0.6315048435479083,0.5539004888666527,0.50976113528548,0.13487376007013663,0.24110123472210798,0.31714806098009884,0.4490679382760727,0.5,0.664135466636529,0.9526352111958123,3,67.73156797775201,0.25
0.7155857553158005,0.489857390543891,0.4214700238497008,0.6589714686530069,0.03808863282998309,0.9992114520727612,0.30039200255202547,0.2873448607356126,0.25,0.6677631055197242,0.07158521435318332,2,336.11236633165885,1.675
0.7171344304061935,0.4634042905450942,0.27548118798693144,0.5346050500166929,0.5548705865911876,0.8540321793221162,0.4568093680607973,0.24883920083974587,0.6,0.5008012690460757,0.21215115635855175,2,58.258932867193884,0.28
0.6074852440609857,0.4054998457508922,0.6113333716605478,0.49207823845326015,0.5658755031953543,0.4829425500257297,0.4230748270222958,0.9838829507842233,0.25,0.4394641849440375,0.031111035744880056,4,117.5,0.7
0.36574587172538786,0.5462366756435553,0.41392116103401166,0.6327540271753881,0.9959502644685649,0.5619438284575938,0.06800392707181091,0.5669175804828931,0.1,0.48614456054350386,0.8679176146891754,2,19.551334337931074,0.13
0.20169401535427223,0.6499979637743214,0.36861640264191814,0.7277946099139894,0.9524721483828853,0.9256925306946854,0.21550084943132264,0.1901194820302844,0.5,0.37701175559105643,0.6942314411653305,0,55.60339511934447,0.25
0.6175406771934,0.332572156621184,0.7383395373023147,0.47476932559819696,0.1522558550115699,0.8197843494123475,0.4900550569894735,0.3380465706592457,0.25,0.49234038369164446,0.17765165284213735,3,338.8697655398143,1.675
0.4876080884955288,0.700234973751626,0.7051216871149819,0.5832853773191482,0.3248071688397004,0.27541324295438785,0.8826197741144082,0.40967989274710515,0.75,0.500048852091547,0.9741906074421273,0,88.05827452319751,0.32499999999999996
0.7381473017592397,0.38087867027307887,0.3277851214210631,0.2160911967959631,0.2440177356418809,0.7104048060652784,0.6354545568917983,0.7153655545940952,0.4,0.7121354333477803,0.9557972226147039,1,52.959917944297615,0.22
0.39048971616278316,0.5314483388216467,0.3679584774541469,0.518791141422652,0.821956114529865,0.10123371456891939,0.0019887414501447154,0.05056624115615416,0.5,0.5748936850971047,0.22459780492470693,2,49.584194416271814,0.25
0.2266121636901272,0.3947500855554271,0.611402698564382,0.2573797731050319,0.7067932591488119,0.9344965402497134,0.33110538201636686,0.7811941663944435,0.4,0.7964599163955335,0.6470097530427105,0,46.46214527464319,0.22
0.5931606006105336,0.619821112155219,0.5128188300142806,0.6873481541890334,0.7291845108686693,0.9780615792859199,0.4707930814897019,0.1660729672868939,0.5,0.23017120458933146,0.6681029167355858,0,82.387076745476,0.25
0.7250099317241081,0.21907261562454156,0.5734956632387974,0.3304459763604412,0.7652314005877423,0.8188188640214393,0.7073000757049153,0.8631816732797791,0.1,0.3481960291554097,0.004016755021448937,4,95.0,0.5800000000000001
0.4245008199526552,0.5427348553803346,0.5917497486790121,0.662105011357702,0.3711825833199045,0.6903150032235489,0.263848639163062,0.4464401459398376,0.9,0.45610240191097373,0.6887797922684995,0,93.76072591669248,0.37
0.5879628050559761,0.6275694466248212,0.5294891596476764,0.2643824960468937,0.24249216915561822,0.1545336726481451,0.035953248001988736,0.671424258192334,0.25,0.6874985560041813,0.22134019477205413,3,37.063890468332694,0.175
0.21178667318691136,0.4913806769068411,0.5935475763734901,0.25987607364274623,0.8752730882774165,0.3144194343112684,0.42923538344772716,0.003546948302573516,0.4,0.4868787710155689,0.9013187506018392,0,48.50293779530737,0.22
0.43611277133158843,0.3408975682156047,0.5119011775752993,0.41477651383310543,0.41285477253144887,0.2813221150820844,0.5742000301246013,0.9085171828510621,0.75,0.31679165451454305,0.8385071325595158,1,71.11538876199555,0.32499999999999996
0.3108071252387805,0.20241599255669454,0.37683880245951185,0.4838891806774719,0.5061525691215125,0.6755326599028617,0.70548283980562,0.1524319121747465,0.4,0.46990483787564047,0.905293584670957,1,45.208718365204355,0.22
0.7110649956519026,0.325111808187481,0.4817402862799983,0.5115730939608933,0.34657060781182614,0.11314555126499592,0.4407466037885903,0.8872856816097436,0.6,0.3506310890439043,0.7575539623443468,1,56.14899078901801,0.28
0.5570752112724423,0.38071149298094864,0.2547150007194876,0.7067459321002332,0.48093435073741364,0.4561529832189264,0.2093235457952516,0.31021728008705585,0.1,0.3260834999043638,0.16490543854758422,4,95.0,0.5800000000000001
0.724015485869477,0.4410271260358064,0.5193162290548188,0.21596451630362443,0.9365995725349083,0.3029953242620417,0.7313865855500161,0.042141664914475796,0.4,0.7509042642527557,0.3605543129885158,3,36.14117452044043,0.22
0.22596860261334617,0.24216707870462004,0.6063104731669066,0.3249789700991424,0.12831396009449791,0.3114779163048982,0.9014208613602253,0.21929165487905233,0.75,0.4565703010793299,0.7089314735864196,0,60.37235652091478,0.32499999999999996
0.30144597263590817,0.2045844330162314,0.21259364935047387,0.42296106378424614,0.7267446100850079,0.16752446689969003,0.6128420461181416,0.5868282307512812,0.25,0.522283706843438,0.32332504325821243,1,28.227922779182826,0.175
0.4979228618724555,0.5184825499723558,0.4518511496495033,0.4527586996785611,0.6219479011396724,0.2862765216625305,0.1621029969525829,0.8864857491370483,0.4,0.4889601210903628,0.7100329336167415,2,48.91798470001041,0.22
0.6142282018964524,0.35926357403006465,0.3307447999049168,0.6698783034175071,0.5694439375014824,0.21204316972093806,0.41332905319543534,0.06709149292520689,0.1,0.46910700436584907,0.33615872497260446,1,20.984168303091277,0.13
0.5790950942438469,0.4622765469955788,0.35147265404370387,0.27512000076824017,0.4753761166023742,0.4238907761829688,0.13272623737339362,0.44437233518254327,0.5,0.3953286334943114,0.17772945435120846,4,155.0,0.9
0.22058165821248707,0.668800946895183,0.5263620257684554,0.22520622110153365,0.6395323395927058,0.9284904447334246,0.7031851939595246,0.5024352863697594,0.4,0.46170131233045747,0.5181638183895362,0,45.25314591860525,0.22
0.28722306884211496,0.3537603474842733,0.34468937324259774,0.501615044071698,0.7700511178611423,0.27993528135084556,0.6687815984448893,0.005062166798474488,0.9,0.5428309893527236,0.6862277595035827,1,83.83263932886693,0.37
0.41969399275277586,0.6852191323440817,0.5956758853343018,0.7009029131205438,0.07255113044952544,0.6242656364617828,0.19254957438795972,0.6887295862647144,0.4,0.678249527066267,0.5171956872827587,0,45.552842112311666,0.22
0.6745502438376987,0.7067530234214006,0.7390062976588205,0.37143304093270446,0.6367532645038205,0.06366674940792472,0.39249666659466986,0.6130021983069558,0.75,0.6192434415744893,0.6418672982992898,3,78.85454809713748,0.32499999999999996
0.315324332119513,0.29083379921865876,0.5454486557586814,0.5745316839970203,0.7134816315833584,0.8160841605267474,0.3304429016650259,0.8367160422547844,0.9,0.34794267380217136,0.4380510181043308,1,85.69606320131206,0.37
0.24831062181585561,0.6515893782029489,0.630686592293704,0.545660663263184,0.3542544260056443,0.0069868412000030355,0.6100058998370137,0.24166859715793232,0.75,0.624389795316716,0.7783313289833448,0,65.20144429642642,0.32499999999999996
0.4395868637082984,0.28451150860679775,0.4780757490125379,0.28754311254781645,0.1243813019935277,0.25835781000481406,0.8279139980794052,0.9140013082601819,0.75,0.5601374326747487,0.6499664226447076,1,66.28711164505332,0.32499999999999996
0.5327383317989135,0.37048060167768804,0.33601844426708827,0.4425782589752333,0.961696623870241,0.302830363000251,0.4559287081890496,0.8025261028081837,0.6,0.4223697725958476,0.5746066340853169,2,62.02090855727641,0.28
0.5193920401422656,0.40210523606425874,0.7299818706260583,0.20324369975876663,0.3179026885070444,0.38514318631294653,0.23727448922964212,0.5723673193517258,0.5,0.5234037504834232,0.43537171547556064,3,49.96273265306438,0.25
0.7020735601462227,0.20037622721545062,0.3191915662648832,0.7479931736700092,0.6592666988253103,0.31843945508659643,0.02423051651156427,0.73590781336997,0.1,0.572265392066669,0.5357275561379555,3,40.879349583936424,0.13
0.6004524566425292,0.5544741044427047,0.5993510844704685,0.42456290286065596,0.6165972893465903,0.21899878560136077,0.31464767516577075,0.9571135892696773,0.1,0.5064928165892311,0.051009721691461785,1,324.507673999802,1.63
0.631315352229461,0.28517741810505376,0.6366408130675789,0.716739673951102,0.630203545009286,0.5954777563913846,0.6396907374635434,0.954444534793757,0.4,0.5607391802832892,0.666719676683535,1,46.91113694159726,0.22
0.6717277677786071,0.6068135243168663,0.5582575222389223,0.4866006909268951,0.3398590734929948,0.2809159761051555,0.3767424802692244,0.8009490940772275,0.6,0.3925373651479806,0.20441172926542117,3,80.44828466525956,0.28
0.6730819282155129,0.6467890725044847,0.4903750664136591,0.6659220875718288,0.9425969878452626,0.9966911938042865,0.010085540979743568,0.9725672828984422,0.25,0.4573910476831939,0.7573264712106715,2,34.67912540850779,0.175
0.5689417840987674,0.27769302469022233,0.607425015046054,0.7476935561196465,0.1222100277802961,0.5369505377193622,0.24636980928343966,0.6063910373940332,0.1,0.6073972389902544,0.10501397549535518,4,95.0,0.5800000000000001
0.2225375198167673,0.3347056890637886,0.5287574116109606,0.42835694932889506,0.03702659170039768,0.2383326806727939,0.3005756331989723,0.9156071820796838,0.5,0.536314578435407,0.054031591483562624,0,342.7112914583969,1.75
0.5506559136006537,0.5225223832263322,0.6333942073447303,0.2389966060774103,0.5836295468484622,0.7082097223597236,0.6760151833170703,0.39228833659918283,0.4,0.6818606537683642,0.9837022460713571,3,42.16541677567513,0.22
0.44233883846064664,0.6730295843293903,0.39951904794082893,0.477083842898635,0.014021068562085626,0.10702076326620091,0.45880848440370003,0.9412947788679003,0.75,0.5657314418545204,0.9162955287067758,0,77.45545086350921,0.32499999999999996
0.21186824446149832,0.3232956422963642,0.45501031687029064,0.41943246944538903,0.24875780743354114,0.6983187196184539,0.8265958431013569,0.90678528418276,0.6,0.4312307008145054,0.9556609412449067,0,51.79606858962348,0.28
0.5930601823005787,0.5365339898753495,0.6841553871904743,0.6701238859335706,0.293486412007701,0.9312831745607538,0.6079822605381794,0.5084067841177738,0.4,0.4932925365409271,0.06236406349639578,4,140.0,0.8200000000000001
0.3326709124214703,0.20970130096862905,0.6699589233370693,0.38101647525776816,0.7783926318608847,0.2387126133614652,0.812580231540964,0.6499626944417365,0.25,0.4570162067891553,0.26930141191004886,1,29.3974936761482,0.175
0.39091034008233005,0.2871171390091608,0.581153996380978,0.35405990509843716,0.7993661288453502,0.8557221950494591,0.6173474430237816,0.03673510800846924,0.4,0.5617071114111687,0.901542379194018,1,50.89093299113259,0.22
0.29720870558423407,0.47686490758386807,0.6127287482567934,0.3482792286387326,0.2977476601316654,0.8780197449615861,0.6269565109606975,0.890056362620577,0.5,0.5080918424901399,0.08947957687613262,4,155.0,0.9
0.597121450543868,0.4540863103190893,0.42207499778150603,0.39773647747489305,0.3845285020492878,0.5047274558073246,0.8625924421709139,0.7620313577583628,0.25,0.42188907887060956,0.4514345121083978,1,40.468304293610295,0.175
0.28006953092570297,0.3829485717670752,0.6835883418451152,0.2561918084596323,0.3775011312872688,0.022630286041455228,0.8803395631577052,0.7863568464828194,0.4,0.5016775965264472,0.34129135311177505,1,42.75166352458278,0.22
0.7270650083059915,0.25912309011829987,0.3991174032646446,0.5334683955902993,0.4491608307164643,0.5462404871401861,0.20431201713405467,0.4121010898358686,0.25,0.5583520533142146,0.8798504785006029,2,33.8674128838393,0.175
0.6608127719844819,0.2789705499407022,0.27760622323213757,0.5456079685639492,0.16319542701145384,0.21056957359083595,0.8463694933234275,0.3624723777781693,0.1,0.3745712367952428,0.5180761323371474,1,20.093073115228265,0.13
0.36101064782262793,0.5544761533598948,0.651320761611242,0.2422787810431498,0.8147233229263613,0.4738998640477783,0.07077777590577183,0.36152718860620114,0.6,0.5402980941759287,0.2903741822069038,3,55.01530573145189,0.28
0.6644717676927805,0.22067194599494278,0.6943544019088472,0.7365899778800176,0.15827345461101494,0.6935764146263426,0.9113940468174694,0.7630755641133439,0.9,0.3029096543257325,0.5243011757880086,1,78.14569691132107,0.37
0.5671003613534304,0.7413404177192957,0.6520955131707322,0.2244010250735971,0.7784376086460458,0.8618665466937664,0.7766646507819148,0.5685732524066918,0.9,0.6390460210480633,0.11244620561216812,4,215.0,1.2200000000000002
0.2020960193113568,0.2114391691822461,0.4485488279556594,0.5428604361147154,0.7142762894600024,0.4159547538959927,0.07078797589879349,0.7055797953447873,0.9,0.566616936363938,0.7312027325564641,1,73.30530561980122,0.37
0.464809502485291,0.5724216791980092,0.44728144876208326,0.22341009171071377,0.7216609640901431,0.22372259042900566,0.9539415638253056,0.052511432639493205,0.6,0.7046279356919791,0.6183375544599102,3,49.418098797211684,0.28
0.32439168766806137,0.7459433301325906,0.3902251107342657,0.3786211557596012,0.7359590482778835,0.9684783886273255,0.3091497776999804,0.9124654181083803,0.75,0.36077455994403834,0.6007087810609352,2,76.135351392567,0.32499999999999996
0.2840356269605459,0.7429290471654277,0.3267526268759293,0.5557546119896194,0.8264362532304692,0.7441094652712344,0.953791567807862,0.6540570748084019,0.1,0.6425373486235627,0.4378443530084093,0,29.380131513546416,0.13
0.22312610198370747,0.23655978153484536,0.5942134335260103,0.5493424895656984,0.4948806523657331,0.6756810218020656,0.4118237925774374,0.3248871734128852,0.25,0.6177838698221955,0.29424415309399077,1,36.50846852703977,0.175
0.5740893175913605,0.3270337239304496,0.7416889403872324,0.5071063391870351,0.08224562503152744,0.3780085784103957,0.8031950584856857,0.9454357882565474,0.6,0.47778055144573883,0.06538065273452143,4,170.0,0.98
0.7332514947477786,0.2902938041364591,0.42280473041270394,0.384627035443654,0.9751517175730425,0.20652587096001496,0.5714317619759536,0.5757481583675101,0.9,0.453435351884716,0.9470325041280537,1,76.50440792047374,0.37
0.6152912096882244,0.6111642898578002,0.46759908632583685,0.20888140231953498,0.1760475445553369,0.5816282027694392,0.3627628403177876,0.9424064359661544,0.9,0.3647129412743709,0.4165539215589015,3,81.01758072143241,0.37
0.29636314004896946,0.22764611691031514,0.6658580130870484,0.35937436201377193,0.2552022002257164,0.8349611955083494,0.8968556283127211,0.7358722555328657,0.6,0.33207127809300924,0.4959217039488859,0,56.463661844785335,0.28
0.2648574502953703,0.3947948009048752,0.2425091238914995,0.7383714241944483,0.2146772778894641,0.26036906836646867,0.9711178654697421,0.07582906612114382,0.1,0.4065271137476718,0.3757667547931014,0,20.021561157668973,0.13
0.37325434574128946,0.7131866843893919,0.5755007799732891,0.5113588430831963,0.11708590720412604,0.9785697343780232,0.77689477419072,0.7463838510602108,0.9,0.3433458129483386,0.9878773506736778,0,83.5557493529859,0.37
0.46152334841735126,0.5780590587418633,0.5774514334503926,0.20578658341842043,0.16020776114570034,0.48893883152641904,0.8407626024845618,0.3288707012092227,0.4,0.7004253080051916,0.7961720106186995,3,40.11520877003161,0.22
0.6992810600405865,0.40237988124070884,0.3943002168486476,0.4236247991356469,0.1927651324144105,0.010945317768133012,0.622542484860761,0.2938103102817945,0.1,0.31250581020926477,0.09576022478136914,4,95.0,0.5800000000000001
0.5769055429199137,0.4068097548273279,0.4056070840599616,0.234905683795644,0.8636724268785406,0.28351808675954027,0.15157581218450333,0.9604475120043181,0.75,0.519246070381454,0.6081750647072628,3,73.42027768213934,0.32499999999999996
0.4291529154348106,0.28221316237406463,0.6705740897328792,0.3839810957585077,0.9647770122545095,0.6850238283527401,0.9283857025962712,0.16183358124878278,0.25,0.5551618732465733,0.48463457365243723,3,32.719088788497295,0.175
0.7284770689339188,0.5764904014118402,0.615883344155028,0.7212631497715103,0.4603408599702943,0.20415889096427808,0.4787832581950291,0.7911779987468056,0.4,0.545368522439128,0.7933520352196407,1,60.28681479806886,0.22
0.3314141211991658,0.512010033330747,0.22239919247200923,0.25541727837563183,0.8449278470000635,0.004164394267699989,0.38950339669986234,0.9940686871124756,0.6,0.5563619671280405,0.9973160121568533,0,67.54474275713571,0.28
0.4016228059828334,0.5753760178437173,0.657431481323044,0.34102231136041006,0.5893149618150351,0.29619592969795183,0.38899426004176285,0.32256374663379284,0.9,0.6191137935064609,0.744306740602412,3,83.12604889919166,0.37
0.611992467500684,0.3233601365964275,0.20333058336398208,0.2299271637256539,0.4475984300304344,0.44448663359163554,0.5068633051974636,0.46450600719232327,0.9,0.44475989737654914,0.8649288208049933,1,83.17239687375913,0.37
0.5220572425431468,0.47343115035187255,0.3487338753611877,0.20360132223155464,0.5161136849564841,0.027988950325183004,0.0544268964772433,0.37114397320797776,0.25,0.5115641499257714,0.5026355023558151,2,30.009786193624105,0.175
0.5124056920893707,0.6496836502563084,0.2376996828578582,0.6050609515665942,0.8849415642419681,0.7908323034015842,0.11015364191156385,0.49483095874334804,0.25,0.46383929402200924,0.37359799036096353,2,28.05004147714075,0.175
0.5489984310802374,0.4636451247106242,0.22658774523682873,0.7079642790157628,0.6045872709781563,0.4811892428350897,0.6975666369790611,0.9972631580895212,0.75,0.6637096611265243,0.6432796815053643,2,68.94993065149208,0.32499999999999996
0.4625925439097085,0.4197838284846622,0.6738114711482542,0.6650680259410559,0.0964741299371713,0.5155340314570022,0.5123714629625533,0.5623787977306822,0.4,0.7635567838105176,0.7494184137360973,0,48.66282187891708,0.22
0.5999935241500132,0.6561479905950047,0.2683806645406173,0.618503555294188,0.1669674559829577,0.6383577909892191,0.04434092258877631,0.7411234869318217,0.1,0.3510899765803925,0.22753393320403048,2,17.499268921488813,0.13
0.3804187456412703,0.6771221364075528,0.40362730629277255,0.2298671736660415,0.6631595256401122,0.33042366841266313,0.9889893611000494,0.8287783826711782,0.6,0.24625554013032938,0.5033874798597817,3,61.38599501354697,0.28
0.42790913022370114,0.6162273692919988,0.47551263353866857,0.6199986514949326,0.5395356350440232,0.9905104099356066,0.83009064372828,0.1379772801366147,0.6,0.5718702295137934,0.11379098679086519,4,170.0,0.98
0.21940055747635887,0.297440311980566,0.5099843620735367,0.41192256461619736,0.5910606041894271,0.5808576366829495,0.6529451717194997,0.9407565915774286,0.9,0.6346382861039912,0.2163528132792344,1,82.76436190680084,0.37
0.5740966590186098,0.7294048282162322,0.5629240783852827,0.42954959218542993,0.49203191330584284,0.07738146368381527,0.4793313605253495,0.7877943869151429,0.5,0.7456635254127947,0.8818588901432304,0,76.07924340613728,0.25
0.4983002101438374,0.7020545649328938,0.5701440856642171,0.6417487237649904,0.35860877479355013,0.027104905920941835,0.30324322190664277,0.682149944702962,0.75,0.5930030860232269,0.14473198263072629,4,192.5,1.1
0.3658351250058435,0.60937663626105,0.276687253136924,0.6123765890228696,0.08600942808588152,0.37596480868924853,0.13313083500083545,0.4759285917311892,0.5,0.675387585517287,0.811348251802212,2,46.56015819441297,0.25
0.6848572260413335,0.695127856879382,0.26412453357895627,0.6564351289155539,0.14151349177208772,0.10903697500971032,0.6977987919285027,0.15800158863701075,0.9,0.7084820797625891,0.37259574325304046,2,81.61863328383045,0.37
0.2604650875224202,0.46311832430551964,0.5753868413273908,0.4663370113314621,0.15479579458382753,0.592519175466111,0.04359381156584852,0.032992628800192825,0.5,0.6840277269579795,0.6635213755437992,0,46.12696705079721,0.25
0.386950281215581,0.5761016366227205,0.5634833263087917,0.5205909603410619,0.4314462689471066,0.3650954832245593,0.5446194021654954,0.9934846172902484,0.6,0.6109441239453554,0.9103263716424052,0,65.40736610251008,0.28
0.49063576562720257,0.5881569445172861,0.4216703811856334,0.23782253625828612,0.4347064960257918,0.5760583774571914,0.9192436261790266,0.48317910302138356,0.9,0.3400356192950605,0.7808986800827582,3,76.28905439039465,0.37
0.495599980605173,0.5979005537341102,0.36453794918883675,0.2774131259747628,0.7811205255721377,0.548652535942732,0.6372072478236543,0.9325024402771707,0.9,0.49955348531994165,0.8259411197984569,3,86.26378547832175,0.37
0.7015126567891656,0.6750623156104077,0.5401388206102256,0.6326339345372419,0.000703768317688036,0.9009398892519755,0.4976920196570388,0.6067643692415541,0.4,0.5381730042485506,0.261149070103343,2,60.95676616599947,0.22
0.7328429231259319,0.5130924393997625,0.3342999265301869,0.5513465947929417,0.4500579719625114,0.26091862935232357,0.06600719011692313,0.9451257094832697,0.5,0.4881019168042825,0.36167460362704995,2,48.54455766530589,0.25
0.7030265218552496,0.579581510769164,0.21443221513217173,0.7044229321243838,0.6238762062747361,0.8734707374618105,0.2908082830548798,0.27799894919878765,0.6,0.49582877344656034,0.7327920205396589,1,94.45953169763968,0.28
0.6145213903896825,0.4210070573685689,0.7431205391419862,0.5969236330595509,0.3357844447072895,0.23103822893940773,0.4979707133846316,0.9362415471612012,0.1,0.6968570878552122,0.7772345866212858,1,22.101257277275444,0.13
0.6539925950096305,0.7187416075874102,0.22176815559658636,0.6259309142201732,0.8760626716299819,0.49510045396198965,0.3487624658260249,0.6116878027635583,0.25,0.40582618255313896,0.7900522676008784,2,31.293488533973385,0.175
0.41249053944679115,0.6779912570943262,0.6833927207632782,0.6557401587764811,0.6122581334790421,0.6837640890040149,0.5356000258314548,0.02675526020670249,0.6,0.6006621127073257,0.7401079814042882,3,97.54480719373794,0.28
0.6285603221090365,0.636855559043713,0.36310387539688416,0.42359051336951503,0.0760465173472934,0.9737749854048381,0.7462352951331873,0.9482468986022224,0.1,0.5402270743467386,0.2316226112425449,0,24.60183370667055,0.13
0.26328018988668356,0.6568253370238878,0.5553035617035623,0.5369941933141402,0.3395256010183033,0.5349494183132941,0.32195191908664933,0.9089350467822876,0.6,0.3932159140203054,0.289086640155928,0,55.81392828227429,0.28
0.33534292150860134,0.5382698462283746,0.4500034488496348,0.7473978436660893,0.2877333831660933,0.6938113038714862,0.17505557489113266,0.10525145107667266,0.5,0.36578293550398133,0.9420410075640557,0,51.92938185635373,0.25
0.6746875500055909,0.4892905850486065,0.6446505620142715,0.29047775047208607,0.15563456430634126,0.529455266616154,0.8445410405091966,0.9992797251729059,0.5,0.2875530373449765,0.5538603817453274,3,60.22417267590251,0.25
0.25577027451963086,0.5468579398214501,0.5997322053663909,0.22918104162570735,0.6226830438277805,0.5336035318471664,0.7868825904651726,0.06374420255455882,0.75,0.5614070935401316,0.7544504012773732,0,69.72791322309385,0.32499999999999996
0.3105298431588012,0.4954973873073606,0.23454912977385364,0.4332290599560349,0.8093972353459399,0.7583795409918271,0.5295415261049545,0.022986975746400073,0.25,0.4926807545981283,0.5991956795594215,3,32.399569827633584,0.175
0.4651438787020656,0.7069953526760884,0.3736220730177344,0.29276766038926894,0.20219698052466417,0.36971259940431145,0.9412222259289457,0.6384888241900477,0.75,0.3971924359458514,0.9245018652468179,3,72.6009257418532,0.32499999999999996
0.20412954229543595,0.26688445832400665,0.6129762993516368,0.4447070353563807,0.5100926132488267,0.48842642040581474,0.7799757316191496,0.3236302389646083,0.75,0.26566491384689644,0.8687818180963168,0,64.76961005612777,0.32499999999999996
0.30929877350511087,0.7131652318771369,0.6331460751412984,0.26290058024241647,0.09452480378514327,0.6770433077897705,0.32901600790391095,0.32559283698175656,0.9,0.5547869207420384,0.2613747913556239,3,75.93400166320936,0.37
0.34792654519134225,0.6671928153894627,0.5808374172885811,0.7200498678443044,0.45471523609412967,0.24273402173534864,0.9217025298071271,0.8469704221724977,0.75,0.47884556113173227,0.8847094719558888,2,113.2896302747793,0.32499999999999996
0.24193719093830215,0.6264761726053016,0.24202627871396049,0.3851640646307005,0.9910883309730614,0.9645487959306626,0.3144553452135509,0.38059795868078516,0.5,0.4112281748463264,0.30003935878031307,2,47.699503980644565,0.25
0.6128678224964293,0.591055485838946,0.20116480272713386,0.31106861306783257,0.6982579903000729,0.015845902553231817,0.9938888853887858,0.010843082066116505,0.4,0.3798784839100916,0.44098045143066167,2,49.94478644198162,0.22
0.6282155221044587,0.2693811319380969,0.37950839827778027,0.30113922879297766,0.5314859251023113,0.6687003121303704,0.9141463079551363,0.64413632077811,0.75,0.4707249720277773,0.851233578118903,1,71.35685503953042,0.32499999999999996
0.2612999944758553,0.6601441599276563,0.2337379596685093,0.49482747157760826,0.5969687997034011,0.30035929915030724,0.5909213949620363,0.7497015129922744,0.9,0.5594560163823639,0.3240190753390071,0,79.8723601578376,0.37
0.5809687814400827,0.2316746202599136,0.5483847238564631,0.3837360333826232,0.5155916789551758,0.7796352982871245,0.06961304687418479,0.3353774509995945,0.25,0.4592784070559452,0.2907719181874995,3,35.31417772100785,0.175
0.6584498730757524,0.6387127922198481,0.6366477704691555,0.4192649162891322,0.9598139340640396,0.3234444130656279,0.6218553018155858,0.5198847576668167,0.4,0.35176712357878975,0.66865684939592,1,70.20928630903938,0.22
0.6524015043627268,0.5464901022060642,0.4082759609158384,0.24436847550048016,0.9366240133227147,0.16277187640605217,0.2993880995097592,0.8623773054308611,0.5,0.49332189001507565,0.999676362413976,2,56.74024579978396,0.25
0.2367504019733057,0.3382708989411102,0.36477155447756704,0.7101405602959292,0.6662025447731985,0.5430493606690497,0.39490039199118854,0.4113154330205101,0.1,0.6315295176709735,0.13105698109144814,1,325.70170249784337,1.63
0.7499659296279555,0.2790206160975992,0.7185225319794961,0.5885970064268877,0.9349226827645013,0.6710756045338119,0.9290983864151366,0.9721861087879932,0.4,0.5056431187834344,0.701060646519703,1,47.80617830026696,0.22
0.4742344926015886,0.7250776516418975,0.5925312502767153,0.5265099871654919,0.5470080061031949,0.6098889452313125,0.6563649290710665,0.8391690028798522,0.25,0.5091689540951106,0.5269553879052183,0,41.979977559570884,0.175
0.3152397202108632,0.3344441735289344,0.701325954836435,0.3182713296570222,0.6590717126063012,0.11464742218243018,0.9424301095541664,0.6609343584536336,0.75,0.45981863213918966,0.4106174903087034,1,68.06359490871515,0.32499999999999996
0.2177683078620619,0.3464249038365002,0.46430564578672734,0.410080618402687,0.8699172717895419,0.4247377457819681,0.4747163578906174,0.6888563527225336,0.5,0.389192249547916,0.7498587497078161,1,54.622217656163635,0.25
0.7146916492355309,0.43021572444227585,0.6889789782156486,0.5270646136940988,0.7764039863320484,0.07845870998204973,0.4073428335260443,0.769856380293839,0.6,0.38503056377792816,0.5548363294096091,1,63.82838629304634,0.28
0.4882685698265189,0.2881075979599162,0.3490675525791225,0.6769417272504652,0.9922359301463108,0.01164245119625329,0.26480822744173493,0.46484858190380696,0.1,0.2924945508001356,0.797811148041396,1,17.198170079538926,0.13
0.6289764663155257,0.4460828504469947,0.6999621848475596,0.6505482866977697,0.2229417017682792,0.0269221985576531,0.5395430241053415,0.6493986090396646,0.6,0.6485198720040368,0.7438539447490832,1,64.5635570891079,0.28
0.26164638322095257,0.5332617715912666,0.639363763707445,0.644589270363796,0.41606206099811316,0.3698780796883393,0.985610560179485,0.47752852322016937,0.75,0.5585115289525385,0.9851189839346282,0,67.02960337192789,0.32499999999999996
0.25023764785056946,0.32353614324169877,0.42717162424490474,0.33839710194265626,0.7980694532416885,0.2871741721958021,0.8301882530718321,0.8236996891998969,0.6,0.5109300336241617,0.8108658485300462,1,58.65587997413768,0.28
0.25991598068389743,0.5458402363135288,0.47911039834575136,0.2852443648642047,0.2677021214430233,0.6558549521417054,0.6820149766873508,0.4426155289437177,0.75,0.5376150191429945,0.06679979742859687,4,192.5,1.1
0.5225100979523922,0.23410822437355533,0.410672582600321,0.6358848799472129,0.7737800628774386,0.3068852611969892,0.48427183911761573,0.9901517058297904,0.1,0.5431182457134475,0.7795792955441254,1,21.131616418263363,0.13
0.6895273001108615,0.33487904803975654,0.6727298394440675,0.6904667790701775,0.17867567165299936,0.14778272201724918,0.1421986873968969,0.9981092718345718,0.5,0.4086168759650744,0.6497032202079509,1,49.8038893426008,0.25
0.5337852675321668,0.7401978436936292,0.3353967023160438,0.23793582765626148,0.15991327659359522,0.19023923683194066,0.6947865854074224,0.7594966248048913,0.5,0.4598695521575654,0.08979035022694515,3,354.1980855734344,1.75
0.6638937335359562,0.47001186255975486,0.390549633506002,0.2303780573199956,0.527061305466163,0.9826691191676183,0.03890888032124373,0.6208208690487828,0.9,0.4412177121716064,0.6054892285180937,3,77.78257941522116,0.37
0.2355434633515767,0.24989404787504094,0.3010033863056096,0.7337205083229559,0.6064693194016171,0.3212447872864085,0.8994404700778477,0.5528817061050869,0.6,0.8150942387498129,0.7508036005675395,1,54.81302182746842,0.28
0.35477227813418255,0.6493760152487456,0.21067757921969316,0.37699828360401044,0.24634026815821475,0.08835851620074231,0.10711889353817605,0.8973292462700195,0.9,0.6283556310171735,0.19719451324438886,4,215.0,1.2200000000000002
0.6984058381423246,0.30177243058481806,0.3562129362274119,0.6545831849421768,0.25030876233841615,0.9070053016117429,0.12011790879899176,0.9839352570099543,0.1,0.5216236975291858,0.43491164797357673,2,19.568311766138635,0.13
0.26676542754863997,0.22925075492481134,0.7312872152429843,0.4226354672779468,0.8333490708623094,0.11622874159701446,0.0860565028163407,0.8034371824215166,0.5,0.6716562891078315,0.5424862882439079,1,44.179401914379,0.25
0.5618291983779635,0.26991375127074335,0.32109756882677487,0.4529894169879582,0.07806625528967848,0.2621809856747598,0.8012498092667707,0.9075800123483243,0.6,0.6558408402282313,0.4131527185958397,1,55.023750333614686,0.28
0.5713342695858277,0.3612863511196253,0.686548563072023,0.6296292019927898,0.7676520582586871,0.8898928207528701,0.559888313037427,0.7796111620495082,0.1,0.327724133256875,0.8760048029512743,1,31.176626464054138,0.13
0.5033568399721964,0.45256615089180624,0.54074839850838,0.6024147415458749,0.344186328489424,0.7852140689960153,0.6797409074244871,0.5748300636590601,0.6,0.4726937482858087,0.16890320542356285,4,170.0,0.98
0.27422266240989596,0.668952749408487,0.46917153101175985,0.7144391943952535,0.99230132068225,0.4697795248748412,0.6192472375705516,0.5099056868638472,0.25,0.4985563743335796,0.7715555525568549,0,42.10743288920288,0.175
0.7255483178627635,0.21689425155994685,0.41146453667289334,0.489422877285446,0.26051133957595807,0.33036548096672547,0.978785767955941,0.3921104580147069,0.1,0.5771793257434,0.778091192538066,1,21.340315948591076,0.13
0.49677751847005397,0.652316351765855,0.2776071930858227,0.5423654793322076,0.679406267436745,0.5670972636687143,0.8898052718095136,0.7576900780630048,0.6,0.47255105862253927,0.44802996089265923,2,64.87573178916244,0.28
